One_digit_id,Epitope_Convergence_Group_Interface_G_100_epi_SG100AB,Epitope_Convergence_Group_Interface_G_100_epi_SG95AB,Epitope_Convergence_Group_Interface_G_100_epi_SG80AB,Epitope_Convergence_Group_Interface_G_95_epi_SG100AB,Epitope_Convergence_Group_Interface_G_95_epi_SG95AB,Epitope_Convergence_Group_Interface_G_95_epi_SG80AB
7wos_2,-1,-1,-1,-1,-1,-1
7woq_0,-1,-1,-1,-1,-1,-1
7wor_2,-1,-1,-1,-1,-1,-1
7wos_3,-1,-1,-1,-1,-1,-1
7wou_2,-1,-1,-1,-1,-1,-1
7wou_3,-1,-1,-1,-1,-1,-1
7wov_4,-1,-1,-1,-1,-1,-1
7wov_5,-1,-1,-1,-1,-1,-1
7wow_4,-1,-1,-1,-1,-1,-1
7wow_5,-1,-1,-1,-1,-1,-1
7xy8_1,-1,-1,-1,-1,-1,-1
7ugp_2,-1,-1,-1,-1,-1,-1
7ugp_0,-1,-1,-1,-1,-1,-1
7ugp_1,-1,-1,-1,-1,-1,-1
7ugp_3,-1,-1,-1,-1,-1,-1
7ugp_4,-1,-1,-1,-1,-1,-1
7ugp_5,-1,-1,-1,-1,-1,-1
7z12_0,-1,-1,-1,-1,-1,-1
7y0v_0,-1,-1,-1,-1,-1,-1
7tjq_0,-1,-1,-1,-1,-1,-1
7tjq_1,-1,-1,-1,-1,-1,-1
7tjq_2,-1,-1,-1,-1,-1,-1
7tjq_5,-1,-1,-1,-1,-1,-1
7tjq_3,-1,-1,-1,-1,-1,-1
7tjq_4,-1,-1,-1,-1,-1,-1
8cw9_0,-1,-1,-1,-1,-1,-1
8cw9_1,-1,-1,-1,-1,-1,-1
8cw9_2,-1,-1,-1,-1,-1,-1
8cw9_3,-1,-1,-1,-1,-1,-1
8cw9_4,-1,-1,-1,-1,-1,-1
8cw9_5,-1,-1,-1,-1,-1,-1
7ye5_0,-1,-1,-1,-1,-1,-1
7ydy_0,-1,-1,-1,-1,-1,-1
7ye9_0,-1,-1,-1,-1,-1,-1
7yeg_0,-1,-1,-1,-1,-1,-1
8hc4_0,-1,-1,-1,-1,-1,-1
8hc4_1,-1,-1,-1,-1,-1,-1
8hc4_2,-1,-1,-1,-1,-1,-1
8hc4_3,-1,-1,-1,-1,-1,-1
8hc4_4,-1,-1,-1,-1,-1,-1
8hc4_5,-1,-1,-1,-1,-1,-1
8zhe_0,-1,-1,-1,-1,-1,-1
8zhf_0,-1,-1,-1,-1,-1,-1
8zhk_2,-1,-1,-1,-1,-1,-1
8zhn_0,-1,-1,-1,-1,-1,-1
8zhn_1,-1,-1,-1,-1,-1,-1
8zhn_2,-1,-1,-1,-1,-1,-1
8zhn_3,-1,-1,-1,-1,-1,-1
8zhn_4,-1,-1,-1,-1,-1,-1
8zhn_5,-1,-1,-1,-1,-1,-1
7ucg_0,-1,-1,-1,-1,-1,-1
7ucg_1,-1,-1,-1,-1,-1,-1
7ucg_2,-1,-1,-1,-1,-1,-1
7ucg_3,-1,-1,-1,-1,-1,-1
7ucg_4,-1,-1,-1,-1,-1,-1
7ucg_5,-1,-1,-1,-1,-1,-1
7ums_0,-1,-1,-1,-1,-1,-1
7vq0_0,-1,-1,-1,-1,-1,-1
6ch9_1,-1,-1,-1,-1,-1,-1
4ypg_1,-1,-1,-1,-1,-1,-1
4z5r_3,-1,-1,-1,-1,-1,-1
6ui1_0,-1,-1,-1,-1,-1,-1
6ui1_1,-1,-1,-1,-1,-1,-1
6ui1_2,-1,-1,-1,-1,-1,-1
6ul6_0,-1,-1,-1,-1,-1,-1
6ul6_1,-1,-1,-1,-1,-1,-1
7n9t_2,-1,-1,-1,-1,-1,-1
3nid_0,1,-1,-1,1,-1,-1
3t3p_1,1,-1,-1,1,-1,-1
3t3m_1,1,-1,-1,1,-1,-1
4z7q_0,1,-1,-1,1,-1,-1
3nif_1,1,-1,-1,1,-1,-1
5wth_0,-1,-1,-1,-1,-1,-1
1kxq_2,-1,-1,-1,-1,-1,-1
1kxt_0,-1,-1,-1,-1,-1,-1
1kxv_0,-1,-1,-1,-1,-1,-1
4p2c_4,-1,-1,-1,-1,-1,-1
7e8c_4,-1,-1,-1,-1,-1,-1
7e8c_5,-1,-1,-1,-1,-1,-1
7e8c_8,-1,-1,-1,-1,-1,-1
7a3t_0,-1,-1,-1,-1,-1,-1
7ek0_0,-1,-1,-1,-1,-1,-1
7fbk_0,-1,-1,-1,-1,-1,-1
7mji_0,-1,-1,-1,-1,-1,-1
7mjl_0,-1,-1,-1,2,1,-1
7nx9_0,2,1,-1,2,1,-1
7neg_0,2,1,-1,2,1,-1
7nx9_1,-1,-1,-1,-1,-1,-1
7oaq_0,-1,-1,-1,-1,-1,-1
7oaq_1,-1,-1,-1,-1,-1,-1
7oau_0,-1,-1,-1,-1,-1,-1
7ytn_0,-1,-1,-1,-1,-1,-1
8gz5_0,-1,-1,-1,-1,-1,-1
9lyp_0,-1,-1,-1,-1,-1,-1
6ywc_0,-1,-1,-1,-1,-1,-1
7s6k_1,-1,-1,-1,-1,-1,-1
6qgy_1,-1,-1,-1,-1,-1,-1
7p5w_5,3,2,-1,3,2,-1
7p5y_3,3,2,-1,3,2,-1
7p60_1,-1,-1,-1,-1,-1,-1
7p6k_0,-1,-1,-1,-1,-1,-1
7b18_4,-1,-1,-1,-1,-1,-1
7b18_5,-1,-1,-1,-1,-1,-1
6aru_0,-1,-1,-1,-1,-1,-1
1bvk_0,-1,-1,-1,-1,-1,-1
1dqj_0,4,3,-1,4,3,-1
1c08_0,4,3,-1,4,3,-1
1fdl_0,-1,-1,-1,-1,-1,-1
1g7j_0,5,-1,-1,5,-1,-1
1g7m_0,5,-1,-1,5,-1,-1
1g7h_0,5,-1,-1,5,-1,-1
1g7l_0,5,-1,-1,5,-1,-1
1g7i_0,5,-1,-1,5,-1,-1
1ic7_0,6,-1,-1,6,-1,-1
1j1p_0,6,-1,-1,6,-1,-1
1ic4_0,6,-1,-1,6,-1,-1
1j1x_0,6,-1,-1,6,-1,-1
1j1o_0,6,-1,-1,6,-1,-1
1ic5_0,6,-1,-1,6,-1,-1
1jtt_0,-1,-1,-1,-1,-1,-1
1jto_1,-1,-1,-1,-1,-1,-1
1kip_0,7,-1,-1,7,-1,-1
1kiq_0,7,-1,-1,7,-1,-1
1kir_0,7,-1,-1,7,-1,-1
1mel_0,-1,-1,-1,-1,-1,-1
1mlc_0,-1,-1,-1,-1,-1,-1
1ndm_0,-1,-1,-1,-1,-1,-1
1p2c_0,-1,-1,-1,-1,-1,-1
1ri8_0,-1,-1,-1,-1,-1,-1
1rjc_0,-1,-1,-1,-1,-1,-1
1t6v_0,-1,-1,-1,-1,-1,-1
1sq2_0,-1,-1,-1,-1,-1,-1
1ua6_0,-1,-1,-1,-1,-1,-1
1vfb_0,-1,-1,-1,-1,-1,-1
1xfp_0,-1,-1,-1,-1,-1,-1
1xgp_0,8,-1,-1,8,-1,-1
1xgr_0,8,-1,-1,8,-1,-1
1xgq_0,8,-1,-1,8,-1,-1
1xgu_0,8,-1,-1,8,-1,-1
1xgt_0,8,-1,-1,8,-1,-1
1yqv_0,-1,-1,-1,-1,-1,-1
1zmy_0,-1,-1,-1,-1,-1,-1
1zv5_0,-1,-1,-1,-1,-1,-1
1zvh_0,-1,-1,-1,-1,-1,-1
1zvy_0,-1,-1,-1,-1,-1,-1
2dqc_0,9,4,-1,9,4,-1
2dqi_0,9,4,-1,9,4,-1
2eks_0,9,4,-1,9,4,-1
2dqh_0,9,4,-1,9,4,-1
2dqe_0,9,4,-1,9,4,-1
2dqg_0,9,4,-1,9,4,-1
2dqj_0,9,4,-1,9,4,-1
2dqf_0,9,4,-1,9,4,-1
2dqd_0,9,4,-1,9,4,-1
2eiz_0,9,4,-1,9,4,-1
2i26_0,10,5,-1,10,5,-1
2i25_0,10,5,-1,10,5,-1
3d9a_0,11,6,-1,11,6,-1
3hfm_0,11,6,-1,11,6,-1
3a6b_0,11,6,-1,11,6,-1
3a6c_0,11,6,-1,11,6,-1
2znw_1,11,6,-1,11,6,-1
2yss_0,11,6,-1,11,6,-1
2znx_0,11,6,-1,11,6,-1
3a67_0,11,6,-1,11,6,-1
4n1c_0,-1,-1,-1,-1,-1,-1
4n1c_1,-1,-1,-1,-1,-1,-1
4n1e_1,-1,-1,-1,-1,-1,-1
4pgj_0,-1,-1,-1,-1,-1,-1
4ttd_1,12,7,-1,12,7,-1
4tsc_0,12,7,-1,12,7,-1
4tsb_0,12,7,-1,12,7,-1
4u3x_0,-1,-1,-1,-1,-1,-1
6jb5_0,-1,-1,-1,-1,-1,-1
6jb2_0,-1,-1,-1,-1,-1,-1
6jb8_0,-1,-1,-1,-1,-1,-1
8gq1_0,-1,-1,-1,-1,-1,-1
9fgx_0,-1,-1,-1,-1,-1,-1
9fgy_0,-1,-1,-1,-1,-1,-1
5tud_0,-1,-1,-1,-1,-1,-1
7p7a_0,-1,-1,-1,-1,-1,-1
4zyp_0,-1,-1,-1,-1,-1,-1
4zyp_1,-1,-1,-1,-1,-1,-1
4zyp_2,-1,-1,-1,-1,-1,-1
4zyp_3,-1,-1,-1,-1,-1,-1
4zyp_4,-1,-1,-1,-1,-1,-1
4zyp_5,-1,-1,-1,-1,-1,-1
7tb8_0,-1,-1,-1,-1,-1,-1
7tb8_1,-1,-1,-1,-1,-1,-1
7tb8_2,-1,-1,-1,-1,-1,-1
7tb8_3,-1,-1,-1,-1,-1,-1
6ieq_0,-1,-1,-1,-1,-1,-1
5thr_3,-1,-1,-1,-1,-1,-1
5thr_5,-1,-1,-1,-1,-1,-1
5thr_1,-1,-1,-1,-1,-1,-1
7mww_0,-1,-1,-1,-1,-1,-1
7mwx_1,-1,-1,-1,-1,-1,-1
8dk6_0,-1,-1,-1,-1,-1,-1
2ny1_0,-1,-1,-1,-1,-1,-1
2ht3_0,-1,-1,-1,-1,-1,-1
6osv_0,13,8,1,13,8,1
6osh_0,13,8,1,13,8,1
7sp7_0,-1,-1,-1,-1,-1,-1
7sp7_1,-1,-1,-1,-1,-1,-1
4kjq_1,-1,-1,-1,-1,-1,-1
4kk6_1,-1,-1,-1,-1,-1,-1
2exw_0,-1,-1,-1,-1,-1,-1
4ene_0,-1,-1,-1,-1,-1,-1
2fee_0,-1,-1,-1,-1,-1,-1
4kk5_1,-1,-1,-1,-1,-1,-1
1ots_1,-1,-1,-1,-1,-1,-1
4kjp_0,-1,-1,-1,-1,-1,-1
2h2p_1,-1,-1,-1,-1,-1,-1
4kjw_0,-1,-1,-1,-1,-1,-1
6k5f_0,-1,-1,-1,-1,-1,-1
4qci_1,-1,-1,-1,-1,-1,-1
6t9e_1,-1,-1,-1,-1,-1,-1
6do1_0,-1,-1,-1,-1,-1,-1
6do1_1,-1,-1,-1,-1,-1,-1
6do1_2,-1,-1,-1,-1,-1,-1
6do1_3,-1,-1,-1,-1,-1,-1
7k4n_2,-1,-1,-1,-1,-1,-1
7m6f_1,-1,-1,-1,-1,-1,-1
7p40_0,-1,-1,-1,-1,-1,-1
7ny5_2,-1,-1,-1,-1,-1,-1
7lf8_0,-1,-1,-1,-1,-1,-1
3bt2_0,14,-1,-1,14,-1,-1
2fd6_0,14,-1,-1,14,-1,-1
4k24_0,-1,-1,-1,-1,-1,-1
4qti_0,-1,-1,-1,-1,-1,-1
7n8h_1,-1,-1,-1,-1,-1,-1
7n8h_2,-1,-1,-1,-1,-1,-1
7n8h_0,-1,-1,-1,-1,-1,-1
7n8h_3,-1,-1,-1,-1,-1,-1
7n8h_4,-1,-1,-1,-1,-1,-1
7n8h_5,-1,-1,-1,-1,-1,-1
6cwt_1,-1,-1,-1,-1,-1,-1
7wgt_0,-1,-1,-1,-1,-1,-1
7wgd_0,-1,-1,-1,-1,-1,-1
7wlw_0,-1,-1,-1,-1,-1,-1
7k5x_1,-1,-1,-1,-1,-1,-1
7k5y_0,-1,-1,-1,-1,-1,-1
7k5y_1,-1,-1,-1,-1,-1,-1
8vfx_0,-1,-1,-1,-1,-1,-1
7k63_1,-1,-1,-1,-1,-1,-1
7k60_0,-1,-1,-1,-1,-1,-1
7k61_0,-1,-1,-1,-1,-1,-1
7whj_0,-1,-1,-1,-1,-1,-1
7whj_1,-1,-1,-1,-1,-1,-1
7wjz_0,-1,-1,-1,-1,-1,-1
6u51_1,-1,-1,-1,-1,-1,-1
6u52_0,-1,-1,-1,-1,-1,-1
6u55_0,-1,-1,-1,-1,-1,-1
6gs1_0,-1,-1,-1,-1,-1,-1
6gs7_0,-1,-1,-1,-1,-1,-1
6gs4_0,-1,-1,-1,-1,-1,-1
7s1m_0,-1,-1,-1,-1,-1,-1
7s3i_0,-1,-1,-1,-1,-1,-1
7bw0_0,-1,-1,-1,-1,-1,-1
6wmw_0,-1,-1,-1,-1,-1,-1
6wmw_1,-1,-1,-1,-1,-1,-1
6wzl_0,-1,-1,-1,-1,-1,-1
4xi5_0,-1,-1,-1,-1,-1,-1
7jw0_2,-1,-1,-1,-1,-1,-1
5c0r_0,-1,-1,-1,-1,-1,-1
6ot0_0,-1,-1,-1,-1,-1,-1
7eb2_0,-1,-1,-1,-1,-1,-1
7ws5_1,-1,-1,-1,-1,-1,-1
7wwi_1,-1,-1,-1,-1,-1,-1
7wwj_0,-1,-1,-1,-1,-1,-1
7xj6_1,-1,-1,-1,-1,-1,-1
7xj6_2,-1,-1,-1,-1,-1,-1
7xj6_3,-1,-1,-1,-1,-1,-1
7xj8_0,-1,-1,-1,-1,-1,-1
7xj8_1,-1,-1,-1,-1,-1,-1
7xj8_2,-1,-1,-1,-1,-1,-1
8k45_1,-1,-1,-1,-1,-1,-1
6olp_0,-1,-1,-1,-1,-1,-1
7n9e_0,-1,-1,-1,-1,-1,-1
1nfd_1,-1,-1,-1,-1,-1,-1
5h35_2,-1,-1,-1,-1,-1,-1
6i07_1,-1,-1,-1,-1,-1,-1
5m94_0,-1,-1,-1,-1,-1,-1
5m95_0,-1,-1,-1,-1,-1,-1
4wgw_1,-1,-1,-1,-1,-1,-1
4wgv_0,-1,-1,-1,-1,-1,-1
6hjx_1,-1,-1,-1,-1,-1,-1
6hjy_3,-1,-1,-1,-1,-1,-1
6nfc_0,-1,-1,-1,-1,-1,-1
6nfc_1,-1,-1,-1,-1,-1,-1
6nfc_3,-1,-1,-1,-1,-1,-1
6awn_0,-1,-1,-1,-1,-1,-1
6w2b_0,-1,-1,-1,-1,-1,-1
6w2c_0,-1,-1,-1,-1,-1,-1
6ck9_1,-1,-1,-1,-1,-1,-1
7d5q_0,-1,-1,-1,-1,-1,-1
1a2y_0,-1,-1,-1,-1,-1,-1
4kfz_1,-1,-1,-1,-1,-1,-1
5f7k_1,-1,-1,-1,-1,-1,-1
5f7m_0,-1,-1,-1,-1,-1,-1
5f7y_0,-1,-1,-1,-1,-1,-1
5f7n_0,-1,-1,-1,-1,-1,-1
5f7w_1,-1,-1,-1,-1,-1,-1
7zqt_0,-1,-1,-1,-1,-1,-1
7zqt_1,-1,-1,-1,-1,-1,-1
7zqt_2,-1,-1,-1,-1,-1,-1
7zqt_3,-1,-1,-1,-1,-1,-1
5a3i_1,-1,-1,-1,-1,-1,-1
6tys_2,-1,-1,-1,-1,-1,-1
6m0z_0,-1,-1,-1,-1,-1,-1
6m47_0,-1,-1,-1,-1,-1,-1
6m3z_0,-1,-1,-1,-1,-1,-1
3v7a_0,-1,-1,-1,-1,-1,-1
4x7e_0,-1,-1,-1,-1,-1,-1
4x7f_1,-1,-1,-1,-1,-1,-1
5o03_1,-1,-1,-1,-1,-1,-1
5o04_1,-1,-1,-1,-1,-1,-1
5o04_0,-1,-1,-1,-1,-1,-1
5o04_2,-1,-1,-1,-1,-1,-1
5o04_3,-1,-1,-1,-1,-1,-1
5o05_0,-1,-1,-1,-1,-1,-1
5omm_0,-1,-1,-1,-1,-1,-1
5omn_0,-1,-1,-1,-1,-1,-1
8en2_1,-1,-1,-1,-1,-1,-1
6i3z_0,-1,-1,-1,-1,-1,-1
9ggp_0,-1,-1,-1,-1,-1,-1
6vpx_0,-1,-1,-1,-1,-1,-1
6vpx_3,-1,-1,-1,-1,-1,-1
2aep_0,-1,-1,-1,-1,-1,-1
2aeq_0,-1,-1,-1,-1,-1,-1
7kji_0,-1,-1,-1,-1,-1,-1
4liq_0,-1,-1,-1,-1,-1,-1
6h2y_0,-1,-1,-1,-1,-1,-1
5g5r_0,-1,-1,-1,-1,-1,-1
5g5x_0,-1,-1,-1,-1,-1,-1
7kmd_0,-1,-1,-1,-1,-1,-1
6cw3_0,-1,-1,-1,-1,-1,-1
3v0a_0,-1,-1,-1,-1,-1,-1
5l21_0,-1,-1,-1,-1,-1,-1
7sla_0,-1,-1,-1,-1,-1,-1
4xpf_0,-1,-1,-1,-1,-1,-1
5xjm_0,-1,-1,-1,-1,-1,-1
7p14_0,-1,-1,-1,-1,-1,-1
7p16_0,-1,-1,-1,-1,-1,-1
5f9a_0,-1,-1,-1,-1,-1,-1
5f9d_0,-1,-1,-1,-1,-1,-1
7r4i_0,-1,-1,-1,-1,-1,-1
7r4q_1,-1,-1,-1,-1,-1,-1
7r4r_0,-1,-1,-1,-1,-1,-1
7ktx_0,-1,-1,-1,-1,-1,-1
6b20_1,-1,-1,-1,-1,-1,-1
7lxy_1,-1,-1,-1,-1,-1,-1
7lxy_0,-1,-1,-1,-1,-1,-1
7lxy_2,-1,-1,-1,-1,-1,-1
7lxy_3,-1,-1,-1,-1,-1,-1
7lxy_4,-1,-1,-1,-1,-1,-1
7lxy_5,-1,-1,-1,-1,-1,-1
6ddm_0,-1,-1,-1,-1,-1,-1
6ddr_0,-1,-1,-1,-1,-1,-1
7s7i_5,-1,-1,-1,-1,-1,-1
1fj1_1,-1,-1,-1,-1,-1,-1
1osp_0,-1,-1,-1,-1,-1,-1
9byf_0,-1,-1,-1,-1,-1,-1
7mxd_0,-1,-1,-1,-1,-1,-1
7mxd_1,-1,-1,-1,-1,-1,-1
7mxd_2,-1,-1,-1,-1,-1,-1
7mxd_3,-1,-1,-1,-1,-1,-1
7n28_0,-1,-1,-1,-1,-1,-1
7n28_1,-1,-1,-1,-1,-1,-1
7n28_2,-1,-1,-1,-1,-1,-1
7n28_3,-1,-1,-1,-1,-1,-1
5m2m_4,-1,-1,-1,-1,-1,-1
7kpb_0,-1,-1,-1,-1,-1,-1
6dbg_0,-1,-1,-1,-1,-1,-1
7kc1_0,-1,-1,-1,-1,-1,-1
4hkz_0,15,-1,-1,15,-1,-1
4ioi_0,15,-1,-1,15,-1,-1
5u3d_0,-1,-1,-1,-1,-1,-1
6bah_0,16,-1,-1,16,-1,-1
6b9z_0,16,-1,-1,16,-1,-1
6b9y_0,16,-1,-1,16,-1,-1
6bae_0,16,-1,-1,16,-1,-1
5u5m_0,16,-1,-1,16,-1,-1
5u6a_0,16,-1,-1,16,-1,-1
5u5f_0,16,-1,-1,16,-1,-1
7dss_0,-1,-1,-1,-1,-1,-1
7f9y_0,-1,-1,-1,-1,-1,-1
7f9z_1,-1,-1,-1,-1,-1,-1
7wkd_0,17,-1,-1,17,-1,-1
7w55_0,17,-1,-1,17,-1,-1
7wy5_0,-1,-1,-1,-1,-1,-1
8h0p_0,-1,-1,-1,18,-1,-1
8i9a_0,-1,-1,-1,18,-1,-1
8ibu_0,-1,-1,-1,18,-1,-1
8ibv_0,-1,-1,-1,18,-1,-1
8iuk_1,-1,-1,-1,-1,-1,-1
8iul_0,-1,-1,-1,-1,-1,-1
8ium_1,-1,-1,-1,-1,-1,-1
8wz2_0,-1,-1,-1,-1,-1,-1
8y51_0,-1,-1,-1,-1,-1,-1
9itb_0,-1,-1,-1,-1,-1,-1
9ixx_0,-1,-1,-1,-1,-1,-1
7l6v_0,-1,-1,-1,-1,-1,-1
7l6v_1,-1,-1,-1,-1,-1,-1
7l6v_2,-1,-1,-1,-1,-1,-1
7l6v_3,-1,-1,-1,-1,-1,-1
7l6v_4,-1,-1,-1,-1,-1,-1
6os1_0,-1,-1,-1,-1,-1,-1
6m3b_0,-1,-1,-1,-1,-1,-1
6m3c_2,-1,-1,-1,-1,-1,-1
7vae_0,-1,-1,-1,-1,-1,-1
4r4h_0,-1,-1,-1,-1,-1,-1
5l6y_0,-1,-1,-1,-1,-1,-1
6itc_1,-1,-1,-1,-1,-1,-1
3tt1_0,-1,-1,-1,-1,-1,-1
2ny2_0,-1,-1,-1,-1,-1,-1
6gv1_0,-1,-1,-1,-1,-1,-1
5w5x_0,-1,-1,-1,-1,-1,-1
6fuz_0,-1,-1,-1,-1,-1,-1
6xr0_0,-1,-1,-1,-1,-1,-1
5w2b_0,-1,-1,-1,-1,-1,-1
3wfe_0,-1,-1,-1,-1,-1,-1
3o0r_0,-1,-1,-1,-1,-1,-1
3wfc_0,-1,-1,-1,-1,-1,-1
3wfb_0,-1,-1,-1,-1,-1,-1
3wfd_0,-1,-1,-1,-1,-1,-1
5gux_0,-1,-1,-1,-1,-1,-1
6k65_0,-1,-1,-1,-1,-1,-1
7vaf_0,-1,-1,-1,-1,-1,-1
2x7l_0,-1,-1,-1,-1,-1,-1
5dhv_0,-1,-1,-1,-1,-1,-1
5dhy_1,-1,-1,-1,-1,-1,-1
5dhx_0,-1,-1,-1,-1,-1,-1
5dhz_0,-1,-1,-1,-1,-1,-1
3q1s_0,-1,-1,-1,-1,-1,-1
5uwe_0,-1,-1,-1,-1,-1,-1
6w4m_0,-1,-1,-1,-1,-1,-1
9eje_2,-1,-1,-1,-1,-1,-1
9jie_1,-1,-1,-1,-1,-1,-1
9jik_0,-1,-1,-1,-1,-1,-1
9jim_0,-1,-1,-1,-1,-1,-1
9jin_1,-1,-1,-1,-1,-1,-1
9hlw_1,-1,-1,-1,-1,-1,-1
9hvi_0,-1,-1,-1,-1,-1,-1
9hvk_0,-1,-1,-1,-1,-1,-1
9hvk_1,-1,-1,-1,-1,-1,-1
9hvk_3,-1,-1,-1,-1,-1,-1
9hvk_2,-1,-1,-1,-1,-1,-1
8yvm_0,-1,-1,-1,-1,-1,-1
8yvn_1,-1,-1,-1,-1,-1,-1
8zyx_0,-1,-1,-1,-1,-1,-1
5ies_0,18,9,-1,19,9,-1
6d2p_0,18,9,-1,19,9,-1
5if0_1,18,9,-1,19,9,-1
9cf6_0,-1,-1,-1,-1,-1,-1
9cf7_0,-1,-1,-1,-1,-1,-1
9cfa_0,-1,-1,-1,-1,-1,-1
9mic_0,19,10,-1,20,10,-1
9mid_0,19,10,-1,20,10,-1
9mif_0,19,10,-1,20,10,-1
9mj3_0,19,10,-1,20,10,-1
9oao_0,19,10,-1,20,10,-1
9oap_0,19,10,-1,20,10,-1
9oar_1,19,10,-1,20,10,-1
8yj5_0,-1,-1,-1,-1,-1,-1
8yj7_1,-1,-1,-1,-1,-1,-1
8yj7_2,-1,-1,-1,-1,-1,-1
8yj7_3,-1,-1,-1,-1,-1,-1
8yj8_0,-1,-1,-1,-1,-1,-1
9cu5_0,-1,-1,-1,-1,-1,-1
8sw4_5,-1,-1,-1,-1,-1,-1
8sw4_6,-1,-1,-1,-1,-1,-1
9mi0_2,-1,-1,-1,-1,-1,-1
9mi0_4,-1,-1,-1,-1,-1,-1
9mi0_0,-1,-1,-1,-1,-1,-1
9mib_1,-1,-1,-1,-1,-1,-1
9mib_3,-1,-1,-1,-1,-1,-1
9mib_5,-1,-1,-1,-1,-1,-1
9b7g_0,-1,-1,-1,-1,-1,-1
9cy1_0,-1,-1,-1,-1,-1,-1
9ds1_0,-1,-1,-1,-1,-1,-1
9bjh_0,-1,-1,-1,-1,-1,-1
8jsr_0,-1,-1,-1,-1,-1,-1
8jsr_1,-1,-1,-1,-1,-1,-1
7ceb_0,-1,-1,-1,-1,-1,-1
7cec_0,-1,-1,-1,-1,-1,-1
7cec_1,-1,-1,-1,-1,-1,-1
9b9j_0,-1,-1,-1,-1,-1,-1
9b9k_0,-1,-1,-1,-1,-1,-1
5e5m_1,-1,-1,-1,-1,-1,-1
9dq4_0,-1,-1,-1,-1,-1,-1
9dq5_1,-1,-1,-1,-1,-1,-1
1yjd_0,-1,-1,-1,-1,-1,-1
6o8d_0,-1,-1,-1,-1,-1,-1
8s6z_0,-1,-1,-1,-1,-1,-1
8zre_1,-1,-1,-1,-1,-1,-1
8zrr_0,-1,-1,-1,-1,-1,-1
9jub_0,-1,-1,-1,-1,-1,-1
8vdl_0,-1,-1,-1,-1,-1,-1
8wrd_0,-1,-1,-1,-1,-1,-1
8wre_0,-1,-1,-1,-1,-1,-1
8we4_0,-1,-1,-1,-1,-1,-1
8wpw_0,-1,-1,-1,-1,-1,-1
8wpw_1,-1,-1,-1,-1,-1,-1
8wpw_2,-1,-1,-1,-1,-1,-1
9atp_0,-1,-1,-1,-1,-1,-1
9au1_0,-1,-1,-1,-1,-1,-1
9au1_1,-1,-1,-1,-1,-1,-1
1fsk_2,-1,-1,-1,-1,-1,-1
7n0u_0,-1,-1,-1,-1,-1,-1
7n0v_0,-1,-1,-1,-1,-1,-1
7rkf_0,-1,-1,-1,-1,-1,-1
4hwb_0,-1,-1,-1,-1,-1,-1
4jm2_0,-1,-1,-1,-1,-1,-1
4jm2_1,-1,-1,-1,-1,-1,-1
7eq1_0,20,-1,-1,21,-1,-1
7ykd_0,20,-1,-1,21,-1,-1
8ia8_0,20,-1,-1,21,-1,-1
8gcm_0,20,-1,-1,21,-1,-1
6xbm_0,20,-1,-1,21,-1,-1
7ejx_0,20,-1,-1,21,-1,-1
7wz4_0,20,-1,-1,21,-1,-1
7y64_0,20,-1,-1,21,-1,-1
7y66_0,20,-1,-1,21,-1,-1
7vgx_0,20,-1,-1,21,-1,-1
7vdl_0,20,-1,-1,21,-1,-1
6xbk_0,20,-1,-1,21,-1,-1
6xbl_0,20,-1,-1,21,-1,-1
6xbj_0,20,-1,-1,21,-1,-1
7vfx_0,20,-1,-1,21,-1,-1
7euo_0,20,-1,-1,21,-1,-1
7w0o_0,20,-1,-1,21,-1,-1
7w0p_0,20,-1,-1,21,-1,-1
8id3_0,-1,-1,-1,-1,-1,-1
8ija_0,21,-1,-1,22,-1,-1
8id4_0,21,-1,-1,22,-1,-1
8id8_0,21,-1,-1,22,-1,-1
8id6_0,21,-1,-1,22,-1,-1
8iw9_0,-1,-1,-1,-1,-1,-1
8jei_0,22,11,-1,23,11,-1
8xgu_0,22,11,-1,23,11,-1
8uuj_0,22,11,-1,23,11,-1
8u1u_0,22,11,-1,23,11,-1
8yh0_0,22,11,-1,23,11,-1
9iv1_0,-1,-1,-1,-1,-1,-1
9j0b_0,23,-1,-1,24,-1,-1
9j0i_0,23,-1,-1,24,-1,-1
6fv0_0,-1,-1,-1,-1,-1,-1
6ru5_0,-1,-1,-1,-1,-1,-1
5lqb_0,-1,-1,-1,-1,-1,-1
7o9w_0,-1,-1,-1,-1,-1,-1
6ad0_0,-1,-1,-1,-1,-1,-1
6nyq_0,-1,-1,-1,-1,-1,-1
1h0d_0,-1,-1,-1,-1,-1,-1
7f12_0,-1,-1,-1,-1,-1,-1
7d6y_0,-1,-1,-1,-1,-1,-1
7d8b_0,-1,-1,-1,-1,-1,-1
7xtp_0,-1,-1,-1,-1,-1,-1
2vc2_0,24,-1,-1,25,-1,-1
3nid_1,24,-1,-1,25,-1,-1
2vdp_0,24,-1,-1,25,-1,-1
2vdl_0,24,-1,-1,25,-1,-1
4z7o_1,24,-1,-1,25,-1,-1
2vdq_0,24,-1,-1,25,-1,-1
2vdo_0,24,-1,-1,25,-1,-1
3ze0_1,24,-1,-1,25,-1,-1
2vdk_0,24,-1,-1,25,-1,-1
2vdn_0,24,-1,-1,25,-1,-1
2vdm_0,24,-1,-1,25,-1,-1
3zdx_1,24,-1,-1,25,-1,-1
4z7q_1,24,-1,-1,25,-1,-1
3zdy_1,24,-1,-1,25,-1,-1
2vdr_0,24,-1,-1,25,-1,-1
6v4p_0,-1,-1,-1,-1,-1,-1
7la4_0,-1,-1,-1,-1,-1,-1
7td8_1,25,-1,-1,26,-1,-1
7tct_1,25,-1,-1,26,-1,-1
9dao_0,-1,-1,-1,-1,-1,-1
7dhi_0,-1,-1,-1,-1,-1,-1
7uij_0,-1,-1,-1,-1,-1,-1
9bif_1,-1,-1,-1,-1,-1,-1
9c1s_1,-1,-1,-1,-1,-1,-1
9irc_0,-1,-1,-1,-1,-1,-1
9jcy_0,-1,-1,-1,-1,-1,-1
9cmc_2,-1,-1,-1,-1,-1,-1
9cmc_3,-1,-1,-1,-1,-1,-1
6d6u_1,-1,-1,-1,-1,-1,-1
9drx_0,-1,-1,-1,-1,-1,-1
8vqy_0,-1,-1,-1,-1,-1,-1
8vrn_0,-1,-1,-1,-1,-1,-1
6x3s_1,-1,-1,-1,-1,-1,-1
6x3t_0,-1,-1,-1,-1,-1,-1
6x3w_0,-1,-1,-1,-1,-1,-1
6x40_0,-1,-1,-1,-1,-1,-1
8dd2_0,-1,-1,-1,-1,-1,-1
8dd3_0,-1,-1,-1,-1,-1,-1
6x3u_0,-1,-1,-1,-1,-1,-1
8sgo_0,-1,-1,-1,-1,-1,-1
8si9_0,-1,-1,-1,-1,-1,-1
6x3x_0,-1,-1,-1,-1,-1,-1
6x3z_0,-1,-1,-1,-1,-1,-1
8sid_0,-1,-1,-1,-1,-1,-1
6x3v_0,-1,-1,-1,-1,-1,-1
6d6t_0,-1,-1,-1,-1,-1,-1
9fg3_1,-1,-1,-1,-1,-1,-1
9fyr_0,-1,-1,-1,-1,-1,-1
9b7r_0,-1,-1,-1,-1,-1,-1
8uzp_1,-1,-1,-1,-1,-1,-1
9bj3_0,-1,-1,-1,-1,-1,-1
9ban_1,-1,-1,-1,-1,-1,-1
9bao_0,-1,-1,-1,-1,-1,-1
8y3h_0,-1,-1,-1,-1,-1,-1
8y3i_0,-1,-1,-1,-1,-1,-1
8z6u_1,-1,-1,-1,-1,-1,-1
8z6w_1,-1,-1,-1,-1,-1,-1
9kt3_0,-1,-1,-1,-1,-1,-1
9ctv_0,-1,-1,-1,-1,-1,-1
8ume_1,-1,-1,-1,-1,-1,-1
7jn5_0,-1,-1,-1,-1,-1,-1
7lm9_0,-1,-1,-1,-1,-1,-1
7x4i_1,-1,-1,-1,-1,-1,-1
8wcg_0,-1,-1,-1,-1,-1,-1
8wcg_1,-1,-1,-1,-1,-1,-1
8wcg_2,-1,-1,-1,-1,-1,-1
8wcg_3,-1,-1,-1,-1,-1,-1
9clp_0,-1,-1,-1,-1,-1,-1
8k9b_0,-1,-1,-1,-1,-1,-1
8k9j_0,-1,-1,-1,-1,-1,-1
8k9m_0,-1,-1,-1,-1,-1,-1
8yky_0,-1,-1,-1,-1,-1,-1
8dcn_0,-1,-1,-1,-1,-1,-1
5w0k_1,-1,-1,-1,-1,-1,-1
7s07_1,-1,-1,-1,-1,-1,-1
7s1b_0,-1,-1,-1,-1,-1,-1
7yp2_0,-1,-1,-1,-1,-1,-1
8khr_0,-1,-1,-1,-1,-1,-1
8tnt_0,-1,-1,-1,-1,-1,-1
8jiz_1,-1,-1,-1,-1,-1,-1
8r9w_0,-1,-1,-1,-1,-1,-1
8r9x_0,-1,-1,-1,-1,-1,-1
8r9y_0,-1,-1,-1,-1,-1,-1
8r9y_1,-1,-1,-1,-1,-1,-1
8r9z_0,-1,-1,-1,-1,-1,-1
8r9z_1,-1,-1,-1,-1,-1,-1
9b2c_0,-1,-1,-1,-1,-1,-1
8fsl_0,-1,-1,-1,-1,-1,-1
8fsl_1,-1,-1,-1,-1,-1,-1
8fsl_2,-1,-1,-1,-1,-1,-1
8fsl_3,-1,-1,-1,-1,-1,-1
8c2r_1,-1,-1,-1,-1,-1,-1
8r1c_0,-1,-1,-1,-1,-1,-1
8go9_1,26,12,-1,27,12,-1
8j8r_0,26,12,-1,27,12,-1
8tui_0,-1,-1,-1,-1,-1,-1
8pnl_1,-1,-1,-1,-1,-1,-1
8fxb_0,-1,-1,-1,-1,-1,-1
8fgx_0,-1,-1,-1,-1,-1,-1
8h08_2,-1,-1,-1,-1,-1,-1
8h08_3,-1,-1,-1,-1,-1,-1
7xdk_0,-1,-1,-1,-1,-1,-1
7xdk_1,-1,-1,-1,-1,-1,-1
7xdk_2,-1,-1,-1,-1,-1,-1
7xdk_3,-1,-1,-1,-1,-1,-1
7xdk_4,-1,-1,-1,-1,-1,-1
7xdk_5,-1,-1,-1,-1,-1,-1
8f6f_0,-1,-1,-1,-1,-1,-1
8f7r_0,-1,-1,-1,-1,-1,-1
7ral_0,-1,-1,-1,-1,-1,-1
8dw9_1,-1,-1,-1,-1,-1,-1
7uny_1,-1,-1,-1,-1,-1,-1
7unz_0,-1,-1,-1,-1,-1,-1
8dyp_0,-1,-1,-1,-1,-1,-1
7uvf_0,-1,-1,-1,-1,-1,-1
8ew6_0,-1,-1,-1,-1,-1,-1
7b5g_0,-1,-1,-1,-1,-1,-1
7ocj_0,-1,-1,-1,-1,-1,-1
7zra_1,-1,-1,-1,-1,-1,-1
7xw6_0,-1,-1,-1,-1,-1,-1
7upl_0,-1,-1,-1,-1,-1,-1
8djk_0,-1,-1,-1,-1,-1,-1
7wp1_0,-1,-1,-1,-1,-1,-1
8cy7_0,-1,-1,-1,-1,-1,-1
7mno_0,-1,-1,-1,-1,-1,-1
6wf1_0,-1,-1,-1,-1,-1,-1
4hc1_1,-1,-1,-1,-1,-1,-1
7lue_1,-1,-1,-1,-1,-1,-1
7s6j_2,-1,-1,-1,-1,-1,-1
5kov_6,-1,-1,-1,-1,-1,-1
6svl_3,-1,-1,-1,-1,-1,-1
5dwu_0,-1,-1,-1,-1,-1,-1
5dmi_0,-1,-1,-1,-1,-1,-1
5dmj_2,-1,-1,-1,-1,-1,-1
5ihl_2,-1,-1,-1,-1,-1,-1
6fax_0,-1,-1,-1,-1,-1,-1
6pe8_0,-1,-1,-1,-1,-1,-1
6pe9_1,-1,-1,-1,-1,-1,-1
8yx1_1,-1,-1,-1,-1,-1,-1
8yx9_3,-1,-1,-1,-1,-1,-1
1ncb_0,-1,-1,-1,-1,-1,-1
7ahv_0,-1,-1,-1,-1,-1,-1
8ol9_0,-1,-1,-1,-1,-1,-1
3u2s_0,-1,-1,-1,-1,-1,-1
6wzm_0,-1,-1,-1,-1,-1,-1
7rmg_0,-1,-1,-1,-1,-1,-1
7rmi_0,-1,-1,-1,-1,-1,-1
7ec5_0,-1,-1,-1,-1,-1,-1
9s37_0,-1,-1,-1,-1,-1,-1
9s37_1,-1,-1,-1,-1,-1,-1
8rex_0,-1,-1,-1,-1,-1,-1
9oaq_0,27,13,-1,28,13,-1
9oas_1,27,13,-1,28,13,-1
9dbo_0,-1,-1,-1,-1,-1,-1
9dl0_1,-1,-1,-1,-1,-1,-1
9gsl_0,-1,-1,-1,-1,-1,-1
9i20_0,-1,-1,-1,-1,-1,-1
8z3m_0,-1,-1,-1,-1,-1,-1
6urm_1,-1,-1,-1,-1,-1,-1
7fah_0,-1,-1,-1,-1,-1,-1
7t3d_0,-1,-1,-1,-1,-1,-1
7t3d_1,-1,-1,-1,-1,-1,-1
7t3d_2,-1,-1,-1,-1,-1,-1
7t3d_3,-1,-1,-1,-1,-1,-1
9dm0_0,-1,-1,-1,-1,-1,-1
9cbn_0,-1,-1,-1,-1,-1,-1
9cbn_1,28,-1,-1,29,-1,-1
9cbn_2,28,-1,-1,29,-1,-1
9b8j_0,-1,-1,-1,-1,-1,-1
8s79_1,-1,-1,-1,-1,-1,-1
8k19_0,-1,-1,-1,-1,-1,-1
8qj2_1,-1,-1,-1,-1,-1,-1
8tv3_0,-1,-1,-1,-1,-1,-1
8yww_0,-1,-1,-1,-1,-1,-1
8yww_1,-1,-1,-1,-1,-1,-1
8yww_2,-1,-1,-1,-1,-1,-1
9fzc_0,-1,-1,-1,-1,-1,-1
8s0m_0,-1,-1,-1,-1,-1,-1
8rh1_0,-1,-1,-1,-1,-1,-1
8rh2_2,-1,-1,-1,-1,-1,-1
8jj1_0,-1,-1,-1,-1,-1,-1
8tzw_0,-1,-1,-1,-1,-1,-1
8jio_0,-1,-1,-1,-1,-1,-1
8kei_0,-1,-1,-1,-1,-1,-1
8jnk_0,-1,-1,-1,-1,-1,-1
8c3k_0,-1,-1,-1,-1,-1,-1
8c3l_0,-1,-1,-1,-1,-1,-1
8tfn_0,-1,-1,-1,-1,-1,-1
8w84_0,-1,-1,-1,-1,-1,-1
8fdo_0,-1,-1,-1,-1,-1,-1
8ty1_0,-1,-1,-1,-1,-1,-1
8bvr_0,-1,-1,-1,-1,-1,-1
8omu_0,-1,-1,-1,-1,-1,-1
8bvs_0,-1,-1,-1,-1,-1,-1
8bw7_0,-1,-1,-1,-1,-1,-1
8c8t_0,-1,-1,-1,-1,-1,-1
7zjl_1,-1,-1,-1,-1,-1,-1
7wp8_0,-1,-1,-1,-1,-1,-1
7wp8_1,-1,-1,-1,-1,-1,-1
7wp8_2,-1,-1,-1,-1,-1,-1
8e99_0,-1,-1,-1,-1,-1,-1
7xst_2,-1,-1,-1,-1,-1,-1
7xst_3,-1,-1,-1,-1,-1,-1
7t76_0,-1,-1,-1,-1,-1,-1
6mto_0,-1,-1,-1,-1,-1,-1
6mtq_0,-1,-1,-1,-1,-1,-1
7rew_0,-1,-1,-1,-1,-1,-1
7mly_1,-1,-1,-1,-1,-1,-1
7mly_2,-1,-1,-1,-1,-1,-1
7pbz_0,-1,-1,-1,-1,-1,-1
7pc0_0,-1,-1,-1,-1,-1,-1
6bf4_0,-1,-1,-1,-1,-1,-1
7nx7_0,-1,-1,-1,-1,-1,-1
7nx7_1,-1,-1,-1,-1,-1,-1
4hfu_0,-1,-1,-1,-1,-1,-1
4hg4_4,29,14,-1,30,14,-1
4hg4_1,29,14,-1,30,14,-1
4hg4_2,29,14,-1,30,14,-1
4hg4_3,29,14,-1,30,14,-1
4hg4_5,29,14,-1,30,14,-1
4hg4_6,29,14,-1,30,14,-1
4hg4_7,29,14,-1,30,14,-1
4mwf_1,-1,-1,-1,-1,-1,-1
5cba_0,-1,-1,-1,-1,-1,-1
5cbe_0,-1,-1,-1,-1,-1,-1
7b18_1,-1,-1,-1,-1,-1,-1
7b18_3,-1,-1,-1,-1,-1,-1
5o0w_3,-1,-1,-1,-1,-1,-1
5vqm_1,-1,-1,-1,-1,-1,-1
6k7o_1,-1,-1,-1,-1,-1,-1
6vn1_2,-1,-1,-1,-1,-1,-1
6xq0_0,-1,-1,-1,-1,-1,-1
7trh_0,-1,-1,-1,-1,-1,-1
7t4q_1,-1,-1,-1,-1,-1,-1
7x2f_0,-1,-1,-1,-1,-1,-1
5imm_0,-1,-1,-1,-1,-1,-1
5imo_0,-1,-1,-1,-1,-1,-1
5c2u_0,-1,-1,-1,-1,-1,-1
7l0l_1,-1,-1,-1,-1,-1,-1
5f97_1,-1,-1,-1,-1,-1,-1
5f93_3,-1,-1,-1,-1,-1,-1
5hd8_0,-1,-1,-1,-1,-1,-1
6ch9_0,-1,-1,-1,-1,-1,-1
6okp_0,-1,-1,-1,-1,-1,-1
6okp_3,-1,-1,-1,-1,-1,-1
6wpt_0,-1,-1,-1,-1,-1,-1
5w9n_1,-1,-1,-1,-1,-1,-1
5w9m_0,-1,-1,-1,-1,-1,-1
5w9k_2,-1,-1,-1,-1,-1,-1
5w9o_1,-1,-1,-1,-1,-1,-1
5w9i_0,-1,-1,-1,-1,-1,-1
5w9h_2,-1,-1,-1,-1,-1,-1
5w9l_0,-1,-1,-1,-1,-1,-1
5w9p_0,-1,-1,-1,-1,-1,-1
5w9j_0,-1,-1,-1,-1,-1,-1
6djp_0,-1,-1,-1,-1,-1,-1
6ujb_0,-1,-1,-1,-1,-1,-1
6ujc_0,-1,-1,-1,-1,-1,-1
9ind_0,-1,-1,-1,-1,-1,-1
7zrc_0,-1,-1,-1,-1,-1,-1
3jba_0,-1,-1,-1,-1,-1,-1
4cdg_1,-1,-1,-1,-1,-1,-1
6ogx_0,-1,-1,-1,-1,-1,-1
6ogx_1,-1,-1,-1,-1,-1,-1
6okm_0,-1,-1,-1,-1,-1,-1
6okn_1,30,-1,-1,31,-1,-1
7yk4_0,30,-1,-1,31,-1,-1
7lbe_0,-1,-1,-1,-1,-1,-1
7lbf_0,31,-1,-1,32,-1,-1
7lbe_1,31,-1,-1,32,-1,-1
7lbf_1,-1,-1,-1,-1,-1,-1
7lbg_0,-1,-1,-1,-1,-1,-1
7lbg_1,-1,-1,-1,-1,-1,-1
7t4r_0,-1,-1,-1,-1,-1,-1
7t4r_3,-1,-1,-1,-1,-1,-1
1otu_1,-1,-1,-1,-1,-1,-1
2exy_1,-1,-1,-1,-1,-1,-1
4kk8_1,-1,-1,-1,-1,-1,-1
4lou_0,-1,-1,-1,-1,-1,-1
7mub_0,-1,-1,-1,-1,-1,-1
7mjt_0,-1,-1,-1,-1,-1,-1
7mk6_0,-1,-1,-1,-1,-1,-1
6q0e_0,-1,-1,-1,-1,-1,-1
6q0i_0,32,15,-1,33,15,-1
6q18_0,32,15,-1,33,15,-1
6q0l_0,32,15,-1,33,15,-1
6q0h_0,32,15,-1,33,15,-1
6whk_0,-1,-1,-1,-1,-1,-1
6xq4_0,-1,-1,-1,-1,-1,-1
6xey_1,-1,-1,-1,-1,-1,-1
4hcr_1,-1,-1,-1,-1,-1,-1
5uty_1,-1,-1,-1,-1,-1,-1
2arj_0,-1,-1,-1,-1,-1,-1
5yhl_0,-1,-1,-1,-1,-1,-1
5ywy_0,-1,-1,-1,-1,-1,-1
7kqe_1,-1,-1,-1,-1,-1,-1
7dfp_0,-1,-1,-1,-1,-1,-1
6qv0_1,-1,-1,-1,-1,-1,-1
6pcu_1,-1,-1,-1,-1,-1,-1
1gc1_0,-1,-1,-1,-1,-1,-1
6mej_0,-1,-1,-1,-1,-1,-1
6mej_1,-1,-1,-1,-1,-1,-1
6rlo_3,-1,-1,-1,-1,-1,-1
6z1v_0,33,16,-1,34,16,-1
6z20_1,33,16,-1,34,16,-1
4jlr_1,-1,-1,-1,-1,-1,-1
6zrv_0,-1,-1,-1,-1,-1,-1
5c1m_0,-1,-1,-1,-1,-1,-1
8qot_0,-1,-1,-1,-1,-1,-1
8qot_1,-1,-1,-1,-1,-1,-1
7so9_0,-1,-1,-1,-1,-1,-1
7so9_1,-1,-1,-1,-1,-1,-1
7so9_2,-1,-1,-1,-1,-1,-1
7so9_3,-1,-1,-1,-1,-1,-1
7so9_4,-1,-1,-1,-1,-1,-1
7so9_5,-1,-1,-1,-1,-1,-1
7soa_0,-1,-1,-1,-1,-1,-1
7k9j_0,-1,-1,-1,-1,-1,-1
7k9k_0,-1,-1,-1,-1,-1,-1
5te4_0,-1,-1,-1,-1,-1,-1
7wed_0,-1,-1,-1,-1,-1,-1
7wef_0,-1,-1,-1,-1,-1,-1
3or7_0,-1,-1,-1,-1,-1,-1
5kjr_0,-1,-1,-1,-1,-1,-1
5t1d_0,-1,-1,-1,-1,-1,-1
6c5v_0,-1,-1,-1,-1,-1,-1
7yoy_0,-1,-1,-1,-1,-1,-1
7yoy_1,-1,-1,-1,-1,-1,-1
8tnn_1,-1,-1,-1,-1,-1,-1
8tnt_1,-1,-1,-1,-1,-1,-1
8too_0,-1,-1,-1,-1,-1,-1
3bsz_0,-1,-1,-1,-1,-1,-1
6vkn_2,-1,-1,-1,-1,-1,-1
7df9_0,-1,-1,-1,-1,-1,-1
7b2p_0,-1,-1,-1,-1,-1,-1
5ngv_0,-1,-1,-1,-1,-1,-1
5nhr_1,-1,-1,-1,-1,-1,-1
7mrz_0,34,-1,-1,35,-1,-1
7oly_0,34,-1,-1,35,-1,-1
4nik_0,-1,-1,-1,-1,-1,-1
7cr5_0,-1,-1,-1,-1,-1,-1
7n0r_1,-1,-1,-1,-1,-1,-1
7n0s_1,-1,-1,-1,-1,-1,-1
7n3c_0,-1,-1,-1,-1,-1,-1
7r98_1,-1,-1,-1,-1,-1,-1
7sts_0,-1,-1,-1,-1,-1,-1
7sue_3,-1,-1,-1,-1,-1,-1
3thm_0,-1,-1,-1,-1,-1,-1
3tje_0,-1,-1,-1,-1,-1,-1
1adq_0,-1,-1,-1,-1,-1,-1
4zfg_0,35,-1,-1,36,-1,-1
8vgp_0,35,-1,-1,36,-1,-1
2dtg_0,-1,-1,-1,-1,-1,-1
2dtg_1,-1,-1,-1,-1,-1,-1
6oej_0,-1,-1,-1,-1,-1,-1
1fns_0,-1,-1,-1,-1,-1,-1
4d9q_1,-1,-1,-1,-1,-1,-1
5i6x_0,-1,-1,-1,-1,-1,-1
5i71_0,-1,-1,-1,-1,-1,-1
5i73_0,-1,-1,-1,-1,-1,-1
5i74_0,-1,-1,-1,-1,-1,-1
6awo_0,-1,-1,-1,-1,-1,-1
5i75_0,-1,-1,-1,-1,-1,-1
6awp_0,-1,-1,-1,-1,-1,-1
6awq_0,-1,-1,-1,-1,-1,-1
7jti_0,-1,-1,-1,-1,-1,-1
6gwq_0,-1,-1,-1,-1,-1,-1
3wxw_0,36,-1,-1,37,-1,-1
6yxd_0,36,-1,-1,37,-1,-1
6ks1_0,36,-1,-1,37,-1,-1
6yxf_0,36,-1,-1,37,-1,-1
6yx9_0,36,-1,-1,37,-1,-1
5lwy_0,36,-1,-1,37,-1,-1
5lx9_0,36,-1,-1,37,-1,-1
6yxg_0,36,-1,-1,37,-1,-1
5lxa_0,36,-1,-1,37,-1,-1
9mlk_1,-1,-1,-1,-1,-1,-1
9kyo_0,-1,-1,-1,-1,-1,-1
9kmi_0,-1,-1,-1,-1,-1,-1
9kmk_0,-1,-1,-1,-1,-1,-1
9kml_0,-1,-1,-1,-1,-1,-1
9kmm_0,-1,-1,-1,-1,-1,-1
9e6k_0,-1,-1,-1,-1,-1,-1
9o58_0,-1,-1,-1,-1,-1,-1
3pgf_0,-1,-1,-1,-1,-1,-1
5bjz_0,-1,-1,-1,-1,-1,-1
5bk1_0,-1,-1,-1,-1,-1,-1
5bk2_0,-1,-1,-1,-1,-1,-1
5gru_0,-1,-1,-1,-1,-1,-1
5gru_1,-1,-1,-1,-1,-1,-1
5gs2_0,-1,-1,-1,-1,-1,-1
5m14_0,-1,-1,-1,-1,-1,-1
5m15_0,-1,-1,-1,-1,-1,-1
9cph_0,-1,-1,-1,-1,-1,-1
9fgv_0,-1,-1,-1,-1,-1,-1
8r4n_0,-1,-1,-1,-1,-1,-1
8v13_0,-1,-1,-1,-1,-1,-1
9gu2_1,-1,-1,-1,-1,-1,-1
8jbg_0,-1,-1,-1,-1,-1,-1
8xof_0,-1,-1,-1,-1,-1,-1
8xog_0,-1,-1,-1,-1,-1,-1
8xoh_0,-1,-1,-1,-1,-1,-1
8xoi_0,-1,-1,-1,-1,-1,-1
8xoj_0,-1,-1,-1,-1,-1,-1
9jh5_1,-1,-1,-1,-1,-1,-1
7r0j_0,-1,-1,-1,-1,-1,-1
8wrz_0,-1,-1,-1,-1,-1,-1
8zyu_0,-1,-1,-1,-1,-1,-1
9ii3_0,-1,-1,-1,-1,-1,-1
9cxd_0,-1,-1,-1,-1,-1,-1
9bu8_0,-1,-1,-1,-1,-1,-1
8y0q_0,-1,-1,-1,-1,-1,-1
9g5k_0,-1,-1,-1,-1,-1,-1
7w53_0,-1,-1,-1,-1,-1,-1
8h4k_0,-1,-1,-1,-1,-1,-1
8hj5_1,-1,-1,-1,-1,-1,-1
8wc9_0,-1,-1,-1,-1,-1,-1
8xor_0,-1,-1,-1,-1,-1,-1
9bis_0,-1,-1,-1,-1,-1,-1
9bit_0,-1,-1,-1,-1,-1,-1
9biu_0,-1,-1,-1,-1,-1,-1
8ut2_0,-1,-1,-1,-1,-1,-1
9at8_0,-1,-1,-1,-1,-1,-1
8hp9_2,-1,-1,-1,-1,-1,-1
8hp9_3,-1,-1,-1,-1,-1,-1
8t5c_0,-1,-1,-1,-1,-1,-1
8t5c_1,-1,-1,-1,-1,-1,-1
8ja3_0,-1,-1,-1,-1,-1,-1
8cr9_0,-1,-1,-1,-1,-1,-1
8crb_0,-1,-1,-1,-1,-1,-1
8h63_0,-1,-1,-1,-1,-1,-1
8h64_0,-1,-1,-1,-1,-1,-1
8p8j_0,-1,-1,-1,-1,-1,-1
6eti_0,-1,-1,-1,-1,-1,-1
7nfd_1,-1,-1,-1,-1,-1,-1
7neq_0,-1,-1,-1,-1,-1,-1
6feq_1,-1,-1,-1,-1,-1,-1
8p8j_2,-1,-1,-1,-1,-1,-1
8u2c_1,-1,-1,-1,-1,-1,-1
8pxo_0,-1,-1,-1,-1,-1,-1
8py4_1,-1,-1,-1,-1,-1,-1
8q7b_1,-1,-1,-1,-1,-1,-1
7yix_1,-1,-1,-1,-1,-1,-1
5d1z_0,-1,-1,-1,-1,-1,-1
5d1z_1,-1,-1,-1,-1,-1,-1
5d1z_2,-1,-1,-1,-1,-1,-1
5d1z_3,-1,-1,-1,-1,-1,-1
7vug_0,37,-1,-1,38,-1,-1
8gag_0,37,-1,-1,38,-1,-1
7v69_0,37,-1,-1,38,-1,-1
7yu7_0,37,-1,-1,38,-1,-1
7yu8_0,37,-1,-1,38,-1,-1
7v68_0,37,-1,-1,38,-1,-1
7v6a_0,37,-1,-1,38,-1,-1
8x3l_0,37,-1,-1,38,-1,-1
6kpf_0,37,-1,-1,38,-1,-1
8xqo_0,37,-1,-1,38,-1,-1
9b65_0,37,-1,-1,38,-1,-1
8guq_0,37,-1,-1,38,-1,-1
9ego_0,37,-1,-1,38,-1,-1
8gus_0,37,-1,-1,38,-1,-1
8gut_0,37,-1,-1,38,-1,-1
8hn8_0,37,-1,-1,38,-1,-1
8hoc_0,37,-1,-1,38,-1,-1
6kpg_0,37,-1,-1,38,-1,-1
8ghv_0,37,-1,-1,38,-1,-1
6n4b_0,37,-1,-1,38,-1,-1
7xk2_0,37,-1,-1,38,-1,-1
7w0m_0,37,-1,-1,38,-1,-1
6zg3_1,-1,-1,-1,-1,-1,-1
5da0_0,-1,-1,-1,-1,-1,-1
7nx3_0,-1,-1,-1,-1,-1,-1
7vne_2,-1,-1,-1,-1,-1,-1
4dk3_0,-1,-1,-1,-1,-1,-1
4dk6_0,-1,-1,-1,-1,-1,-1
4dka_0,-1,-1,-1,-1,-1,-1
6wbv_0,-1,-1,-1,-1,-1,-1
7s0e_0,-1,-1,-1,-1,-1,-1
4c59_0,-1,-1,-1,-1,-1,-1
6h1f_0,-1,-1,-1,-1,-1,-1
5tq2_0,-1,-1,-1,-1,-1,-1
4tvp_0,-1,-1,-1,-1,-1,-1
5c7k_1,-1,-1,-1,-1,-1,-1
5i8h_3,-1,-1,-1,39,17,-1
5fyl_1,-1,-1,-1,39,17,-1
5t3z_0,-1,-1,-1,39,17,-1
5t3z_1,-1,-1,-1,-1,-1,-1
5u7m_0,-1,-1,-1,-1,-1,-1
5u7o_0,-1,-1,-1,-1,-1,-1
6chb_0,-1,-1,-1,-1,-1,-1
6chb_1,-1,-1,-1,-1,-1,-1
6chb_2,-1,-1,-1,-1,-1,-1
6chb_3,-1,-1,-1,-1,-1,-1
6chb_4,-1,-1,-1,-1,-1,-1
6chb_5,-1,-1,-1,-1,-1,-1
6cuf_1,-1,-1,-1,-1,-1,-1
6cuf_2,-1,-1,-1,-1,-1,-1
6cuf_4,-1,-1,-1,-1,-1,-1
6cuf_5,-1,-1,-1,-1,-1,-1
6cuf_7,-1,-1,-1,-1,-1,-1
6cuf_8,-1,-1,-1,-1,-1,-1
6n1v_0,-1,-1,-1,-1,-1,-1
6n1v_1,-1,-1,-1,-1,-1,-1
6n1v_4,-1,-1,-1,-1,-1,-1
6n1v_5,-1,-1,-1,-1,-1,-1
6n1v_6,-1,-1,-1,-1,-1,-1
6n1v_7,-1,-1,-1,-1,-1,-1
7mxe_0,-1,-1,-1,-1,-1,-1
7kde_3,-1,-1,-1,-1,-1,-1
7uoj_0,-1,-1,-1,-1,-1,-1
7uoj_1,-1,-1,-1,-1,-1,-1
7uoj_2,-1,-1,-1,-1,-1,-1
7uoj_3,-1,-1,-1,-1,-1,-1
7uoj_4,-1,-1,-1,-1,-1,-1
7uoj_5,-1,-1,-1,-1,-1,-1
7dw9_0,-1,-1,-1,-1,-1,-1
7wuj_0,-1,-1,-1,-1,-1,-1
8zf9_0,-1,-1,-1,-1,-1,-1
7b2m_0,-1,-1,-1,-1,-1,-1
7b2q_0,-1,-1,-1,-1,-1,-1
5eu7_0,-1,-1,-1,-1,-1,-1
6tyb_0,-1,-1,-1,-1,-1,-1
6wgl_0,-1,-1,-1,-1,-1,-1
7eaj_0,-1,-1,-1,-1,-1,-1
6mlk_0,-1,-1,-1,-1,-1,-1
7a0v_1,-1,-1,-1,-1,-1,-1
7a17_0,-1,-1,-1,-1,-1,-1
2iff_0,-1,-1,-1,-1,-1,-1
7u8l_0,-1,-1,-1,-1,-1,-1
7u8m_1,-1,-1,-1,-1,-1,-1
7u8m_3,-1,-1,-1,-1,-1,-1
7u8m_5,-1,-1,-1,-1,-1,-1
4yx2_0,-1,-1,-1,-1,-1,-1
4fqk_1,-1,-1,-1,-1,-1,-1
6cnv_0,-1,-1,-1,-1,-1,-1
6cnv_1,-1,-1,-1,-1,-1,-1
6fyw_0,-1,-1,-1,-1,-1,-1
6wo4_0,-1,-1,-1,-1,-1,-1
7mhr_0,-1,-1,-1,-1,-1,-1
7mhx_0,-1,-1,-1,-1,-1,-1
7tzf_0,-1,-1,-1,-1,-1,-1
6qno_0,-1,-1,-1,-1,-1,-1
6z2l_0,-1,-1,-1,-1,-1,-1
4k3j_0,-1,-1,-1,-1,-1,-1
8bpk_0,-1,-1,-1,-1,-1,-1
8rcq_0,-1,-1,-1,-1,-1,-1
3loh_0,-1,-1,-1,-1,-1,-1
3loh_1,-1,-1,-1,-1,-1,-1
7ahu_1,-1,-1,-1,-1,-1,-1
9p0x_0,-1,-1,-1,-1,-1,-1
9kqc_0,-1,-1,-1,-1,-1,-1
9mq7_0,-1,-1,-1,-1,-1,-1
9mq8_2,-1,-1,-1,-1,-1,-1
9mq9_0,-1,-1,-1,-1,-1,-1
9mqa_0,-1,-1,-1,-1,-1,-1
9mqd_0,-1,-1,-1,-1,-1,-1
9mqv_0,-1,-1,-1,-1,-1,-1
9fm2_0,-1,-1,-1,-1,-1,-1
9bth_0,-1,-1,-1,-1,-1,-1
9hb3_0,-1,-1,-1,-1,-1,-1
8zym_0,-1,-1,-1,-1,-1,-1
9mer_0,-1,-1,-1,-1,-1,-1
3g9a_0,-1,-1,-1,-1,-1,-1
3k1k_0,-1,-1,-1,-1,-1,-1
8ya0_1,38,-1,-1,40,-1,-1
8ya2_0,38,-1,-1,40,-1,-1
6itc_0,38,-1,-1,40,-1,-1
8xlk_3,-1,-1,-1,-1,-1,-1
9jnn_1,-1,-1,-1,-1,-1,-1
9jnn_3,-1,-1,-1,-1,-1,-1
8ygu_0,-1,-1,-1,-1,-1,-1
9bhl_0,-1,-1,-1,-1,-1,-1
9c44_0,-1,-1,-1,-1,-1,-1
9bdf_1,-1,-1,-1,-1,-1,-1
8vym_3,-1,-1,-1,-1,-1,-1
8y4a_1,-1,-1,-1,-1,-1,-1
8y4c_0,-1,-1,-1,-1,-1,-1
8tpw_0,-1,-1,-1,-1,-1,-1
8tpx_0,-1,-1,-1,-1,-1,-1
3lh2_2,-1,-1,-1,-1,-1,-1
6ukt_0,-1,-1,-1,-1,-1,-1
7rkv_2,-1,-1,-1,-1,-1,-1
4dke_1,-1,-1,-1,-1,-1,-1
4dkf_0,-1,-1,-1,-1,-1,-1
7ttx_0,-1,-1,-1,-1,-1,-1
7te9_0,39,17,-1,41,18,-1
5b3j_1,39,17,-1,41,18,-1
7teb_1,-1,-1,-1,-1,-1,-1
7tee_1,-1,-1,-1,-1,-1,-1
7amp_0,-1,-1,-1,42,-1,-1
7amr_0,-1,-1,-1,42,-1,-1
4krp_0,-1,-1,-1,-1,-1,-1
4krp_1,-1,-1,-1,-1,-1,-1
1egj_0,-1,-1,-1,-1,-1,-1
4ybl_0,-1,-1,-1,-1,-1,-1
4yc2_0,-1,-1,-1,-1,-1,-1
6ch7_0,-1,-1,-1,-1,-1,-1
6ch8_0,-1,-1,-1,-1,-1,-1
4j4p_0,-1,-1,-1,-1,-1,-1
5g64_1,-1,-1,-1,-1,-1,-1
6eyo_1,-1,-1,-1,-1,-1,-1
7ki6_0,-1,-1,-1,-1,-1,-1
6jod_0,-1,-1,-1,-1,-1,-1
7ki4_0,-1,-1,-1,-1,-1,-1
7nik_0,-1,-1,-1,-1,-1,-1
7nil_0,-1,-1,-1,-1,-1,-1
7nir_0,-1,-1,-1,-1,-1,-1
7nj3_0,-1,-1,-1,-1,-1,-1
7nj5_0,-1,-1,-1,-1,-1,-1
7nj7_0,-1,-1,-1,-1,-1,-1
7nk4_0,-1,-1,-1,-1,-1,-1
7nk8_0,-1,-1,-1,-1,-1,-1
7nki_0,-1,-1,-1,-1,-1,-1
6vpx_1,-1,-1,-1,-1,-1,-1
4ki5_0,-1,-1,-1,-1,-1,-1
4ki5_1,40,-1,-1,43,-1,-1
4xzu_1,40,-1,-1,43,-1,-1
7k66_0,-1,-1,-1,-1,-1,-1
2ny6_0,-1,-1,-1,-1,-1,-1
7bb6_0,-1,-1,-1,-1,-1,-1
7bb7_0,-1,-1,-1,-1,-1,-1
7jjo_0,-1,-1,-1,-1,-1,-1
7joz_0,-1,-1,-1,-1,-1,-1
7kh0_0,-1,-1,-1,-1,-1,-1
7ys6_0,-1,-1,-1,-1,-1,-1
8dcr_0,-1,-1,-1,-1,-1,-1
8dcs_0,-1,-1,-1,-1,-1,-1
8hmp_0,-1,-1,-1,-1,-1,-1
3hi1_0,-1,-1,-1,-1,-1,-1
7kmd_1,-1,-1,-1,-1,-1,-1
2b4c_0,-1,-1,-1,-1,-1,-1
4ywg_0,-1,-1,-1,-1,-1,-1
2ht2_0,-1,-1,-1,-1,-1,-1
5jw3_0,-1,-1,-1,-1,-1,-1
7dfb_0,-1,-1,-1,-1,-1,-1
7kc9_1,41,18,2,44,19,2
7kdm_0,41,18,2,44,19,2
7kdu_0,41,18,2,44,19,2
7a6c_0,-1,-1,-1,-1,-1,-1
7a69_0,-1,-1,-1,-1,-1,-1
7a6f_0,-1,-1,-1,-1,-1,-1
7a6e_0,-1,-1,-1,-1,-1,-1
7a65_0,-1,-1,-1,-1,-1,-1
6yio_0,-1,-1,-1,-1,-1,-1
6oq8_0,-1,-1,-1,-1,-1,-1
7so5_0,-1,-1,-1,-1,-1,-1
7so7_0,-1,-1,-1,-1,-1,-1
4dtg_0,-1,-1,-1,-1,-1,-1
6lht_0,-1,-1,-1,-1,-1,-1
8x9b_0,-1,-1,-1,-1,-1,-1
1ahw_1,-1,-1,-1,-1,-1,-1
1jps_0,-1,-1,-1,-1,-1,-1
1uj3_0,-1,-1,-1,-1,-1,-1
5w06_0,42,19,-1,45,20,-1
4m7l_0,42,19,-1,45,20,-1
5w42_0,-1,-1,-1,-1,-1,-1
6f2w_0,-1,-1,-1,-1,-1,-1
6f2g_0,-1,-1,-1,-1,-1,-1
9h76_0,-1,-1,-1,-1,-1,-1
9kyz_0,-1,-1,-1,-1,-1,-1
9e7n_0,-1,-1,-1,-1,-1,-1
9e7o_0,-1,-1,-1,-1,-1,-1
9e7p_0,-1,-1,-1,-1,-1,-1
5en2_0,-1,-1,-1,-1,-1,-1
5w1k_0,-1,-1,-1,-1,-1,-1
5w1k_1,-1,-1,-1,-1,-1,-1
5w1k_2,-1,-1,-1,-1,-1,-1
5w1k_3,-1,-1,-1,-1,-1,-1
5w1k_4,-1,-1,-1,-1,-1,-1
5w1k_5,-1,-1,-1,-1,-1,-1
5w1k_6,43,-1,-1,46,-1,-1
5w1k_7,43,-1,-1,46,-1,-1
9mew_0,-1,-1,-1,-1,-1,-1
9n0d_0,-1,-1,-1,-1,-1,-1
9fm1_0,-1,-1,-1,-1,-1,-1
8s0l_0,-1,-1,-1,-1,-1,-1
8s0n_1,-1,-1,-1,-1,-1,-1
8jj0_0,-1,-1,-1,-1,-1,-1
8tzn_1,-1,-1,-1,-1,-1,-1
9bdi_1,-1,-1,-1,-1,-1,-1
8khc_0,-1,-1,-1,-1,-1,-1
8hp9_4,-1,-1,-1,-1,-1,-1
8hp9_5,-1,-1,-1,-1,-1,-1
8jlx_0,-1,-1,-1,-1,-1,-1
8t5c_2,-1,-1,-1,-1,-1,-1
7ycz_2,-1,-1,-1,-1,-1,-1
8wsq_0,-1,-1,-1,-1,-1,-1
8f5i_1,-1,-1,-1,-1,-1,-1
8hlb_0,-1,-1,-1,-1,-1,-1
8hlb_1,-1,-1,-1,-1,-1,-1
8a95_0,-1,-1,-1,-1,-1,-1
8ag1_0,-1,-1,-1,-1,-1,-1
7f9z_0,-1,-1,-1,-1,-1,-1
8iuk_0,-1,-1,-1,-1,-1,-1
8ium_0,-1,-1,-1,-1,-1,-1
7ymj_0,-1,-1,-1,-1,-1,-1
7y1b_0,-1,-1,-1,-1,-1,-1
7ur6_0,-1,-1,-1,-1,-1,-1
7urv_0,-1,-1,-1,-1,-1,-1
7urx_0,-1,-1,-1,-1,-1,-1
8h8j_0,-1,-1,-1,-1,-1,-1
8hc7_0,-1,-1,-1,-1,-1,-1
7wur_0,-1,-1,-1,-1,-1,-1
7t0l_1,-1,-1,-1,-1,-1,-1
7x46_0,-1,-1,-1,-1,-1,-1
7x47_0,-1,-1,-1,-1,-1,-1
7sk3_1,44,20,-1,47,21,-1
7sk4_1,44,20,-1,47,21,-1
7sk5_0,44,20,-1,47,21,-1
7sk6_0,44,20,-1,47,21,-1
7sk7_0,-1,-1,-1,-1,-1,-1
7sk8_1,45,21,-1,48,22,-1
7sk9_0,45,21,-1,48,22,-1
7ura_0,-1,-1,-1,-1,-1,-1
7urc_0,-1,-1,-1,-1,-1,-1
7urd_0,-1,-1,-1,-1,-1,-1
7ure_0,-1,-1,-1,-1,-1,-1
7ssv_0,-1,-1,-1,-1,-1,-1
2ny3_0,-1,-1,-1,-1,-1,-1
1g6v_0,-1,-1,-1,-1,-1,-1
3hi6_1,-1,-1,-1,-1,-1,-1
6n51_1,-1,-1,-1,-1,-1,-1
7mly_0,-1,-1,-1,-1,-1,-1
4mhj_1,-1,-1,-1,-1,-1,-1
5c0s_0,-1,-1,-1,-1,-1,-1
6lml_0,-1,-1,-1,-1,-1,-1
4fqj_0,-1,-1,-1,-1,-1,-1
7kqg_0,-1,-1,-1,-1,-1,-1
5kte_0,-1,-1,-1,-1,-1,-1
1hez_0,-1,-1,-1,-1,-1,-1
1hez_1,-1,-1,-1,-1,-1,-1
1ynt_1,-1,-1,-1,-1,-1,-1
5f72_0,-1,-1,-1,-1,-1,-1
4np4_0,-1,-1,-1,-1,-1,-1
4np4_1,-1,-1,-1,-1,-1,-1
7bu6_0,-1,-1,-1,-1,-1,-1
1rjl_0,-1,-1,-1,-1,-1,-1
6ss2_0,-1,-1,-1,-1,-1,-1
6ss4_0,-1,-1,-1,-1,-1,-1
6ss6_1,-1,-1,-1,-1,-1,-1
3mj9_0,-1,-1,-1,-1,-1,-1
8hgi_0,-1,-1,-1,-1,-1,-1
9lmo_0,-1,-1,-1,-1,-1,-1
8pet_0,-1,-1,-1,-1,-1,-1
9fax_0,-1,-1,-1,-1,-1,-1
9fau_2,-1,-1,-1,-1,-1,-1
9bti_0,-1,-1,-1,-1,-1,-1
5nuz_1,-1,-1,-1,-1,-1,-1
9qqn_0,46,-1,-1,49,-1,-1
9ghj_0,46,-1,-1,49,-1,-1
7qu2_0,46,-1,-1,49,-1,-1
9mih_0,-1,-1,-1,-1,-1,-1
9d90_0,-1,-1,-1,-1,-1,-1
9mev_0,-1,-1,-1,-1,-1,-1
8ybz_2,-1,-1,-1,-1,-1,-1
8z4e_0,-1,-1,-1,-1,-1,-1
8z4e_1,-1,-1,-1,-1,-1,-1
9bhm_0,-1,-1,-1,-1,-1,-1
7duo_0,-1,-1,-1,-1,-1,-1
8il3_0,-1,-1,-1,-1,-1,-1
9gox_0,-1,-1,-1,-1,-1,-1
8sj6_0,-1,-1,-1,-1,-1,-1
8sj6_1,-1,-1,-1,-1,-1,-1
8v93_0,-1,-1,-1,-1,-1,-1
8v93_1,-1,-1,-1,-1,-1,-1
9d6f_0,-1,-1,-1,-1,-1,-1
9d6f_1,-1,-1,-1,-1,-1,-1
9bdg_2,-1,-1,-1,-1,-1,-1
7lz6_0,-1,-1,-1,-1,-1,-1
8vdf_0,-1,-1,-1,-1,-1,-1
8vyn_0,-1,-1,-1,-1,-1,-1
8vyn_1,-1,-1,-1,-1,-1,-1
8vyn_2,-1,-1,-1,-1,-1,-1
8vyn_3,-1,-1,-1,-1,-1,-1
8vyn_4,-1,-1,-1,-1,-1,-1
8vyn_5,-1,-1,-1,-1,-1,-1
8xqn_0,-1,-1,-1,-1,-1,-1
8xqs_0,-1,-1,-1,-1,-1,-1
8xqt_0,-1,-1,-1,-1,-1,-1
8zcj_0,-1,-1,-1,-1,-1,-1
8yz6_0,-1,-1,-1,-1,-1,-1
8xea_1,-1,-1,-1,-1,-1,-1
8oi2_0,-1,-1,-1,-1,-1,-1
8vye_0,-1,-1,-1,-1,-1,-1
8vye_1,-1,-1,-1,-1,-1,-1
8vye_2,-1,-1,-1,-1,-1,-1
8vye_3,-1,-1,-1,-1,-1,-1
8vye_4,-1,-1,-1,-1,-1,-1
8vye_5,-1,-1,-1,-1,-1,-1
8vye_6,-1,-1,-1,-1,-1,-1
8vye_7,-1,-1,-1,-1,-1,-1
8vye_8,-1,-1,-1,-1,-1,-1
8vyf_0,-1,-1,-1,-1,-1,-1
8vyf_1,-1,-1,-1,-1,-1,-1
8vyg_0,-1,-1,-1,-1,-1,-1
8uf7_0,-1,-1,-1,-1,-1,-1
5y9c_0,-1,-1,-1,-1,-1,-1
7na8_0,-1,-1,-1,-1,-1,-1
7na7_0,-1,-1,-1,-1,-1,-1
5n0a_1,-1,-1,-1,-1,-1,-1
6um5_0,-1,-1,-1,-1,-1,-1
6pwc_0,-1,-1,-1,-1,-1,-1
6icc_0,-1,-1,-1,-1,-1,-1
2i9l_2,-1,-1,-1,-1,-1,-1
4u6h_1,-1,-1,-1,-1,-1,-1
1eo8_0,-1,-1,-1,-1,-1,-1
1ken_0,-1,-1,-1,-1,-1,-1
1qfu_0,-1,-1,-1,-1,-1,-1
3ztj_0,-1,-1,-1,-1,-1,-1
5y2l_0,-1,-1,-1,-1,-1,-1
6apd_0,-1,-1,-1,-1,-1,-1
6apd_1,-1,-1,-1,-1,-1,-1
7luc_0,-1,-1,-1,-1,-1,-1
7luc_1,-1,-1,-1,-1,-1,-1
7luc_2,-1,-1,-1,-1,-1,-1
7luc_3,-1,-1,-1,-1,-1,-1
7luc_4,-1,-1,-1,-1,-1,-1
7luc_5,-1,-1,-1,-1,-1,-1
6xc2_1,-1,-1,-1,-1,-1,-1
6xc3_0,-1,-1,-1,-1,-1,-1
6xc4_0,47,22,-1,50,23,-1
6xc3_1,47,22,-1,50,23,-1
6xc7_0,47,22,-1,50,23,-1
6xc7_1,-1,-1,-1,-1,-1,-1
6xe1_0,-1,-1,-1,-1,-1,-1
6yor_0,48,23,-1,51,24,-1
6ym0_0,48,23,-1,51,24,-1
6yz7_0,-1,-1,-1,-1,-1,-1
6yz5_0,-1,-1,-1,-1,-1,-1
6z2m_0,-1,-1,-1,-1,-1,-1
6zbp_0,49,-1,-1,52,-1,-1
6z2m_3,49,-1,-1,52,-1,-1
6zer_2,-1,-1,-1,-1,-1,-1
6zh9_0,-1,-1,-1,-1,-1,-1
6zh9_1,-1,-1,-1,-1,-1,-1
6zlr_1,-1,-1,-1,-1,-1,-1
7a5s_0,-1,-1,-1,-1,-1,-1
7b17_0,-1,-1,-1,-1,-1,-1
7bz5_0,-1,-1,-1,-1,-1,-1
7d6i_0,-1,-1,-1,-1,-1,-1
7djz_0,-1,-1,-1,-1,-1,-1
7dpm_0,-1,-1,-1,-1,-1,-1
7f5g_0,-1,-1,-1,-1,-1,-1
7f5h_1,-1,-1,-1,-1,-1,-1
7f62_0,-1,-1,-1,-1,-1,-1
7f63_0,-1,-1,-1,-1,-1,-1
7jmw_0,50,24,-1,53,25,-1
7fcq_0,50,24,-1,53,25,-1
7jx3_0,-1,-1,-1,-1,-1,-1
7jx3_1,-1,-1,-1,-1,-1,-1
7jx3_2,-1,-1,-1,-1,-1,-1
7kfv_1,51,25,-1,54,26,-1
7kfx_0,51,25,-1,54,26,-1
7kfy_0,51,25,-1,54,26,-1
7kfw_2,51,25,-1,54,26,-1
7kgj_0,-1,-1,-1,-1,-1,-1
7klh_0,-1,-1,-1,-1,-1,-1
7klg_1,-1,-1,-1,-1,-1,-1
7kn4_1,-1,-1,-1,-1,-1,-1
7kn5_0,-1,-1,-1,-1,-1,-1
7kn5_1,-1,-1,-1,-1,-1,-1
7kn5_2,-1,-1,-1,-1,-1,-1
7kn5_3,-1,-1,-1,-1,-1,-1
7l2c_0,-1,-1,-1,-1,-1,-1
7lm8_0,-1,-1,-1,-1,-1,-1
7lm8_1,-1,-1,-1,-1,-1,-1
7lx5_0,-1,-1,-1,-1,-1,-1
7lx5_1,-1,-1,-1,-1,-1,-1
7m6d_0,-1,-1,-1,-1,-1,-1
7m6d_1,-1,-1,-1,-1,-1,-1
7m7w_0,-1,-1,-1,-1,-1,-1
7m7w_1,-1,-1,-1,-1,-1,-1
7m7w_2,-1,-1,-1,55,-1,-1
7m7w_3,-1,-1,-1,55,-1,-1
7mfu_0,-1,-1,-1,-1,-1,-1
7mfu_1,-1,-1,-1,-1,-1,-1
7mfu_2,-1,-1,-1,-1,-1,-1
7mfu_3,-1,-1,-1,-1,-1,-1
7msq_1,-1,-1,-1,-1,-1,-1
7n9a_0,-1,-1,-1,-1,-1,-1
7nll_1,-1,-1,-1,-1,-1,-1
7oap_0,-1,-1,-1,-1,-1,-1
7oap_1,-1,-1,-1,-1,-1,-1
7oay_1,-1,-1,-1,-1,-1,-1
7r6x_0,-1,-1,-1,-1,-1,-1
7r6x_1,-1,-1,-1,-1,-1,-1
7r6x_2,-1,-1,-1,-1,-1,-1
7r8l_0,-1,-1,-1,-1,-1,-1
7r8l_1,-1,-1,-1,-1,-1,-1
7rbu_0,-1,-1,-1,-1,-1,-1
7rbv_0,-1,-1,-1,-1,-1,-1
7rby_0,-1,-1,-1,-1,-1,-1
7ru4_0,-1,-1,-1,-1,-1,-1
7s0b_0,-1,-1,-1,-1,-1,-1
7s5r_0,-1,-1,-1,-1,-1,-1
7s5r_1,-1,-1,-1,-1,-1,-1
7sn2_0,-1,-1,-1,-1,-1,-1
7spo_0,-1,-1,-1,-1,-1,-1
7spp_0,-1,-1,-1,-1,-1,-1
7swo_0,-1,-1,-1,-1,-1,-1
7swp_0,-1,-1,-1,-1,-1,-1
7sww_0,-1,-1,-1,-1,-1,-1
7u9o_0,-1,-1,-1,-1,-1,-1
7u9p_0,-1,-1,-1,-1,-1,-1
7uaq_0,-1,-1,-1,-1,-1,-1
7ul1_0,-1,-1,-1,-1,-1,-1
7upx_0,-1,-1,-1,-1,-1,-1
7uzc_1,-1,-1,-1,-1,-1,-1
7uzd_0,-1,-1,-1,-1,-1,-1
7voa_0,-1,-1,-1,-1,-1,-1
7vzt_0,-1,-1,-1,-1,-1,-1
7wd2_0,-1,-1,-1,-1,-1,-1
7wd8_0,-1,-1,-1,-1,-1,-1
7wh8_0,-1,-1,-1,-1,-1,-1
7wn2_1,-1,-1,-1,-1,-1,-1
7wnb_0,-1,-1,-1,-1,-1,-1
7ws7_0,-1,-1,-1,-1,-1,-1
7ws2_0,-1,-1,-1,-1,-1,-1
7x2h_1,-1,-1,-1,-1,-1,-1
7x2l_0,-1,-1,-1,-1,-1,-1
7x8w_0,-1,-1,-1,-1,-1,-1
7x8y_0,-1,-1,-1,-1,-1,-1
7x91_0,-1,-1,-1,-1,-1,-1
7x94_0,-1,-1,-1,-1,-1,-1
7x95_0,-1,-1,-1,-1,-1,-1
7x96_0,-1,-1,-1,-1,-1,-1
7y6n_0,-1,-1,-1,-1,-1,-1
7z1a_0,-1,-1,-1,-1,-1,-1
7z1a_1,-1,-1,-1,-1,-1,-1
7z1a_2,-1,-1,-1,-1,-1,-1
7z1a_3,52,-1,-1,56,-1,-1
7z1b_0,52,-1,-1,56,-1,-1
7z1b_1,-1,-1,-1,-1,-1,-1
7z1b_2,-1,-1,-1,-1,-1,-1
7z1b_3,-1,-1,-1,-1,-1,-1
7z1c_0,-1,-1,-1,-1,-1,-1
7z1c_1,-1,-1,-1,-1,-1,-1
7z1c_2,-1,-1,-1,-1,-1,-1
7z1c_3,-1,-1,-1,-1,-1,-1
8bev_0,-1,-1,-1,-1,-1,-1
8cwi_0,-1,-1,-1,-1,-1,-1
8cwu_0,-1,-1,-1,-1,-1,-1
8cwv_0,-1,-1,-1,-1,-1,-1
8cwv_1,-1,-1,-1,-1,-1,-1
8d48_0,-1,-1,-1,-1,-1,-1
8dnn_0,-1,-1,-1,-1,-1,-1
8dt3_0,-1,-1,-1,-1,-1,-1
8dtk_0,-1,-1,-1,-1,-1,-1
8dxu_0,-1,-1,-1,-1,-1,-1
8dxu_1,-1,-1,-1,-1,-1,-1
8e1g_1,-1,-1,-1,-1,-1,-1
8g72_0,-1,-1,-1,-1,-1,-1
8g79_0,-1,-1,-1,-1,-1,-1
8g79_1,-1,-1,-1,-1,-1,-1
8g79_2,-1,-1,-1,-1,-1,-1
8g7a_0,-1,-1,-1,-1,-1,-1
8gf2_0,-1,-1,-1,-1,-1,-1
8gf2_1,-1,-1,-1,-1,-1,-1
8gf2_2,-1,-1,-1,-1,-1,-1
8gf2_3,-1,-1,-1,-1,-1,-1
8gjn_0,-1,-1,-1,-1,-1,-1
8h5u_0,-1,-1,-1,-1,-1,-1
8hc5_0,-1,-1,-1,-1,-1,-1
8hc5_1,-1,-1,-1,-1,-1,-1
8hed_0,-1,-1,-1,-1,-1,-1
8i3s_0,-1,-1,-1,-1,-1,-1
8i3u_0,-1,-1,-1,-1,-1,-1
8j1q_0,-1,-1,-1,-1,-1,-1
8j26_0,-1,-1,-1,-1,-1,-1
8jap_0,-1,-1,-1,-1,-1,-1
8owt_0,-1,-1,-1,-1,-1,-1
8owt_1,-1,-1,-1,-1,-1,-1
8owt_2,-1,-1,-1,-1,-1,-1
8owt_3,-1,-1,-1,-1,-1,-1
8oww_0,-1,-1,-1,-1,-1,-1
8sdh_1,-1,-1,-1,-1,-1,-1
8siq_0,-1,-1,-1,-1,-1,-1
8siq_1,-1,-1,-1,-1,-1,-1
8sir_0,-1,-1,-1,-1,-1,-1
8sis_0,-1,-1,-1,-1,-1,-1
8sit_1,-1,-1,-1,-1,-1,-1
8x0x_0,-1,-1,-1,-1,-1,-1
8x0y_0,-1,-1,-1,-1,-1,-1
8zhg_0,-1,-1,-1,-1,-1,-1
8zho_0,-1,-1,-1,-1,-1,-1
8zho_1,-1,-1,-1,-1,-1,-1
8zhp_0,-1,-1,-1,-1,-1,-1
8zhp_1,-1,-1,-1,-1,-1,-1
8zhp_2,-1,-1,-1,-1,-1,-1
8zhp_3,-1,-1,-1,-1,-1,-1
9bj2_0,-1,-1,-1,-1,-1,-1
9c45_0,-1,-1,-1,-1,-1,-1
9cpq_0,-1,-1,-1,-1,-1,-1
9cpq_1,53,26,-1,57,27,-1
9cpu_0,53,26,-1,57,27,-1
9cpu_1,-1,-1,-1,-1,-1,-1
9cpw_0,-1,-1,-1,-1,-1,-1
9cpw_1,-1,-1,-1,-1,-1,-1
9cpx_0,-1,-1,-1,-1,-1,-1
9cpx_1,-1,-1,-1,58,28,-1
9fgr_0,-1,-1,-1,58,28,-1
9ml8_1,-1,-1,-1,-1,-1,-1
9ml9_0,-1,-1,-1,-1,-1,-1
5vl7_0,-1,-1,-1,-1,-1,-1
6cvk_0,54,-1,-1,59,-1,-1
6cwd_0,54,-1,-1,59,-1,-1
5sx4_1,-1,-1,-1,-1,-1,-1
7sob_0,-1,-1,-1,-1,-1,-1
7sob_1,-1,-1,-1,-1,-1,-1
7sob_2,-1,-1,-1,-1,-1,-1
7sob_3,-1,-1,-1,-1,-1,-1
7sob_4,-1,-1,-1,-1,-1,-1
7sob_5,-1,-1,-1,-1,-1,-1
7sod_0,-1,-1,-1,-1,-1,-1
4m1c_0,-1,-1,-1,-1,-1,-1
7d3m_0,-1,-1,-1,-1,-1,-1
7eo0_0,-1,-1,-1,-1,-1,-1
7azb_0,-1,-1,-1,-1,-1,-1
6fy1_0,-1,-1,-1,-1,-1,-1
6ml8_0,-1,-1,-1,-1,-1,-1
5vn3_1,-1,-1,-1,-1,-1,-1
6opp_1,-1,-1,-1,-1,-1,-1
6eqi_0,-1,-1,-1,-1,-1,-1
6w16_0,-1,-1,-1,-1,-1,-1
5tsj_1,-1,-1,-1,-1,-1,-1
6u54_0,-1,-1,-1,-1,-1,-1
5jw4_4,-1,-1,-1,-1,-1,-1
7u8j_0,-1,-1,-1,-1,-1,-1
6otc_0,-1,-1,-1,-1,-1,-1
6cyf_3,-1,-1,-1,-1,-1,-1
1nbz_0,-1,-1,-1,-1,-1,-1
4qo1_0,-1,-1,-1,-1,-1,-1
1bql_0,-1,-1,-1,-1,-1,-1
4xrc_0,-1,-1,-1,-1,-1,-1
5k9k_0,-1,-1,-1,-1,-1,-1
5kan_0,-1,-1,-1,-1,-1,-1
5kaq_0,-1,-1,-1,-1,-1,-1
6wwz_0,-1,-1,-1,-1,-1,-1
7w2z_0,55,-1,-1,60,-1,-1
8i97_0,55,-1,-1,60,-1,-1
8i9s_0,55,-1,-1,60,-1,-1
7qvm_0,55,-1,-1,60,-1,-1
8iyh_0,-1,-1,-1,-1,-1,-1
1nma_0,-1,-1,-1,-1,-1,-1
6ddv_0,-1,-1,-1,-1,-1,-1
7ly0_0,-1,-1,-1,-1,-1,-1
2nxy_0,-1,-1,-1,-1,-1,-1
7s7r_0,-1,-1,-1,-1,-1,-1
4ma7_0,-1,-1,-1,-1,-1,-1
4ma8_0,-1,-1,-1,-1,-1,-1
6aq7_0,-1,-1,-1,-1,-1,-1
6her_0,-1,-1,-1,-1,-1,-1
6hhd_1,-1,-1,-1,-1,-1,-1
8czz_4,-1,-1,-1,-1,-1,-1
8cwj_0,56,27,-1,61,29,-1
8cwj_1,56,27,-1,61,29,-1
8cwj_2,-1,-1,-1,-1,-1,-1
8cwj_3,-1,-1,-1,-1,-1,-1
8csj_0,-1,-1,-1,-1,-1,-1
8dzp_0,-1,-1,-1,-1,-1,-1
8sbb_0,-1,-1,-1,-1,-1,-1
7vkt_0,-1,-1,-1,-1,-1,-1
7y7j_0,-1,-1,-1,-1,-1,-1
8djg_1,-1,-1,-1,-1,-1,-1
8hhx_0,-1,-1,-1,-1,-1,-1
8db4_2,-1,-1,-1,-1,-1,-1
8db4_3,-1,-1,-1,-1,-1,-1
7sqp_0,-1,-1,-1,-1,-1,-1
8dvd_0,-1,-1,-1,-1,-1,-1
7u8g_0,-1,-1,-1,-1,-1,-1
7zlk_1,-1,-1,-1,-1,-1,-1
7zlk_4,-1,-1,-1,-1,-1,-1
7wp2_0,-1,-1,-1,-1,-1,-1
7lg6_0,-1,-1,-1,-1,-1,-1
7lg6_1,-1,-1,-1,-1,-1,-1
7lg6_2,-1,-1,-1,-1,-1,-1
7lg6_3,-1,-1,-1,-1,-1,-1
7lg6_4,-1,-1,-1,-1,-1,-1
7lg6_5,-1,-1,-1,-1,-1,-1
5wko_2,-1,-1,-1,-1,-1,-1
6wj1_1,-1,-1,-1,-1,-1,-1
4cni_0,-1,-1,-1,-1,-1,-1
4o9h_0,-1,-1,-1,-1,-1,-1
5fuc_0,-1,-1,-1,-1,-1,-1
3opz_2,-1,-1,-1,-1,-1,-1
6x97_2,-1,-1,-1,-1,-1,-1
6x9r_0,-1,-1,-1,-1,-1,-1
6x9t_0,-1,-1,-1,-1,-1,-1
6x9v_0,-1,-1,-1,-1,-1,-1
6x9s_0,-1,-1,-1,-1,-1,-1
6x9u_0,-1,-1,-1,-1,-1,-1
9ogt_0,-1,-1,-1,-1,-1,-1
9ogt_1,-1,-1,-1,-1,-1,-1
9ogt_2,-1,-1,-1,-1,-1,-1
9ogt_3,-1,-1,-1,-1,-1,-1
9ogt_4,-1,-1,-1,-1,-1,-1
9ogt_5,-1,-1,-1,-1,-1,-1
7r24_0,-1,-1,-1,-1,-1,-1
7r24_1,-1,-1,-1,-1,-1,-1
7pg8_4,-1,-1,-1,-1,-1,-1
7pgb_7,-1,-1,-1,-1,-1,-1
6w1c_0,-1,-1,-1,-1,-1,-1
6w1c_1,-1,-1,-1,-1,-1,-1
6w1c_2,-1,-1,-1,-1,-1,-1
6w1c_3,-1,-1,-1,-1,-1,-1
6lxj_2,-1,-1,-1,-1,-1,-1
6pzw_3,-1,-1,-1,-1,-1,-1
6pzy_2,-1,-1,-1,-1,-1,-1
6pzz_2,-1,-1,-1,-1,-1,-1
6u02_0,-1,-1,-1,-1,-1,-1
6cm3_0,-1,-1,-1,-1,-1,-1
6cm3_1,-1,-1,-1,-1,-1,-1
6cm3_2,-1,-1,-1,-1,-1,-1
7dm1_0,-1,-1,-1,-1,-1,-1
7dm2_0,-1,-1,-1,-1,-1,-1
1yym_0,57,-1,-1,62,-1,-1
4rqs_0,57,-1,-1,62,-1,-1
1g9n_0,57,-1,-1,62,-1,-1
5a7x_0,57,-1,-1,62,-1,-1
5a7x_1,57,-1,-1,62,-1,-1
1yyl_0,57,-1,-1,62,-1,-1
1rzk_0,57,-1,-1,62,-1,-1
2i60_0,57,-1,-1,62,-1,-1
2i5y_1,57,-1,-1,62,-1,-1
5a7x_2,-1,-1,-1,-1,-1,-1
5a7x_3,-1,-1,-1,-1,-1,-1
5a7x_4,-1,-1,-1,-1,-1,-1
5a7x_5,-1,-1,-1,-1,-1,-1
5a8h_0,-1,-1,-1,-1,-1,-1
5a8h_1,-1,-1,-1,-1,-1,-1
5a8h_2,-1,-1,-1,-1,-1,-1
5a8h_3,-1,-1,-1,-1,-1,-1
5a8h_4,-1,-1,-1,-1,-1,-1
5a8h_5,-1,-1,-1,-1,-1,-1
2vis_0,-1,-1,-1,-1,-1,-1
3w13_0,58,-1,-1,63,-1,-1
5j3h_0,58,-1,-1,63,-1,-1
3w12_0,58,-1,-1,63,-1,-1
3w11_0,58,-1,-1,63,-1,-1
4oga_0,58,-1,-1,63,-1,-1
5kqv_0,-1,-1,-1,-1,-1,-1
6veq_1,59,-1,-1,64,-1,-1
7kd6_0,59,-1,-1,64,-1,-1
6vep_0,59,-1,-1,64,-1,-1
5wob_7,-1,-1,-1,-1,-1,-1
4q5z_5,-1,-1,-1,-1,-1,-1
6cxc_1,-1,-1,-1,-1,-1,-1
4al8_0,-1,-1,-1,-1,-1,-1
4ffz_1,-1,-1,-1,-1,-1,-1
5vic_0,-1,-1,-1,-1,-1,-1
6dfj_0,-1,-1,-1,-1,-1,-1
6i8g_0,-1,-1,-1,-1,-1,-1
6i8h_0,-1,-1,-1,-1,-1,-1
6q6z_0,-1,-1,-1,-1,-1,-1
7nd6_0,60,28,-1,65,30,-1
7nd5_0,60,28,-1,65,30,-1
7nd3_0,60,28,-1,65,30,-1
7q0a_0,-1,-1,-1,-1,-1,-1
2wzp_2,-1,-1,-1,-1,-1,-1
2bse_2,-1,-1,-1,-1,-1,-1
7whi_2,-1,-1,-1,-1,-1,-1
7whi_3,-1,-1,-1,-1,-1,-1
7c6a_0,-1,-1,-1,-1,-1,-1
9e7l_0,-1,-1,-1,-1,-1,-1
8y3k_0,-1,-1,-1,-1,-1,-1
9cxb_0,-1,-1,-1,-1,-1,-1
4rgn_0,-1,-1,-1,-1,-1,-1
4rgn_1,-1,-1,-1,-1,-1,-1
8ybm_1,-1,-1,-1,-1,-1,-1
8ybo_0,-1,-1,-1,-1,-1,-1
8qz7_0,-1,-1,-1,-1,-1,-1
8qz6_0,-1,-1,-1,-1,-1,-1
9eot_0,-1,-1,-1,-1,-1,-1
9bhb_0,-1,-1,-1,-1,-1,-1
9fm0_0,-1,-1,-1,-1,-1,-1
9jbq_0,-1,-1,-1,-1,-1,-1
8hlc_0,-1,-1,-1,-1,-1,-1
8jf7_1,-1,-1,-1,-1,-1,-1
5t3s_0,-1,-1,-1,-1,-1,-1
8t49_3,-1,-1,-1,-1,-1,-1
8t49_5,-1,-1,-1,-1,-1,-1
8t4a_0,-1,-1,-1,-1,-1,-1
8t4a_2,-1,-1,-1,-1,-1,-1
8t4a_4,-1,-1,-1,-1,-1,-1
8t49_1,-1,-1,-1,-1,-1,-1
6nfc_2,-1,-1,-1,-1,-1,-1
8f92_0,-1,-1,-1,-1,-1,-1
8f92_2,-1,-1,-1,-1,-1,-1
8f92_4,-1,-1,-1,-1,-1,-1
8t4b_0,-1,-1,-1,-1,-1,-1
8t4b_2,-1,-1,-1,-1,-1,-1
8t4b_4,-1,-1,-1,-1,-1,-1
8t4d_0,-1,-1,-1,-1,-1,-1
8t4d_2,-1,-1,-1,-1,-1,-1
8t4d_4,-1,-1,-1,-1,-1,-1
8t4l_0,-1,-1,-1,-1,-1,-1
8t4l_2,-1,-1,-1,-1,-1,-1
8t4l_4,-1,-1,-1,-1,-1,-1
8vfv_0,-1,-1,-1,-1,-1,-1
8vfv_1,-1,-1,-1,-1,-1,-1
8vfv_2,-1,-1,-1,-1,-1,-1
8vfv_3,-1,-1,-1,-1,-1,-1
9axf_1,-1,-1,-1,-1,-1,-1
9ijd_1,-1,-1,-1,-1,-1,-1
9ije_1,-1,-1,-1,-1,-1,-1
8gav_0,-1,-1,-1,-1,-1,-1
8hp9_0,-1,-1,-1,-1,-1,-1
8hp9_1,-1,-1,-1,-1,-1,-1
8goo_0,-1,-1,-1,66,31,-1
8j8v_1,-1,-1,-1,66,31,-1
8bk2_0,-1,-1,-1,-1,-1,-1
8cde_0,-1,-1,-1,-1,-1,-1
8emy_0,-1,-1,-1,-1,-1,-1
8en1_0,-1,-1,-1,-1,-1,-1
8en5_0,-1,-1,-1,-1,-1,-1
8en6_0,-1,-1,-1,-1,-1,-1
8g0w_3,-1,-1,-1,-1,-1,-1
8p8a_1,-1,-1,-1,-1,-1,-1
8p8a_2,-1,-1,-1,-1,-1,-1
8eev_0,-1,-1,-1,-1,-1,-1
8e1p_0,-1,-1,-1,-1,-1,-1
8e1p_1,61,-1,-1,67,-1,-1
8e1p_2,61,-1,-1,67,-1,-1
8e1p_3,-1,-1,-1,-1,-1,-1
8e1p_4,-1,-1,-1,-1,-1,-1
8e1p_5,-1,-1,-1,-1,-1,-1
7xld_0,-1,-1,-1,-1,-1,-1
8h08_4,-1,-1,-1,-1,-1,-1
8h08_5,-1,-1,-1,-1,-1,-1
8hk2_0,-1,-1,-1,-1,-1,-1
8x16_0,-1,-1,-1,-1,-1,-1
8j6i_0,-1,-1,-1,-1,-1,-1
7ezh_0,-1,-1,-1,-1,-1,-1
8hbd_0,-1,-1,-1,-1,-1,-1
8euq_1,-1,-1,-1,-1,-1,-1
9b7b_0,-1,-1,-1,-1,-1,-1
8dmh_0,-1,-1,-1,-1,-1,-1
8gng_0,-1,-1,-1,-1,-1,-1
7sof_0,-1,-1,-1,-1,-1,-1
7uc8_0,-1,-1,-1,-1,-1,-1
7ujd_0,-1,-1,-1,-1,-1,-1
7ujd_1,-1,-1,-1,-1,-1,-1
7ujd_2,-1,-1,-1,-1,-1,-1
7ujd_3,-1,-1,-1,-1,-1,-1
8f7x_0,-1,-1,-1,-1,-1,-1
8dxs_0,-1,-1,-1,-1,-1,-1
7wki_0,-1,-1,-1,-1,-1,-1
7uot_3,-1,-1,-1,-1,-1,-1
7uov_0,62,29,-1,68,32,-1
9miv_0,62,29,-1,68,32,-1
7uov_2,62,29,-1,68,32,-1
7uov_4,62,29,-1,68,32,-1
9mj1_0,-1,-1,-1,-1,-1,-1
8dzh_0,-1,-1,-1,-1,-1,-1
6dzl_0,-1,-1,-1,-1,-1,-1
6vyv_0,-1,-1,-1,-1,-1,-1
6woq_0,-1,-1,-1,-1,-1,-1
6woq_1,-1,-1,-1,-1,-1,-1
7ll2_1,-1,-1,-1,-1,-1,-1
7s8h_0,-1,-1,-1,-1,-1,-1
6ni2_0,-1,-1,-1,-1,-1,-1
7dfa_0,-1,-1,-1,-1,-1,-1
9e82_0,-1,-1,-1,-1,-1,-1
7nks_1,-1,-1,-1,-1,-1,-1
7nrh_0,-1,-1,-1,-1,-1,-1
7o9s_0,-1,-1,-1,-1,-1,-1
8zgu_0,-1,-1,-1,-1,-1,-1
7lj4_0,-1,-1,-1,-1,-1,-1
2fec_1,-1,-1,-1,-1,-1,-1
2fed_0,-1,-1,-1,-1,-1,-1
5j1s_0,-1,-1,-1,-1,-1,-1
5th9_0,-1,-1,-1,-1,-1,-1
3j1s_0,-1,-1,-1,-1,-1,-1
6uj9_0,-1,-1,-1,-1,-1,-1
4zs7_0,-1,-1,-1,-1,-1,-1
5i6z_0,-1,-1,-1,-1,-1,-1
7rq6_1,-1,-1,-1,-1,-1,-1
3zkx_0,-1,-1,-1,-1,-1,-1
3zkx_1,-1,-1,-1,-1,-1,-1
3zlq_1,-1,-1,-1,-1,-1,-1
4ut6_1,-1,-1,-1,-1,-1,-1
4uta_0,63,30,3,69,33,3
4ut9_3,63,30,3,69,33,3
4utb_1,-1,-1,-1,-1,-1,-1
5foj_0,-1,-1,-1,-1,-1,-1
5hvf_0,-1,-1,-1,-1,-1,-1
7eow_0,-1,-1,-1,-1,-1,-1
3i50_0,-1,-1,-1,-1,-1,-1
6ulc_0,-1,-1,-1,-1,-1,-1
7pbd_0,-1,-1,-1,-1,-1,-1
5zs0_0,-1,-1,-1,-1,-1,-1
7jtf_1,-1,-1,-1,-1,-1,-1
7jtg_0,-1,-1,-1,-1,-1,-1
7lse_0,-1,-1,-1,-1,-1,-1
6h15_1,-1,-1,-1,-1,-1,-1
6h16_0,-1,-1,-1,-1,-1,-1
4xnu_0,64,31,-1,70,34,-1
4m48_0,64,31,-1,70,34,-1
9euo_0,64,31,-1,70,34,-1
9eup_0,-1,-1,-1,70,34,-1
5o4o_0,-1,-1,-1,-1,-1,-1
7ctu_1,-1,-1,-1,-1,-1,-1
7cu4_1,-1,-1,-1,-1,-1,-1
9pat_0,-1,-1,-1,-1,-1,-1
9pav_1,-1,-1,-1,-1,-1,-1
9mx1_0,-1,-1,-1,-1,-1,-1
9byo_0,-1,-1,-1,-1,-1,-1
9fns_0,-1,-1,-1,-1,-1,-1
9fnt_0,-1,-1,-1,-1,-1,-1
9fq3_0,-1,-1,-1,-1,-1,-1
9fq3_1,-1,-1,-1,-1,-1,-1
9fq3_2,-1,-1,-1,-1,-1,-1
9fq3_3,-1,-1,-1,-1,-1,-1
9d90_2,-1,-1,-1,-1,-1,-1
9emy_5,-1,-1,-1,-1,-1,-1
9emy_7,-1,-1,-1,-1,-1,-1
9ii2_0,-1,-1,-1,-1,-1,-1
8xqj_0,-1,-1,-1,-1,-1,-1
8z74_0,-1,-1,-1,-1,-1,-1
8z7j_1,-1,-1,-1,-1,-1,-1
8z6q_2,-1,-1,-1,-1,-1,-1
8z6r_2,-1,-1,-1,-1,-1,-1
9crs_0,-1,-1,-1,-1,-1,-1
8sja_0,-1,-1,-1,-1,-1,-1
8sja_1,-1,-1,-1,-1,-1,-1
8sja_3,-1,-1,-1,-1,-1,-1
9dwe_2,-1,-1,-1,-1,-1,-1
9dez_1,-1,-1,-1,-1,-1,-1
9df0_0,-1,-1,-1,-1,-1,-1
8us0_2,-1,-1,-1,-1,-1,-1
6uye_0,-1,-1,-1,-1,-1,-1
7m8l_1,-1,-1,-1,-1,-1,-1
7m8l_2,-1,-1,-1,-1,-1,-1
7m8l_3,-1,-1,-1,-1,-1,-1
7kfb_1,-1,-1,-1,-1,-1,-1
4f15_3,-1,-1,-1,-1,-1,-1
4f9l_0,-1,-1,-1,-1,-1,-1
4f9p_0,-1,-1,-1,-1,-1,-1
6xlq_1,-1,-1,-1,-1,-1,-1
9jqp_0,-1,-1,-1,-1,-1,-1
6pxh_1,-1,-1,-1,-1,-1,-1
6ni2_1,-1,-1,-1,-1,-1,-1
6ssi_4,-1,-1,-1,-1,-1,-1
6ssp_1,-1,-1,-1,-1,-1,-1
7l56_2,-1,-1,-1,-1,-1,-1
7keo_1,-1,-1,-1,-1,-1,-1
7kyl_1,-1,-1,-1,-1,-1,-1
5l0q_0,-1,-1,-1,-1,-1,-1
4ydj_1,-1,-1,-1,-1,-1,-1
7klc_0,-1,-1,-1,-1,-1,-1
3jab_0,-1,-1,-1,-1,-1,-1
3jbq_1,-1,-1,-1,-1,-1,-1
6lfo_0,-1,-1,-1,-1,-1,-1
6lfm_0,-1,-1,-1,-1,-1,-1
8ic0_0,-1,-1,-1,-1,-1,-1
7n0g_1,-1,-1,-1,-1,-1,-1
1bgx_0,-1,-1,-1,-1,-1,-1
5czx_0,-1,-1,-1,-1,-1,-1
7c81_0,-1,-1,-1,-1,-1,-1
7cmk_0,-1,-1,-1,-1,-1,-1
4r0l_1,-1,-1,-1,-1,-1,-1
6wps_1,-1,-1,-1,-1,-1,-1
5w3o_0,-1,-1,-1,-1,-1,-1
7rd5_1,-1,-1,-1,-1,-1,-1
6vx4_0,-1,-1,-1,-1,-1,-1
7s0c_0,-1,-1,-1,-1,-1,-1
4uuj_0,65,32,-1,71,35,-1
2dwe_0,65,32,-1,71,35,-1
1r3k_0,65,32,-1,71,35,-1
2hjf_0,65,32,-1,71,35,-1
6w0j_0,65,32,-1,71,35,-1
2hvk_0,65,32,-1,71,35,-1
2hvj_0,65,32,-1,71,35,-1
3f7y_0,65,32,-1,71,35,-1
2boc_0,65,32,-1,71,35,-1
1r3l_0,65,32,-1,71,35,-1
6w0g_0,65,32,-1,71,35,-1
2jk5_0,65,32,-1,71,35,-1
3fb8_0,65,32,-1,71,35,-1
1k4c_0,65,32,-1,71,35,-1
3iga_0,65,32,-1,71,35,-1
3fb7_0,65,32,-1,71,35,-1
2dwd_0,65,32,-1,71,35,-1
2itd_0,65,32,-1,71,35,-1
6w0f_0,65,32,-1,71,35,-1
7mdj_0,65,32,-1,71,35,-1
2w0f_0,65,32,-1,71,35,-1
6w0i_0,65,32,-1,71,35,-1
6w0h_0,65,32,-1,71,35,-1
2bob_0,65,32,-1,71,35,-1
3gb7_0,65,32,-1,71,35,-1
2itc_0,65,32,-1,71,35,-1
1r3i_0,65,32,-1,71,35,-1
1r3j_0,65,32,-1,71,35,-1
1k4d_0,65,32,-1,71,35,-1
3fb5_0,65,32,-1,71,35,-1
3fb6_0,65,32,-1,71,35,-1
5xs7_0,-1,-1,-1,-1,-1,-1
7f0t_0,-1,-1,-1,-1,-1,-1
7n0i_2,-1,-1,-1,-1,-1,-1
9c2h_0,-1,-1,-1,-1,-1,-1
9c2h_1,-1,-1,-1,-1,-1,-1
9c2h_2,-1,-1,-1,-1,-1,-1
9c2h_3,-1,-1,-1,-1,-1,-1
6zbv_0,-1,-1,-1,-1,-1,-1
6zpl_0,-1,-1,-1,-1,-1,-1
7s0d_2,-1,-1,-1,-1,-1,-1
3cvh_0,-1,-1,-1,-1,-1,-1
5tl5_0,-1,-1,-1,-1,-1,-1
5tlj_0,-1,-1,-1,-1,-1,-1
5tlj_1,-1,-1,-1,-1,-1,-1
5tlk_0,-1,-1,-1,-1,-1,-1
5tlk_1,-1,-1,-1,-1,-1,-1
5tlk_2,-1,-1,-1,-1,-1,-1
5tlk_3,-1,-1,-1,-1,-1,-1
8ds5_0,-1,-1,-1,-1,-1,-1
6xcj_0,-1,-1,-1,-1,-1,-1
1s5h_0,-1,-1,-1,-1,-1,-1
6u1n_0,-1,-1,-1,-1,-1,-1
3ejy_0,-1,-1,-1,-1,-1,-1
3or6_0,-1,-1,-1,-1,-1,-1
5cus_2,-1,-1,-1,-1,-1,-1
5o7p_0,-1,-1,-1,-1,-1,-1
4gms_2,-1,-1,-1,-1,-1,-1
4o58_0,-1,-1,-1,-1,-1,-1
7jhg_0,-1,-1,-1,-1,-1,-1
7m74_0,-1,-1,-1,-1,-1,-1
3b2u_3,-1,-1,-1,-1,-1,-1
3c09_0,-1,-1,-1,-1,-1,-1
4krl_0,-1,-1,-1,-1,-1,-1
4krm_1,-1,-1,-1,-1,-1,-1
6ysq_0,-1,-1,-1,-1,-1,-1
6mu8_0,-1,-1,-1,-1,-1,-1
6mtj_0,-1,-1,-1,-1,-1,-1
6mu7_1,-1,-1,-1,-1,-1,-1
6fn1_0,-1,-1,-1,-1,-1,-1
6fn4_0,-1,-1,-1,-1,-1,-1
5gjt_0,-1,-1,-1,-1,-1,-1
7x6o_2,-1,-1,-1,-1,-1,-1
6al1_0,-1,-1,-1,-1,-1,-1
5voc_0,66,-1,-1,72,-1,-1
5vob_0,66,-1,-1,72,-1,-1
7cai_1,-1,-1,-1,-1,-1,-1
5te7_0,-1,-1,-1,-1,-1,-1
2ybr_0,67,-1,-1,73,-1,-1
2yc1_0,67,-1,-1,73,-1,-1
4v1d_0,-1,-1,-1,-1,-1,-1
4v1d_1,-1,-1,-1,-1,-1,-1
3sm5_2,-1,-1,-1,-1,-1,-1
5ug0_0,-1,-1,-1,-1,-1,-1
5ugy_1,-1,-1,-1,-1,-1,-1
5uk0_1,-1,-1,-1,-1,-1,-1
5uk1_2,-1,-1,-1,-1,-1,-1
5ujz_2,-1,-1,-1,-1,-1,-1
5uk2_1,-1,-1,-1,-1,-1,-1
5w6g_0,-1,-1,-1,-1,-1,-1
7jix_0,-1,-1,-1,-1,-1,-1
6suz_0,-1,-1,-1,-1,-1,-1
6gg0_0,-1,-1,-1,-1,-1,-1
3tt3_0,-1,-1,-1,-1,-1,-1
7ntc_0,-1,-1,-1,-1,-1,-1
7k7h_0,-1,-1,-1,-1,-1,-1
7k7i_2,-1,-1,-1,-1,-1,-1
3rvx_0,-1,-1,-1,-1,-1,-1
3rvw_0,-1,-1,-1,-1,-1,-1
4pp1_1,-1,-1,-1,-1,-1,-1
4pp2_1,-1,-1,-1,-1,-1,-1
9j05_0,-1,-1,-1,-1,-1,-1
9k0x_0,-1,-1,-1,-1,-1,-1
9cp5_0,-1,-1,-1,-1,-1,-1
9fjf_0,-1,-1,-1,-1,-1,-1
9fjf_1,-1,-1,-1,-1,-1,-1
6rvc_2,-1,-1,-1,-1,-1,-1
9ms8_0,-1,-1,-1,-1,-1,-1
9j3j_0,-1,-1,-1,-1,-1,-1
9j3l_0,-1,-1,-1,-1,-1,-1
9j3m_0,-1,-1,-1,-1,-1,-1
9dry_0,-1,-1,-1,-1,-1,-1
8tmh_1,-1,-1,-1,-1,-1,-1
8tmk_1,-1,-1,-1,-1,-1,-1
9aru_0,-1,-1,-1,-1,-1,-1
9g95_0,-1,-1,-1,-1,-1,-1
9g97_0,-1,-1,-1,-1,-1,-1
9g9m_0,-1,-1,-1,-1,-1,-1
9g9m_1,-1,-1,-1,-1,-1,-1
9g9n_0,-1,-1,-1,-1,-1,-1
9g9n_1,-1,-1,-1,-1,-1,-1
9g9o_0,-1,-1,-1,-1,-1,-1
9g9o_1,-1,-1,-1,-1,-1,-1
9g9p_0,-1,-1,-1,-1,-1,-1
9g9p_1,-1,-1,-1,-1,-1,-1
9cq8_0,-1,-1,-1,-1,-1,-1
9cql_1,-1,-1,-1,-1,-1,-1
9gwt_0,-1,-1,-1,-1,-1,-1
8zps_0,-1,-1,-1,-1,-1,-1
8keo_0,-1,-1,-1,-1,-1,-1
8vyl_1,-1,-1,-1,-1,-1,-1
8zby_0,-1,-1,-1,-1,-1,-1
8t49_0,-1,-1,-1,-1,-1,-1
8t49_2,-1,-1,-1,-1,-1,-1
8t4a_1,68,33,4,74,36,4
8t49_4,68,33,4,74,36,4
8t4a_3,68,33,4,74,36,4
8t4a_5,68,33,4,74,36,4
8t4b_1,68,33,4,74,36,4
8t4b_3,68,33,4,74,36,4
8t4b_5,68,33,4,74,36,4
8t4d_1,-1,-1,-1,-1,-1,-1
8t4d_3,-1,-1,-1,-1,-1,-1
8t4d_5,-1,-1,-1,-1,-1,-1
8t4l_1,-1,-1,-1,-1,-1,-1
8t4l_3,-1,-1,-1,-1,-1,-1
8t4l_5,-1,-1,-1,-1,-1,-1
8uky_1,-1,-1,-1,-1,-1,-1
2jel_0,-1,-1,-1,-1,-1,-1
7mxp_2,-1,-1,-1,-1,-1,-1
7zxf_0,-1,-1,-1,-1,-1,-1
7zxf_1,-1,-1,-1,-1,-1,-1
7a0x_0,-1,-1,-1,-1,-1,-1
7a0w_1,-1,-1,-1,-1,-1,-1
7c4s_1,-1,-1,-1,-1,-1,-1
6ejm_1,-1,-1,-1,-1,-1,-1
6u9s_0,-1,-1,-1,-1,-1,-1
7cyp_0,-1,-1,-1,-1,-1,-1
1za3_1,-1,-1,-1,-1,-1,-1
2h9g_1,-1,-1,-1,-1,-1,-1
3x3f_0,-1,-1,-1,-1,-1,-1
4n90_2,-1,-1,-1,-1,-1,-1
4od2_0,-1,-1,-1,-1,-1,-1
6t3j_0,-1,-1,-1,-1,-1,-1
6t3j_1,-1,-1,-1,-1,-1,-1
6t3j_2,-1,-1,-1,-1,-1,-1
6t3j_3,-1,-1,-1,-1,-1,-1
7dnl_0,-1,-1,-1,-1,-1,-1
5c6t_0,-1,-1,-1,-1,-1,-1
2vxs_3,-1,-1,-1,-1,-1,-1
5hhx_0,-1,-1,-1,-1,-1,-1
5hi3_1,-1,-1,-1,-1,-1,-1
5hi4_1,-1,-1,-1,-1,-1,-1
5hi5_1,-1,-1,-1,-1,-1,-1
5n7w_1,-1,-1,-1,-1,-1,-1
6wio_0,-1,-1,-1,-1,-1,-1
6wir_0,-1,-1,-1,-1,-1,-1
7wkx_0,-1,-1,-1,-1,-1,-1
7mnm_1,-1,-1,-1,-1,-1,-1
7k65_0,-1,-1,-1,-1,-1,-1
3b9k_0,-1,-1,-1,-1,-1,-1
6o39_0,-1,-1,-1,-1,-1,-1
3sqo_0,-1,-1,-1,-1,-1,-1
5vlp_0,-1,-1,-1,-1,-1,-1
6u38_0,-1,-1,-1,-1,-1,-1
6u3i_0,-1,-1,-1,-1,-1,-1
2ny4_0,-1,-1,-1,-1,-1,-1
7bc7_0,-1,-1,-1,-1,-1,-1
7bc6_0,-1,-1,-1,-1,-1,-1
3l5x_0,-1,-1,-1,-1,-1,-1
3l5y_0,-1,-1,-1,-1,-1,-1
9do2_0,-1,-1,-1,-1,-1,-1
9cjz_2,-1,-1,-1,-1,-1,-1
9faj_0,-1,-1,-1,-1,-1,-1
9fak_0,-1,-1,-1,-1,-1,-1
9fam_0,-1,-1,-1,-1,-1,-1
9fat_0,-1,-1,-1,-1,-1,-1
1dee_1,-1,-1,-1,-1,-1,-1
4hjg_0,-1,-1,-1,-1,-1,-1
6o41_0,-1,-1,-1,-1,-1,-1
9mnx_0,-1,-1,-1,-1,-1,-1
9mny_0,-1,-1,-1,-1,-1,-1
9mnz_0,-1,-1,-1,-1,-1,-1
9qbj_0,-1,-1,-1,-1,-1,-1
9qbj_1,-1,-1,-1,-1,-1,-1
9qbj_2,-1,-1,-1,-1,-1,-1
9qbj_3,-1,-1,-1,-1,-1,-1
9fgb_0,-1,-1,-1,-1,-1,-1
8zh7_0,-1,-1,-1,-1,-1,-1
8z8l_0,-1,-1,-1,-1,-1,-1
9kfb_0,-1,-1,-1,-1,-1,-1
6w03_1,-1,-1,-1,-1,-1,-1
8tq1_2,-1,-1,-1,-1,-1,-1
9mih_2,-1,-1,-1,-1,-1,-1
9mih_3,-1,-1,-1,-1,-1,-1
7tuz_0,69,-1,-1,75,-1,-1
6vms_0,69,-1,-1,75,-1,-1
8xqe_0,69,-1,-1,75,-1,-1
8xqf_0,69,-1,-1,75,-1,-1
8j18_0,69,-1,-1,75,-1,-1
8j1a_0,69,-1,-1,75,-1,-1
8xwp_0,69,-1,-1,75,-1,-1
7wyb_0,69,-1,-1,75,-1,-1
8sai_0,69,-1,-1,75,-1,-1
8xml_0,69,-1,-1,75,-1,-1
8i7v_0,69,-1,-1,75,-1,-1
7vv5_0,69,-1,-1,75,-1,-1
7vuy_0,69,-1,-1,75,-1,-1
7w0l_0,69,-1,-1,75,-1,-1
8z7j_0,69,-1,-1,75,-1,-1
7w0n_0,69,-1,-1,75,-1,-1
7vdm_0,69,-1,-1,75,-1,-1
8h2g_0,69,-1,-1,75,-1,-1
7vv3_0,69,-1,-1,75,-1,-1
7vdh_0,69,-1,-1,75,-1,-1
8hvi_0,69,-1,-1,75,-1,-1
8hk3_0,69,-1,-1,75,-1,-1
8feg_0,69,-1,-1,75,-1,-1
7eo4_0,69,-1,-1,75,-1,-1
8ihf_0,69,-1,-1,75,-1,-1
8ihh_0,69,-1,-1,75,-1,-1
8ihi_0,69,-1,-1,75,-1,-1
8ihj_0,69,-1,-1,75,-1,-1
8ihb_0,69,-1,-1,75,-1,-1
8y01_0,69,-1,-1,75,-1,-1
7xa3_0,69,-1,-1,75,-1,-1
7vuz_0,69,-1,-1,75,-1,-1
9ebo_0,-1,-1,-1,-1,-1,-1
9lyc_0,-1,-1,-1,-1,-1,-1
9ebq_0,-1,-1,-1,-1,-1,-1
8tq5_0,-1,-1,-1,-1,-1,-1
8tq6_0,-1,-1,-1,-1,-1,-1
8tmb_0,-1,-1,-1,-1,-1,-1
8tmf_0,70,-1,-1,76,-1,-1
8tmn_0,70,-1,-1,76,-1,-1
8tmo_0,70,-1,-1,76,-1,-1
8xlk_0,-1,-1,-1,-1,-1,-1
8xlk_2,-1,-1,-1,-1,-1,-1
9jnn_0,-1,-1,-1,-1,-1,-1
9jnn_2,-1,-1,-1,-1,-1,-1
8yby_0,-1,-1,-1,-1,-1,-1
8qgx_0,-1,-1,-1,-1,-1,-1
8s4u_0,-1,-1,-1,-1,-1,-1
8s5u_0,-1,-1,-1,-1,-1,-1
8vym_0,-1,-1,-1,-1,-1,-1
8vym_2,-1,-1,-1,-1,-1,-1
8vuu_0,-1,-1,-1,-1,-1,-1
8uw7_0,-1,-1,-1,-1,-1,-1
8u5l_2,-1,-1,-1,-1,-1,-1
8rz0_2,-1,-1,-1,-1,-1,-1
8rz1_0,-1,-1,-1,-1,-1,-1
8xki_0,-1,-1,-1,-1,-1,-1
8jn2_0,-1,-1,-1,-1,-1,-1
8jn4_0,-1,-1,-1,-1,-1,-1
8jn5_0,-1,-1,-1,-1,-1,-1
5c8j_0,-1,-1,-1,-1,-1,-1
4lvh_3,-1,-1,-1,-1,-1,-1
5mwn_0,-1,-1,-1,-1,-1,-1
5mwn_1,-1,-1,-1,-1,-1,-1
5mwn_2,-1,-1,-1,-1,-1,-1
5mwn_3,-1,-1,-1,-1,-1,-1
2hg5_0,-1,-1,-1,-1,-1,-1
2hfe_0,-1,-1,-1,-1,-1,-1
2h8p_0,-1,-1,-1,-1,-1,-1
6mek_1,-1,-1,-1,-1,-1,-1
6mek_2,-1,-1,-1,-1,-1,-1
6ktr_0,-1,-1,-1,-1,-1,-1
6opq_0,-1,-1,-1,-1,-1,-1
7sem_0,-1,-1,-1,-1,-1,-1
5f8r_1,-1,-1,-1,-1,-1,-1
5f8q_0,-1,-1,-1,-1,-1,-1
4jzj_0,-1,-1,-1,-1,-1,-1
3stb_0,-1,-1,-1,-1,-1,-1
7dkj_0,-1,-1,-1,-1,-1,-1
7dge_0,-1,-1,-1,-1,-1,-1
3cfi_2,-1,-1,-1,-1,-1,-1
6mdt_0,-1,-1,-1,-1,-1,-1
5igx_0,-1,-1,-1,-1,-1,-1
6xxv_0,-1,-1,-1,-1,-1,-1
4lst_0,-1,-1,-1,-1,-1,-1
7kpj_0,-1,-1,-1,-1,-1,-1
7ki0_0,-1,-1,-1,-1,-1,-1
7s11_2,-1,-1,-1,-1,-1,-1
7s13_1,-1,-1,-1,-1,-1,-1
5fcu_0,-1,-1,-1,-1,-1,-1
6ch7_1,-1,-1,-1,-1,-1,-1
1oaz_0,-1,-1,-1,-1,-1,-1
1ndg_0,-1,-1,-1,-1,-1,-1
7fg2_0,-1,-1,-1,-1,-1,-1
4oii_1,-1,-1,-1,-1,-1,-1
4zxb_0,-1,-1,-1,-1,-1,-1
4zxb_1,-1,-1,-1,-1,-1,-1
7nx0_1,-1,-1,-1,-1,-1,-1
7qiv_0,-1,-1,-1,-1,-1,-1
4m62_1,-1,-1,-1,-1,-1,-1
4odx_0,71,-1,-1,77,-1,-1
4m8q_1,71,-1,-1,77,-1,-1
5i9q_1,-1,-1,-1,-1,-1,-1
5otj_0,-1,-1,-1,-1,-1,-1
6al5_0,-1,-1,-1,-1,-1,-1
4lsr_0,-1,-1,-1,-1,-1,-1
6k67_0,-1,-1,-1,-1,-1,-1
2vit_0,-1,-1,-1,-1,-1,-1
6h02_0,-1,-1,-1,-1,-1,-1
5lhq_0,-1,-1,-1,-1,-1,-1
5lhp_0,-1,-1,-1,-1,-1,-1
5lhn_0,-1,-1,-1,-1,-1,-1
5lhr_0,-1,-1,-1,-1,-1,-1
6u2f_0,-1,-1,-1,-1,-1,-1
1orq_0,-1,-1,-1,-1,-1,-1
6r7t_0,-1,-1,-1,-1,-1,-1
1bzq_3,-1,-1,-1,-1,-1,-1
2p44_0,72,-1,-1,78,-1,-1
2p42_1,72,-1,-1,78,-1,-1
2p43_0,72,-1,-1,78,-1,-1
2p48_0,-1,-1,-1,-1,-1,-1
2p45_0,-1,-1,-1,-1,-1,-1
2p47_0,-1,-1,-1,-1,-1,-1
2p46_0,-1,-1,-1,-1,-1,-1
2p49_0,-1,-1,-1,-1,-1,-1
2p4a_0,73,34,-1,79,37,-1
3qsk_0,73,34,-1,79,37,-1
4pou_0,-1,-1,-1,-1,-1,-1
3wxv_0,-1,-1,-1,-1,-1,-1
5lxg_0,-1,-1,-1,-1,-1,-1
6ks0_0,-1,-1,-1,-1,-1,-1
9cye_0,-1,-1,-1,-1,-1,-1
9o4n_0,-1,-1,-1,-1,-1,-1
9o4o_0,-1,-1,-1,-1,-1,-1
9o4p_3,-1,-1,-1,-1,-1,-1
9o4q_3,-1,-1,-1,-1,-1,-1
9jif_0,-1,-1,-1,-1,-1,-1
9jij_0,-1,-1,-1,-1,-1,-1
9jio_1,-1,-1,-1,-1,-1,-1
9bnl_0,-1,-1,-1,-1,-1,-1
9btv_0,-1,-1,-1,-1,-1,-1
9dpe_0,74,35,-1,80,38,-1
8vc7_0,74,35,-1,80,38,-1
9jq6_1,-1,-1,-1,-1,-1,-1
9jqp_1,-1,-1,-1,-1,-1,-1
9ghi_0,-1,-1,-1,-1,-1,-1
3w9e_0,-1,-1,-1,-1,-1,-1
9isf_0,-1,-1,-1,-1,-1,-1
9ish_0,-1,-1,-1,-1,-1,-1
9my8_0,-1,-1,-1,-1,-1,-1
9cu5_1,-1,-1,-1,-1,-1,-1
9cu5_4,-1,-1,-1,-1,-1,-1
4tvp_1,-1,-1,-1,-1,-1,-1
5fyl_0,-1,-1,-1,-1,-1,-1
5thr_0,-1,-1,-1,-1,-1,-1
5thr_2,-1,-1,-1,-1,-1,-1
5thr_4,-1,-1,-1,-1,-1,-1
5u7m_1,-1,-1,-1,-1,-1,-1
5utf_0,-1,-1,-1,-1,-1,-1
5uty_0,-1,-1,-1,-1,-1,-1
5vj6_2,-1,-1,-1,-1,-1,-1
5wdu_4,-1,-1,-1,-1,-1,-1
5wdu_6,-1,-1,-1,-1,-1,-1
5wdu_7,-1,-1,-1,-1,-1,-1
6cde_3,-1,-1,-1,-1,-1,-1
6cde_1,-1,-1,-1,-1,-1,-1
6cde_2,-1,-1,-1,-1,-1,-1
6cde_4,-1,-1,-1,-1,-1,-1
6cde_5,-1,-1,-1,-1,-1,-1
6cde_6,-1,-1,-1,-1,-1,-1
6cde_8,-1,-1,-1,-1,-1,-1
6cdi_0,-1,-1,-1,-1,-1,-1
6cdi_3,-1,-1,-1,-1,-1,-1
6cdi_4,-1,-1,-1,-1,-1,-1
6cdi_5,-1,-1,-1,-1,-1,-1
6cdi_6,-1,-1,-1,-1,-1,-1
6cdi_8,-1,-1,-1,-1,-1,-1
6cue_1,-1,-1,-1,-1,-1,-1
6cue_2,-1,-1,-1,-1,-1,-1
6cue_4,-1,-1,-1,-1,-1,-1
6cue_5,-1,-1,-1,-1,-1,-1
6cue_6,-1,-1,-1,-1,-1,-1
6cue_7,-1,-1,-1,-1,-1,-1
6e5p_0,-1,-1,-1,-1,-1,-1
6e5p_1,-1,-1,-1,-1,-1,-1
6e5p_3,-1,-1,-1,-1,-1,-1
6e5p_4,-1,-1,-1,-1,-1,-1
6e5p_7,-1,-1,-1,-1,-1,-1
6e5p_8,-1,-1,-1,-1,-1,-1
6mpg_1,-1,-1,-1,-1,-1,-1
6mpg_2,75,-1,-1,81,-1,-1
6mpg_4,75,-1,-1,81,-1,-1
6mpg_5,75,-1,-1,81,-1,-1
6mpg_6,76,-1,-1,82,-1,-1
6mph_2,76,-1,-1,82,-1,-1
6mph_3,76,-1,-1,82,-1,-1
6mpg_8,76,-1,-1,82,-1,-1
6mph_4,-1,-1,-1,-1,-1,-1
6mph_5,-1,-1,-1,-1,-1,-1
6mph_7,-1,-1,-1,-1,-1,-1
6mph_8,-1,-1,-1,-1,-1,-1
6n1w_1,-1,-1,-1,-1,-1,-1
6n1w_2,-1,-1,-1,-1,-1,-1
6n1w_3,-1,-1,-1,-1,-1,-1
6n1w_4,-1,-1,-1,-1,-1,-1
6n1w_5,77,-1,-1,83,-1,-1
6n1w_6,77,-1,-1,83,-1,-1
6nf2_0,-1,-1,-1,-1,-1,-1
6nf2_2,-1,-1,-1,-1,-1,-1
6nf2_3,-1,-1,-1,-1,-1,-1
6nf2_4,-1,-1,-1,-1,-1,-1
6nf2_7,-1,-1,-1,-1,-1,-1
6nf2_8,-1,-1,-1,-1,-1,-1
6osy_1,-1,-1,-1,-1,-1,-1
6osy_2,-1,-1,-1,-1,-1,-1
6osy_4,-1,-1,-1,-1,-1,-1
6osy_5,-1,-1,-1,-1,-1,-1
6osy_7,-1,-1,-1,-1,-1,-1
6osy_8,78,-1,-1,84,-1,-1
6ot1_0,78,-1,-1,84,-1,-1
6ot1_1,78,-1,-1,84,-1,-1
6ot1_2,-1,-1,-1,-1,-1,-1
6ot1_4,-1,-1,-1,-1,-1,-1
6ot1_6,-1,-1,-1,-1,-1,-1
6ot1_7,-1,-1,-1,-1,-1,-1
6vi0_1,-1,-1,-1,-1,-1,-1
6xrt_0,-1,-1,-1,-1,-1,-1
7ll1_0,-1,-1,-1,-1,-1,-1
7lpn_0,-1,-1,-1,-1,-1,-1
7rai_1,-1,-1,-1,-1,-1,-1
8fr6_0,-1,-1,-1,-1,-1,-1
8g4m_0,-1,-1,-1,-1,-1,-1
8g4t_1,-1,-1,-1,-1,-1,-1
8g9w_0,-1,-1,-1,-1,-1,-1
8g9y_0,-1,-1,-1,-1,-1,-1
8tjr_0,-1,-1,-1,-1,-1,-1
8tjs_2,-1,-1,-1,-1,-1,-1
8tng_2,-1,-1,-1,-1,-1,-1
8tnh_2,-1,-1,-1,-1,-1,-1
8tnu_2,-1,-1,-1,-1,-1,-1
8to7_1,-1,-1,-1,-1,-1,-1
8top_3,-1,-1,-1,-1,-1,-1
9bnk_0,-1,-1,-1,-1,-1,-1
9d7i_1,-1,-1,-1,-1,-1,-1
9d7o_0,-1,-1,-1,-1,-1,-1
9d7p_1,-1,-1,-1,-1,-1,-1
9dmb_1,-1,-1,-1,-1,-1,-1
9cy3_0,-1,-1,-1,-1,-1,-1
9fr3_0,-1,-1,-1,-1,-1,-1
9bll_0,-1,-1,-1,-1,-1,-1
8tii_0,-1,-1,-1,-1,-1,-1
7df1_1,-1,-1,-1,-1,-1,-1
8kdd_0,-1,-1,-1,-1,-1,-1
8kdg_0,-1,-1,-1,-1,-1,-1
8kdi_0,-1,-1,-1,-1,-1,-1
8w5o_0,-1,-1,-1,-1,-1,-1
1sy6_0,-1,-1,-1,-1,-1,-1
1xiw_1,-1,-1,-1,-1,-1,-1
9cia_0,-1,-1,-1,-1,-1,-1
9cq4_0,-1,-1,-1,-1,-1,-1
9cq4_1,-1,-1,-1,-1,-1,-1
8v91_0,-1,-1,-1,-1,-1,-1
8v9d_0,-1,-1,-1,-1,-1,-1
9ert_0,-1,-1,-1,-1,-1,-1
9erw_0,-1,-1,-1,-1,-1,-1
9etj_2,-1,-1,-1,-1,-1,-1
8zrh_0,-1,-1,-1,-1,-1,-1
8vqd_0,-1,-1,-1,-1,-1,-1
8ukh_0,-1,-1,-1,-1,-1,-1
8zh8_0,-1,-1,-1,-1,-1,-1
8qz4_1,-1,-1,-1,-1,-1,-1
8sx3_0,-1,-1,-1,-1,-1,-1
8sx3_1,-1,-1,-1,-1,-1,-1
9bdh_0,-1,-1,-1,-1,-1,-1
8tnl_2,-1,-1,-1,-1,-1,-1
8toa_0,-1,-1,-1,-1,-1,-1
8iu2_0,-1,-1,-1,-1,-1,-1
8g78_1,-1,-1,-1,-1,-1,-1
8g78_4,-1,-1,-1,-1,-1,-1
8tw3_0,-1,-1,-1,-1,-1,-1
8tw3_1,-1,-1,-1,-1,-1,-1
8j97_0,-1,-1,-1,-1,-1,-1
8k2x_0,-1,-1,-1,-1,-1,-1
8hnk_0,-1,-1,-1,-1,-1,-1
8hnl_0,-1,-1,-1,-1,-1,-1
8hnm_0,-1,-1,-1,-1,-1,-1
6wjl_0,-1,-1,-1,-1,-1,-1
8dqu_0,-1,-1,-1,-1,-1,-1
7uih_0,-1,-1,-1,-1,-1,-1
7uih_1,-1,-1,-1,-1,-1,-1
7uih_2,-1,-1,-1,-1,-1,-1
7uih_3,-1,-1,-1,-1,-1,-1
8diu_2,-1,-1,-1,-1,-1,-1
7zw1_0,-1,-1,-1,-1,-1,-1
8dkw_0,-1,-1,-1,-1,-1,-1
8dkx_0,-1,-1,-1,-1,-1,-1
7y9u_0,79,36,5,85,39,5
7y9v_0,79,36,5,85,39,5
8jh5_0,79,36,5,85,39,5
7ndf_1,-1,-1,-1,-1,-1,-1
7ph2_1,-1,-1,-1,-1,-1,-1
7ph3_1,80,-1,-1,86,-1,-1
7ph7_1,80,-1,-1,86,-1,-1
7ph4_1,80,-1,-1,86,-1,-1
8dpf_0,-1,-1,-1,-1,-1,-1
8dpg_0,-1,-1,-1,-1,-1,-1
8dph_0,-1,-1,-1,-1,-1,-1
8dpi_0,-1,-1,-1,-1,-1,-1
6x08_0,-1,-1,-1,-1,-1,-1
3vi3_1,-1,-1,-1,-1,-1,-1
3vi4_0,-1,-1,-1,-1,-1,-1
7nwl_0,-1,-1,-1,-1,-1,-1
7p78_1,-1,-1,-1,-1,-1,-1
4orz_0,-1,-1,-1,-1,-1,-1
7xod_0,-1,-1,-1,-1,-1,-1
5fb8_0,-1,-1,-1,-1,-1,-1
3jcc_0,-1,-1,-1,-1,-1,-1
7cth_0,-1,-1,-1,-1,-1,-1
7mn8_0,-1,-1,-1,-1,-1,-1
7qti_0,-1,-1,-1,-1,-1,-1
7qti_1,-1,-1,-1,-1,-1,-1
7qti_2,-1,-1,-1,-1,-1,-1
7qti_3,-1,-1,-1,-1,-1,-1
7tcc_0,81,37,-1,87,40,-1
7tcc_1,81,37,-1,87,40,-1
7tca_0,81,37,-1,87,40,-1
7tcc_2,-1,-1,-1,-1,-1,-1
7tcc_3,-1,-1,-1,-1,-1,-1
7tcc_4,-1,-1,-1,-1,-1,-1
7tcc_5,-1,-1,-1,-1,-1,-1
7bts_0,-1,-1,-1,-1,-1,-1
7l5j_0,-1,-1,-1,-1,-1,-1
5o1r_0,-1,-1,-1,-1,-1,-1
6pis_1,-1,-1,-1,-1,-1,-1
7a3q_0,-1,-1,-1,-1,-1,-1
3jwo_0,-1,-1,-1,-1,-1,-1
1e6j_0,-1,-1,-1,-1,-1,-1
7seg_1,-1,-1,-1,-1,-1,-1
4grw_0,-1,-1,-1,-1,-1,-1
1i9r_2,-1,-1,-1,-1,-1,-1
4u6v_0,-1,-1,-1,-1,-1,-1
6vzi_1,-1,-1,-1,-1,-1,-1
4rdq_4,-1,-1,-1,-1,-1,-1
6p4b_1,-1,-1,-1,-1,-1,-1
4y5v_1,-1,-1,-1,-1,-1,-1
4y5x_2,-1,-1,-1,-1,-1,-1
3u30_1,-1,-1,-1,-1,-1,-1
7kbt_0,-1,-1,-1,-1,-1,-1
5wdu_0,-1,-1,-1,-1,-1,-1
5wdu_1,-1,-1,-1,-1,-1,-1
5wdu_2,-1,-1,-1,-1,-1,-1
5wdu_3,-1,-1,-1,-1,-1,-1
5wdu_5,-1,-1,-1,-1,-1,-1
5wdu_8,-1,-1,-1,-1,-1,-1
6i04_0,-1,-1,-1,-1,-1,-1
7bbj_1,-1,-1,-1,-1,-1,-1
2j6e_0,-1,-1,-1,-1,-1,-1
2vxq_0,-1,-1,-1,-1,-1,-1
1nsn_0,-1,-1,-1,-1,-1,-1
5ob5_0,-1,-1,-1,-1,-1,-1
7sfv_0,82,38,6,88,41,6
7sfw_3,82,38,6,88,41,6
8der_1,-1,-1,-1,-1,-1,-1
7ul3_0,-1,-1,-1,-1,-1,-1
7kd0_0,-1,-1,-1,-1,-1,-1
8tfh_0,83,-1,-1,89,-1,-1
8tfl_0,83,-1,-1,89,-1,-1
7ws4_0,-1,-1,-1,-1,-1,-1
4ocn_0,-1,-1,-1,-1,-1,-1
3zkm_0,-1,-1,-1,-1,-1,-1
3zkn_0,-1,-1,-1,-1,-1,-1
3zkq_0,-1,-1,-1,-1,-1,-1
7d5u_0,-1,-1,-1,-1,-1,-1
7f1g_0,-1,-1,-1,-1,-1,-1
7d5b_0,-1,-1,-1,-1,-1,-1
4bfb_0,-1,-1,-1,-1,-1,-1
7n4n_0,-1,-1,-1,-1,-1,-1
6jsz_0,-1,-1,-1,-1,-1,-1
4bel_0,-1,-1,-1,-1,-1,-1
3zks_0,-1,-1,-1,-1,-1,-1
4kuc_1,-1,-1,-1,-1,-1,-1
4lgp_1,-1,-1,-1,-1,-1,-1
4lgr_0,-1,-1,-1,-1,-1,-1
4lgs_0,-1,-1,-1,-1,-1,-1
4lhj_0,-1,-1,-1,-1,-1,-1
4lhq_1,-1,-1,-1,-1,-1,-1
4z9k_0,-1,-1,-1,-1,-1,-1
5boz_4,-1,-1,-1,-1,-1,-1
5e1h_0,-1,-1,-1,-1,-1,-1
5j56_0,-1,-1,-1,-1,-1,-1
5j57_0,-1,-1,-1,-1,-1,-1
5u4m_0,-1,-1,-1,-1,-1,-1
5u4l_0,-1,-1,-1,-1,-1,-1
6cwg_1,-1,-1,-1,-1,-1,-1
6obc_0,-1,-1,-1,-1,-1,-1
6obe_0,-1,-1,-1,-1,-1,-1
6obg_0,-1,-1,-1,-1,-1,-1
6obo_1,-1,-1,-1,-1,-1,-1
6oca_0,-1,-1,-1,-1,-1,-1
6ocd_1,-1,-1,-1,-1,-1,-1
7kbi_0,-1,-1,-1,-1,-1,-1
7tgf_0,-1,-1,-1,-1,-1,-1
7tgi_0,-1,-1,-1,-1,-1,-1
7th2_0,-1,-1,-1,-1,-1,-1
7th3_0,-1,-1,-1,-1,-1,-1
6apb_0,-1,-1,-1,-1,-1,-1
6k6b_0,-1,-1,-1,-1,-1,-1
2vir_0,-1,-1,-1,-1,-1,-1
3fmg_0,-1,-1,-1,-1,-1,-1
6x06_0,-1,-1,-1,-1,-1,-1
7ul4_0,84,39,-1,90,42,-1
9bjk_0,84,39,-1,90,42,-1
4xtr_0,-1,-1,-1,-1,-1,-1
4rx4_0,-1,-1,-1,-1,-1,-1
4xmp_0,-1,-1,-1,-1,-1,-1
4xny_0,-1,-1,-1,-1,-1,-1
7sl8_0,-1,-1,-1,-1,-1,-1
6nij_0,-1,-1,-1,-1,-1,-1
5d93_1,-1,-1,-1,-1,-1,-1
5d96_1,-1,-1,-1,-1,-1,-1
4w6w_0,-1,-1,-1,-1,-1,-1
4w6x_0,-1,-1,-1,-1,-1,-1
4w6y_0,-1,-1,-1,-1,-1,-1
6mar_0,-1,-1,-1,-1,-1,-1
7c80_0,-1,-1,-1,-1,-1,-1
6i6j_0,85,-1,-1,91,-1,-1
7rxc_1,85,-1,-1,91,-1,-1
9irb_0,-1,-1,-1,-1,-1,-1
9mw5_0,-1,-1,-1,-1,-1,-1
8z9o_0,-1,-1,-1,-1,-1,-1
9ixj_0,-1,-1,-1,-1,-1,-1
9rm2_3,-1,-1,-1,-1,-1,-1
9kmj_0,-1,-1,-1,-1,-1,-1
7sc1_2,-1,-1,-1,-1,-1,-1
9ml4_0,-1,-1,-1,-1,-1,-1
9ml5_0,-1,-1,-1,-1,-1,-1
9ml6_0,-1,-1,-1,-1,-1,-1
9ml7_0,-1,-1,-1,-1,-1,-1
9fkn_0,-1,-1,-1,-1,-1,-1
9ds2_1,-1,-1,-1,-1,-1,-1
7f2o_0,-1,-1,-1,-1,-1,-1
7f4d_0,-1,-1,-1,-1,-1,-1
7f4h_0,-1,-1,-1,-1,-1,-1
7f4h_1,-1,-1,-1,-1,-1,-1
7f4i_0,-1,-1,-1,-1,-1,-1
7ran_0,86,-1,-1,92,-1,-1
7s8o_0,86,-1,-1,92,-1,-1
7s8m_0,86,-1,-1,92,-1,-1
7vuj_0,-1,-1,-1,-1,-1,-1
7vuh_0,-1,-1,-1,-1,-1,-1
7vui_0,-1,-1,-1,-1,-1,-1
7w56_0,-1,-1,-1,-1,-1,-1
7xp4_0,-1,-1,-1,-1,-1,-1
7xp6_0,-1,-1,-1,-1,-1,-1
8hj0_0,-1,-1,-1,-1,-1,-1
7xp5_0,-1,-1,-1,-1,-1,-1
8h4i_0,-1,-1,-1,-1,-1,-1
7ydp_0,-1,-1,-1,-1,-1,-1
7wy8_0,-1,-1,-1,-1,-1,-1
7xv3_0,-1,-1,-1,-1,-1,-1
7wxw_0,-1,-1,-1,-1,-1,-1
8ikg_0,-1,-1,-1,-1,-1,-1
8ikh_0,-1,-1,-1,-1,-1,-1
8itf_0,-1,-1,-1,-1,-1,-1
8itf_1,-1,-1,-1,-1,-1,-1
8j23_0,-1,-1,-1,-1,-1,-1
8j9n_0,-1,-1,-1,-1,-1,-1
8jbh_0,-1,-1,-1,-1,-1,-1
8jpn_0,-1,-1,-1,-1,-1,-1
8k8j_0,-1,-1,-1,-1,-1,-1
8uwl_0,87,-1,-1,93,-1,-1
8wc5_0,87,-1,-1,93,-1,-1
8vy7_0,87,-1,-1,93,-1,-1
8wc6_1,-1,-1,-1,-1,-1,-1
8wc7_0,-1,-1,-1,-1,-1,-1
8wjx_0,-1,-1,-1,-1,-1,-1
8wwh_0,-1,-1,-1,-1,-1,-1
8wwi_0,-1,-1,-1,-1,-1,-1
8wwj_0,-1,-1,-1,-1,-1,-1
8wwk_0,-1,-1,-1,-1,-1,-1
8wwl_0,-1,-1,-1,-1,-1,-1
8wwm_0,-1,-1,-1,-1,-1,-1
8wwn_0,-1,-1,-1,-1,-1,-1
8xve_0,-1,-1,-1,-1,-1,-1
8xvh_0,-1,-1,-1,-1,-1,-1
8xvi_0,-1,-1,-1,-1,-1,-1
8xql_0,-1,-1,-1,-1,-1,-1
8xqr_0,-1,-1,-1,-1,-1,-1
8yn5_0,-1,-1,-1,-1,-1,-1
8yn6_0,-1,-1,-1,-1,-1,-1
8yn9_0,-1,-1,-1,-1,-1,-1
8yy8_0,-1,-1,-1,-1,-1,-1
8zfj_0,-1,-1,-1,-1,-1,-1
8zfz_0,-1,-1,-1,-1,-1,-1
9ary_0,88,-1,-1,94,-1,-1
9as4_0,88,-1,-1,94,-1,-1
8zje_0,88,-1,-1,94,-1,-1
9ew2_0,-1,-1,-1,-1,-1,-1
9j31_0,-1,-1,-1,-1,-1,-1
9jfx_0,-1,-1,-1,-1,-1,-1
9jfz_0,-1,-1,-1,-1,-1,-1
9k3h_0,89,-1,-1,95,-1,-1
9jmd_0,89,-1,-1,95,-1,-1
9k3k_0,-1,-1,-1,-1,-1,-1
9k6l_0,-1,-1,-1,-1,-1,-1
9kpd_0,-1,-1,-1,-1,-1,-1
9kpf_0,-1,-1,-1,-1,-1,-1
9nox_0,-1,-1,-1,-1,-1,-1
9o38_0,-1,-1,-1,-1,-1,-1
8xum_0,-1,-1,-1,-1,-1,-1
9uok_0,-1,-1,-1,-1,-1,-1
8zpb_0,-1,-1,-1,-1,-1,-1
8x7n_0,-1,-1,-1,-1,-1,-1
6w52_0,-1,-1,-1,-1,-1,-1
8dg9_0,-1,-1,-1,-1,-1,-1
8kg5_0,-1,-1,-1,-1,-1,-1
8ulk_2,-1,-1,-1,-1,-1,-1
5v2a_0,90,40,-1,96,43,-1
5f45_0,90,40,-1,96,43,-1
5vag_0,-1,-1,-1,-1,-1,-1
5xku_0,-1,-1,-1,-1,-1,-1
6ii4_0,-1,-1,-1,-1,-1,-1
6ii8_2,-1,-1,-1,-1,-1,-1
6ii9_2,-1,-1,-1,-1,-1,-1
6uig_0,-1,-1,-1,-1,-1,-1
8t1g_2,-1,-1,-1,-1,-1,-1
9bt5_1,-1,-1,-1,-1,-1,-1
8sfs_0,-1,-1,-1,-1,-1,-1
8pih_0,-1,-1,-1,-1,-1,-1
8pih_1,-1,-1,-1,-1,-1,-1
8snc_0,-1,-1,-1,-1,-1,-1
8snc_1,-1,-1,-1,-1,-1,-1
8st2_0,-1,-1,-1,-1,-1,-1
8st3_1,-1,-1,-1,-1,-1,-1
8st4_1,-1,-1,-1,-1,-1,-1
7yp1_0,-1,-1,-1,-1,-1,-1
8jhi_0,-1,-1,-1,-1,-1,-1
8cn9_0,-1,-1,-1,-1,-1,-1
8g4p_0,-1,-1,-1,-1,-1,-1
8g4p_1,-1,-1,-1,-1,-1,-1
8q94_0,-1,-1,-1,-1,-1,-1
8q94_1,-1,-1,-1,-1,-1,-1
8opr_0,-1,-1,-1,-1,-1,-1
8opr_1,-1,-1,-1,-1,-1,-1
8oxy_0,-1,-1,-1,-1,-1,-1
7ukm_1,-1,-1,-1,-1,-1,-1
8u5b_0,-1,-1,-1,-1,-1,-1
6mei_0,-1,-1,-1,-1,-1,-1
7rfb_0,-1,-1,-1,-1,-1,-1
7rfc_1,-1,-1,-1,-1,-1,-1
8fsj_0,-1,-1,-1,-1,-1,-1
8fsj_1,-1,-1,-1,-1,-1,-1
8tgv_0,-1,-1,-1,-1,-1,-1
8thz_0,-1,-1,-1,-1,-1,-1
8thz_1,-1,-1,-1,-1,-1,-1
8w0v_0,91,41,-1,97,44,-1
8w0w_0,91,41,-1,97,44,-1
8w0x_0,-1,-1,-1,-1,-1,-1
8w0y_1,-1,-1,-1,-1,-1,-1
8f6l_0,-1,-1,-1,-1,-1,-1
8f6o_0,-1,-1,-1,-1,-1,-1
8gur_0,-1,-1,-1,-1,-1,-1
8fn1_0,-1,-1,-1,-1,-1,-1
7xdb_1,-1,-1,-1,-1,-1,-1
8f6e_0,-1,-1,-1,-1,-1,-1
7kzx_1,-1,-1,-1,-1,-1,-1
7kzz_0,-1,-1,-1,-1,-1,-1
4hkx_0,-1,-1,-1,-1,-1,-1
4yjz_0,-1,-1,-1,-1,-1,-1
4yk4_1,-1,-1,-1,-1,-1,-1
5w0d_0,-1,-1,-1,-1,-1,-1
6q0o_0,-1,-1,-1,-1,-1,-1
7umm_0,-1,-1,-1,-1,-1,-1
8dim_0,-1,-1,-1,-1,-1,-1
7uot_0,-1,-1,-1,-1,-1,-1
7uot_1,-1,-1,-1,-1,-1,-1
7uot_2,-1,-1,-1,-1,-1,-1
7uov_1,-1,-1,-1,-1,-1,-1
7uov_3,-1,-1,-1,-1,-1,-1
7uov_5,-1,-1,-1,-1,-1,-1
7dq7_0,-1,-1,-1,-1,-1,-1
7x2o_0,-1,-1,-1,-1,-1,-1
7x2i_0,-1,-1,-1,-1,-1,-1
7x2t_0,-1,-1,-1,-1,-1,-1
7x2w_0,-1,-1,-1,-1,-1,-1
7x3c_1,-1,-1,-1,-1,-1,-1
7x3e_0,-1,-1,-1,-1,-1,-1
7x3d_0,-1,-1,-1,-1,-1,-1
7x40_0,-1,-1,-1,-1,-1,-1
7x42_0,-1,-1,-1,-1,-1,-1
7x49_0,-1,-1,-1,-1,-1,-1
7x4m_0,-1,-1,-1,-1,-1,-1
9bt8_1,-1,-1,-1,-1,-1,-1
9cx3_0,-1,-1,-1,-1,-1,-1
8via_0,-1,-1,-1,-1,-1,-1
4kv5_0,-1,-1,-1,-1,-1,-1
8udz_1,-1,-1,-1,-1,-1,-1
8ts0_0,-1,-1,-1,-1,-1,-1
8wsu_0,-1,-1,-1,-1,-1,-1
8jtw_0,-1,-1,-1,-1,-1,-1
8jtx_0,-1,-1,-1,-1,-1,-1
8jty_0,-1,-1,-1,-1,-1,-1
8t60_0,-1,-1,-1,-1,-1,-1
8tw3_2,-1,-1,-1,-1,-1,-1
8tw3_3,-1,-1,-1,-1,-1,-1
8jaf_0,-1,-1,-1,-1,-1,-1
8t9z_0,-1,-1,-1,-1,-1,-1
8syp_1,-1,-1,-1,-1,-1,-1
8gpi_1,-1,-1,-1,-1,-1,-1
8f0j_0,-1,-1,-1,-1,-1,-1
7ydj_0,-1,-1,-1,-1,-1,-1
4kxz_3,-1,-1,-1,-1,-1,-1
6xm2_0,92,42,-1,98,45,-1
7rco_1,92,42,-1,98,45,-1
8fxv_0,-1,-1,-1,-1,-1,-1
3sob_0,-1,-1,-1,-1,-1,-1
8ffe_0,-1,-1,-1,-1,-1,-1
7cj2_0,-1,-1,-1,-1,-1,-1
8df1_1,-1,-1,-1,-1,-1,-1
7uz4_0,-1,-1,-1,-1,-1,-1
7uz5_0,-1,-1,-1,-1,-1,-1
7uz7_0,-1,-1,-1,-1,-1,-1
7uz9_0,-1,-1,-1,-1,-1,-1
7uza_0,-1,-1,-1,-1,-1,-1
8e3x_0,-1,-1,-1,-1,-1,-1
7ugq_0,-1,-1,-1,-1,-1,-1
7ugq_1,-1,-1,-1,-1,-1,-1
7ugq_2,-1,-1,-1,-1,-1,-1
7ugq_3,-1,-1,-1,-1,-1,-1
7ugq_4,-1,-1,-1,-1,-1,-1
7ugq_5,-1,-1,-1,-1,-1,-1
6ivz_0,-1,-1,-1,-1,-1,-1
8gpt_0,93,43,7,99,46,7
8gpu_0,93,43,7,99,46,7
7sa6_0,-1,-1,-1,-1,-1,-1
7t9m_0,-1,-1,-1,-1,-1,-1
7noz_0,-1,-1,-1,-1,-1,-1
8q6r_0,-1,-1,-1,-1,-1,-1
5u8r_0,-1,-1,-1,-1,-1,-1
6n4q_0,-1,-1,-1,-1,-1,-1
6shg_0,-1,-1,-1,-1,-1,-1
7mjs_0,-1,-1,-1,-1,-1,-1
4ps4_0,-1,-1,-1,-1,-1,-1
6f5g_0,-1,-1,-1,-1,-1,-1
7anq_0,-1,-1,-1,-1,-1,-1
9mi3_0,-1,-1,-1,-1,-1,-1
9uxe_1,-1,-1,-1,-1,-1,-1
9lrd_0,94,-1,-1,100,-1,-1
8iy5_0,94,-1,-1,100,-1,-1
7db6_0,94,-1,-1,100,-1,-1
7y1f_0,94,-1,-1,100,-1,-1
9jhj_0,94,-1,-1,100,-1,-1
7sbf_0,94,-1,-1,100,-1,-1
6dde_0,94,-1,-1,100,-1,-1
7u2l_0,94,-1,-1,100,-1,-1
7rkm_0,94,-1,-1,100,-1,-1
8y62_0,94,-1,-1,100,-1,-1
7t2h_0,94,-1,-1,100,-1,-1
7jhj_0,94,-1,-1,100,-1,-1
9msy_0,-1,-1,-1,-1,-1,-1
9msy_1,-1,-1,-1,-1,-1,-1
9msy_2,-1,-1,-1,-1,-1,-1
9msy_3,-1,-1,-1,-1,-1,-1
9msy_4,-1,-1,-1,-1,-1,-1
9msy_5,-1,-1,-1,-1,-1,-1
5i8h_0,-1,-1,-1,-1,-1,-1
5i8h_2,-1,-1,-1,-1,-1,-1
6cde_7,-1,-1,-1,-1,-1,-1
6cde_0,-1,-1,-1,-1,-1,-1
6cdi_1,-1,-1,-1,-1,-1,-1
6cdi_2,-1,-1,-1,-1,-1,-1
6cdi_7,-1,-1,-1,-1,-1,-1
6cue_3,-1,-1,-1,-1,-1,-1
6cue_8,-1,-1,-1,-1,-1,-1
6cue_0,-1,-1,-1,-1,-1,-1
6cuf_0,-1,-1,-1,-1,-1,-1
6cuf_3,-1,-1,-1,-1,-1,-1
6cuf_6,-1,-1,-1,-1,-1,-1
6mpg_0,-1,-1,-1,-1,-1,-1
6mpg_3,-1,-1,-1,-1,-1,-1
6mpg_7,-1,-1,-1,-1,-1,-1
6mph_0,-1,-1,-1,-1,-1,-1
6mph_1,-1,-1,-1,-1,-1,-1
6mph_6,-1,-1,-1,-1,-1,-1
6n1v_2,-1,-1,-1,-1,-1,-1
6n1v_3,-1,-1,-1,-1,-1,-1
6n1v_8,-1,-1,-1,-1,-1,-1
6n1w_7,95,44,8,101,47,8
6n1w_8,95,44,8,101,47,8
6nf2_1,95,44,8,101,47,8
6nf2_5,95,44,8,101,47,8
6nf2_6,95,44,8,101,47,8
6n1w_0,95,44,8,101,47,8
6osy_0,-1,-1,-1,-1,-1,-1
6osy_3,-1,-1,-1,-1,-1,-1
6osy_6,-1,-1,-1,-1,-1,-1
6ot1_3,-1,-1,-1,-1,-1,-1
6ot1_5,-1,-1,-1,-1,-1,-1
6ot1_8,-1,-1,-1,-1,-1,-1
8g9x_0,-1,-1,-1,-1,-1,-1
9d8y_0,-1,-1,-1,-1,-1,-1
9kef_0,-1,-1,-1,-1,-1,-1
9jg0_0,-1,-1,-1,-1,-1,-1
6m1i_0,-1,-1,-1,-1,-1,-1
6m1h_0,-1,-1,-1,-1,-1,-1
9ebn_0,-1,-1,-1,-1,-1,-1
9j3o_0,-1,-1,-1,-1,-1,-1
9j3n_0,-1,-1,-1,-1,-1,-1
7t73_0,-1,-1,-1,-1,-1,-1
7fjc_0,-1,-1,-1,-1,-1,-1
7xta_0,-1,-1,-1,-1,-1,-1
6fe4_0,-1,-1,-1,-1,-1,-1
5uoe_2,-1,-1,-1,-1,-1,-1
6r0x_1,-1,-1,-1,-1,-1,-1
7lo7_0,-1,-1,-1,-1,-1,-1
7k43_2,-1,-1,-1,-1,-1,-1
3iu3_1,-1,-1,-1,-1,-1,-1
6k64_0,-1,-1,-1,-1,-1,-1
3pnw_0,-1,-1,-1,-1,-1,-1
4pir_1,-1,-1,-1,-1,-1,-1
7lvw_0,-1,-1,-1,-1,-1,-1
8t7a_0,-1,-1,-1,-1,-1,-1
6xpz_0,-1,-1,-1,-1,-1,-1
5hbt_0,-1,-1,-1,-1,-1,-1
7epu_0,-1,-1,-1,-1,-1,-1
7mlv_0,-1,-1,-1,-1,-1,-1
5vke_0,-1,-1,-1,-1,-1,-1
7t4q_2,-1,-1,-1,-1,-1,-1
6vn0_2,-1,-1,-1,-1,-1,-1
6m58_1,-1,-1,-1,-1,-1,-1
4jpv_0,-1,-1,-1,-1,-1,-1
4lsq_0,-1,-1,-1,-1,-1,-1
5f6j_0,-1,-1,-1,-1,-1,-1
5lsp_0,-1,-1,-1,-1,-1,-1
6wvz_0,-1,-1,-1,-1,-1,-1
4p9h_0,-1,-1,-1,-1,-1,-1
3ab0_0,-1,-1,-1,-1,-1,-1
4zso_1,-1,-1,-1,-1,-1,-1
6weq_2,-1,-1,-1,-1,-1,-1
7kdd_0,-1,-1,-1,-1,-1,-1
6q20_0,-1,-1,-1,-1,-1,-1
7kd2_0,-1,-1,-1,-1,-1,-1
4xph_0,-1,-1,-1,102,-1,-1
6m0f_0,-1,-1,-1,102,-1,-1
6m38_0,-1,-1,-1,102,-1,-1
7lqw_0,-1,-1,-1,-1,-1,-1
5c0n_0,-1,-1,-1,-1,-1,-1
5d8j_0,-1,-1,-1,-1,-1,-1
7jks_0,-1,-1,-1,-1,-1,-1
7jkt_0,-1,-1,-1,-1,-1,-1
4hj0_1,-1,-1,-1,-1,-1,-1
6dkj_0,-1,-1,-1,-1,-1,-1
4yxl_0,-1,-1,-1,-1,-1,-1
7e53_0,-1,-1,-1,-1,-1,-1
8rl9_0,-1,-1,-1,-1,-1,-1
8rlb_0,-1,-1,-1,-1,-1,-1
8rlc_0,-1,-1,-1,-1,-1,-1
8rle_0,-1,-1,-1,-1,-1,-1
4k94_0,-1,-1,-1,-1,-1,-1
4k9e_0,-1,-1,-1,-1,-1,-1
4lvn_0,-1,-1,-1,-1,-1,-1
4lvo_0,-1,-1,-1,-1,-1,-1
6vlw_0,-1,-1,-1,-1,-1,-1
6mtn_1,-1,-1,-1,103,-1,-1
6nnf_1,-1,-1,-1,103,-1,-1
7ncs_0,-1,-1,-1,-1,-1,-1
4mqt_0,-1,-1,-1,-1,-1,-1
9ejf_0,-1,-1,-1,-1,-1,-1
9o9v_0,-1,-1,-1,-1,-1,-1
9cu7_0,-1,-1,-1,-1,-1,-1
6cbv_0,-1,-1,-1,-1,-1,-1
7xrz_1,-1,-1,-1,-1,-1,-1
8j7e_1,-1,-1,-1,-1,-1,-1
8th4_0,-1,-1,-1,-1,-1,-1
8th4_1,-1,-1,-1,-1,-1,-1
9lvb_0,-1,-1,-1,-1,-1,-1
9uxd_0,-1,-1,-1,-1,-1,-1
9cff_0,96,-1,-1,104,-1,-1
9cfg_0,96,-1,-1,104,-1,-1
8yw6_0,-1,-1,-1,-1,-1,-1
8yw8_0,-1,-1,-1,-1,-1,-1
8yw9_1,-1,-1,-1,-1,-1,-1
9gix_0,-1,-1,-1,-1,-1,-1
9knw_0,-1,-1,-1,-1,-1,-1
9knx_0,-1,-1,-1,-1,-1,-1
9kny_0,-1,-1,-1,-1,-1,-1
9jfy_0,-1,-1,-1,-1,-1,-1
9b13_0,-1,-1,-1,-1,-1,-1
9h4r_0,-1,-1,-1,-1,-1,-1
9h4s_0,-1,-1,-1,-1,-1,-1
8til_0,-1,-1,-1,-1,-1,-1
8vj9_0,-1,-1,-1,-1,-1,-1
8w5v_0,-1,-1,-1,-1,-1,-1
7bsd_0,-1,-1,-1,-1,-1,-1
8jkf_0,-1,-1,-1,-1,-1,-1
8jkh_1,-1,-1,-1,-1,-1,-1
8jqm_0,-1,-1,-1,-1,-1,-1
8jqn_0,-1,-1,-1,-1,-1,-1
8jqs_1,-1,-1,-1,-1,-1,-1
8wze_0,-1,-1,-1,-1,-1,-1
9bia_0,-1,-1,-1,-1,-1,-1
8tx3_1,-1,-1,-1,-1,-1,-1
8u3s_0,-1,-1,-1,-1,-1,-1
8rmm_0,-1,-1,-1,-1,-1,-1
8rml_0,-1,-1,-1,-1,-1,-1
8rmm_1,-1,-1,-1,-1,-1,-1
8rmm_8,-1,-1,-1,-1,-1,-1
8rmn_0,-1,-1,-1,-1,-1,-1
8urf_0,-1,-1,-1,-1,-1,-1
8x8n_0,-1,-1,-1,-1,-1,-1
8v5k_0,-1,-1,-1,-1,-1,-1
8v5k_1,-1,-1,-1,-1,-1,-1
8v5k_2,-1,-1,-1,-1,-1,-1
8v5k_3,-1,-1,-1,-1,-1,-1
8v5k_4,-1,-1,-1,-1,-1,-1
8v5k_5,-1,-1,-1,-1,-1,-1
6vy5_0,-1,-1,-1,-1,-1,-1
8ja5_0,-1,-1,-1,-1,-1,-1
8k0c_0,-1,-1,-1,-1,-1,-1
8tqi_0,-1,-1,-1,-1,-1,-1
8tqi_1,-1,-1,-1,-1,-1,-1
8tqi_2,-1,-1,-1,-1,-1,-1
8tqi_3,-1,-1,-1,-1,-1,-1
8w86_1,-1,-1,-1,-1,-1,-1
6e0c_1,-1,-1,-1,-1,-1,-1
8so3_1,-1,-1,-1,-1,-1,-1
8apy_0,-1,-1,-1,-1,-1,-1
7xd2_2,-1,-1,-1,-1,-1,-1
8e8s_0,-1,-1,-1,-1,-1,-1
8d9z_0,-1,-1,-1,-1,-1,-1
7xnf_0,-1,-1,-1,-1,-1,-1
7xsw_1,-1,-1,-1,-1,-1,-1
8err_1,-1,-1,-1,-1,-1,-1
7sbd_0,-1,-1,-1,-1,-1,-1
7sbg_0,-1,-1,-1,-1,-1,-1
7urf_0,-1,-1,-1,-1,-1,-1
1a14_0,-1,-1,-1,-1,-1,-1
1nca_0,-1,-1,-1,-1,-1,-1
1nmc_1,-1,-1,-1,-1,-1,-1
4s10_1,-1,-1,-1,-1,-1,-1
2kh2_0,-1,-1,-1,-1,-1,-1
4g6j_0,-1,-1,-1,-1,-1,-1
4g6m_0,-1,-1,-1,-1,-1,-1
5bvp_0,-1,-1,-1,-1,-1,-1
5mvz_1,-1,-1,-1,-1,-1,-1
7chz_0,97,-1,-1,105,-1,-1
7chy_0,97,-1,-1,105,-1,-1
7z4t_0,-1,-1,-1,-1,-1,-1
7sn3_1,-1,-1,-1,-1,-1,-1
6ni3_0,-1,-1,-1,-1,-1,-1
7aqx_0,-1,-1,-1,-1,-1,-1
7aqy_1,-1,-1,-1,-1,-1,-1
7aqz_1,-1,-1,-1,-1,-1,-1
7ar0_0,-1,-1,-1,-1,-1,-1
6xkq_0,-1,-1,-1,-1,-1,-1
4lqf_0,-1,-1,-1,-1,-1,-1
4lu5_0,-1,-1,-1,-1,-1,-1
4m1g_0,-1,-1,-1,-1,-1,-1
6crk_0,-1,-1,-1,-1,-1,-1
5e7f_2,-1,-1,-1,-1,-1,-1
7m2h_0,-1,-1,-1,-1,-1,-1
7q6c_0,-1,-1,-1,-1,-1,-1
7p2d_0,-1,-1,-1,-1,-1,-1
7kjh_1,-1,-1,-1,-1,-1,-1
6k6a_0,-1,-1,-1,-1,-1,-1
5uqy_3,-1,-1,-1,-1,-1,-1
6bp2_0,-1,-1,-1,-1,-1,-1
6kyz_0,-1,-1,-1,-1,-1,-1
6kz0_1,-1,-1,-1,-1,-1,-1
2xqy_0,-1,-1,-1,-1,-1,-1
5js9_0,-1,-1,-1,-1,-1,-1
5jsa_0,-1,-1,-1,-1,-1,-1
5jsa_1,-1,-1,-1,-1,-1,-1
7a0y_0,-1,-1,-1,-1,-1,-1
6qee_0,-1,-1,-1,-1,-1,-1
6krz_1,-1,-1,-1,-1,-1,-1
4m5z_0,-1,-1,-1,-1,-1,-1
5xhv_1,-1,-1,-1,-1,-1,-1
6a4k_1,-1,-1,-1,-1,-1,-1
6ieb_0,-1,-1,-1,-1,-1,-1
4k8r_0,-1,-1,-1,-1,-1,-1
4k8r_1,-1,-1,-1,-1,-1,-1
6avq_0,-1,-1,-1,-1,-1,-1
9axl_0,-1,-1,-1,-1,-1,-1
7niw_0,-1,-1,-1,-1,-1,-1
7mbx_0,-1,-1,-1,-1,-1,-1
7s2r_0,-1,-1,-1,-1,-1,-1
8epa_0,-1,-1,-1,-1,-1,-1
8epa_1,-1,-1,-1,-1,-1,-1
9jqt_0,-1,-1,-1,-1,-1,-1
1j5o_0,-1,-1,-1,-1,-1,-1
4ot1_0,-1,-1,-1,-1,-1,-1
5e94_1,-1,-1,-1,-1,-1,-1
6ln2_0,-1,-1,-1,-1,-1,-1
3l95_0,-1,-1,-1,-1,-1,-1
4lf3_0,-1,-1,-1,-1,-1,-1
2oz4_0,-1,-1,-1,-1,-1,-1
6lxi_1,-1,-1,-1,-1,-1,-1
8e6j_0,-1,-1,-1,-1,-1,-1
8e6k_0,-1,-1,-1,-1,-1,-1
5vkh_0,-1,-1,-1,-1,-1,-1
7r88_0,-1,-1,-1,-1,-1,-1
9faj_1,-1,-1,-1,-1,-1,-1
9fak_1,-1,-1,-1,-1,-1,-1
9dlf_0,-1,-1,-1,-1,-1,-1
8xa4_0,-1,-1,-1,-1,-1,-1
9g6x_0,-1,-1,-1,-1,-1,-1
9ixv_0,-1,-1,-1,-1,-1,-1
9dmj_0,-1,-1,-1,-1,-1,-1
9dmk_0,-1,-1,-1,-1,-1,-1
9b7s_0,-1,-1,-1,-1,-1,-1
8veb_1,-1,-1,-1,-1,-1,-1
8ved_0,-1,-1,-1,-1,-1,-1
8vef_0,-1,-1,-1,-1,-1,-1
8ykg_1,-1,-1,-1,-1,-1,-1
9e76_3,-1,-1,-1,-1,-1,-1
9cx7_0,-1,-1,-1,-1,-1,-1
9cxc_0,-1,-1,-1,-1,-1,-1
8y4w_0,-1,-1,-1,-1,-1,-1
8y4x_0,-1,-1,-1,-1,-1,-1
8yzk_0,-1,-1,-1,-1,-1,-1
9ima_0,-1,-1,-1,-1,-1,-1
8tl5_0,-1,-1,-1,-1,-1,-1
8gjm_0,-1,-1,-1,-1,-1,-1
8pe1_1,-1,-1,-1,-1,-1,-1
8pe2_0,-1,-1,-1,-1,-1,-1
7urq_0,-1,-1,-1,-1,-1,-1
7urs_0,-1,-1,-1,-1,-1,-1
7w9f_0,-1,-1,-1,-1,-1,-1
7wck_0,-1,-1,-1,-1,-1,-1
7wcu_0,-1,-1,-1,-1,-1,-1
7wro_0,-1,-1,-1,-1,-1,-1
7wry_0,-1,-1,-1,-1,-1,-1
7x7d_0,-1,-1,-1,-1,-1,-1
7x7u_0,-1,-1,-1,-1,-1,-1
7x7u_1,-1,-1,-1,-1,-1,-1
7x7u_2,-1,-1,-1,-1,-1,-1
7xcz_0,-1,-1,-1,-1,-1,-1
7xcz_1,-1,-1,-1,-1,-1,-1
7xda_0,-1,-1,-1,-1,-1,-1
7xda_1,-1,-1,-1,-1,-1,-1
8bbn_0,-1,-1,-1,-1,-1,-1
8bbn_1,-1,-1,-1,-1,-1,-1
8bbn_2,-1,-1,-1,-1,-1,-1
8bbn_3,-1,-1,-1,-1,-1,-1
8bbn_4,-1,-1,-1,-1,-1,-1
8bbn_5,-1,-1,-1,-1,-1,-1
8bbo_0,-1,-1,-1,-1,-1,-1
8bcz_0,-1,-1,-1,-1,-1,-1
8bcz_1,-1,-1,-1,-1,-1,-1
8bcz_2,-1,-1,-1,-1,-1,-1
8bcz_3,-1,-1,-1,-1,-1,-1
8c3v_0,98,-1,-1,106,-1,-1
8c3v_1,98,-1,-1,106,-1,-1
8c3v_2,98,-1,-1,106,-1,-1
8c3v_3,-1,-1,-1,-1,-1,-1
8c3v_4,-1,-1,-1,-1,-1,-1
8c3v_5,-1,-1,-1,-1,-1,-1
8cbd_0,-1,-1,-1,-1,-1,-1
8cbd_1,-1,-1,-1,-1,-1,-1
8cbd_2,-1,-1,-1,-1,-1,-1
8cbd_3,-1,-1,-1,-1,-1,-1
8cbd_4,-1,-1,-1,-1,-1,-1
8cbd_5,-1,-1,-1,-1,-1,-1
8cbe_0,-1,-1,-1,-1,-1,-1
8cbe_1,-1,-1,-1,-1,-1,-1
8cbf_0,-1,-1,-1,-1,-1,-1
8cbf_1,-1,-1,-1,-1,-1,-1
8cii_0,-1,-1,-1,-1,-1,-1
8cii_1,-1,-1,-1,-1,-1,-1
8cii_2,-1,-1,-1,-1,-1,-1
8cma_0,-1,-1,-1,-1,-1,-1
8hrd_0,-1,-1,-1,-1,-1,-1
8hrd_1,-1,-1,-1,-1,-1,-1
8hrd_2,-1,-1,-1,-1,-1,-1
8hrd_3,-1,-1,-1,-1,-1,-1
8hrd_4,-1,-1,-1,-1,-1,-1
8hrd_5,-1,-1,-1,-1,-1,-1
8hrd_6,-1,-1,-1,-1,-1,-1
8hrd_7,-1,-1,-1,-1,-1,-1
8i5h_0,-1,-1,-1,-1,-1,-1
8i5i_0,-1,-1,-1,-1,-1,-1
8qrf_0,-1,-1,-1,-1,-1,-1
8qrf_1,-1,-1,-1,-1,-1,-1
8qrg_0,-1,-1,-1,-1,-1,-1
8qrg_1,-1,-1,-1,-1,-1,-1
8qzr_0,-1,-1,-1,-1,-1,-1
8r80_1,-1,-1,-1,-1,-1,-1
8yz5_1,-1,-1,-1,-1,-1,-1
9l6c_0,-1,-1,-1,-1,-1,-1
9l6c_1,-1,-1,-1,-1,-1,-1
9l6c_2,-1,-1,-1,-1,-1,-1
6nf5_2,-1,-1,-1,-1,-1,-1
6nf5_3,-1,-1,-1,-1,-1,-1
6nf5_5,-1,-1,-1,-1,-1,-1
8f9m_1,-1,-1,-1,-1,-1,-1
8pkc_0,-1,-1,-1,-1,-1,-1
9axf_0,-1,-1,-1,-1,-1,-1
7jtr_3,-1,-1,-1,-1,-1,-1
8vrs_1,-1,-1,-1,-1,-1,-1
8r1d_2,-1,-1,-1,-1,-1,-1
8g70_0,-1,-1,-1,-1,-1,-1
8g70_5,-1,-1,-1,-1,-1,-1
8g70_7,-1,-1,-1,-1,-1,-1
8c7m_0,-1,-1,-1,-1,-1,-1
8hn1_0,-1,-1,-1,-1,-1,-1
8q95_0,-1,-1,-1,-1,-1,-1
8q95_1,-1,-1,-1,-1,-1,-1
6y9b_1,-1,-1,-1,-1,-1,-1
8ucd_0,-1,-1,-1,-1,-1,-1
8foi_0,-1,-1,-1,-1,-1,-1
8g4n_0,-1,-1,-1,-1,-1,-1
8g4x_0,-1,-1,-1,-1,-1,-1
8g5f_0,-1,-1,-1,-1,-1,-1
8g5g_0,-1,-1,-1,-1,-1,-1
8g5h_0,-1,-1,-1,-1,-1,-1
9crv_0,-1,-1,-1,-1,-1,-1
8p8a_0,-1,-1,-1,-1,-1,-1
6xob_1,-1,-1,-1,-1,-1,-1
8dwo_0,-1,-1,-1,-1,-1,-1
8e1m_0,-1,-1,-1,-1,-1,-1
8scx_0,-1,-1,-1,-1,-1,-1
8sne_0,-1,-1,-1,-1,-1,-1
8sne_1,-1,-1,-1,-1,-1,-1
8vy9_0,-1,-1,-1,-1,-1,-1
8wdt_0,-1,-1,-1,-1,-1,-1
8j8z_0,-1,-1,-1,-1,-1,-1
8tlm_0,-1,-1,-1,-1,-1,-1
8hgl_0,-1,-1,-1,-1,-1,-1
8g4o_0,-1,-1,-1,-1,-1,-1
7yac_0,99,-1,-1,107,-1,-1
7y67_0,99,-1,-1,107,-1,-1
8j6j_0,99,-1,-1,107,-1,-1
8iz4_0,99,-1,-1,107,-1,-1
8jhy_0,-1,-1,-1,-1,-1,-1
8jii_0,-1,-1,-1,-1,-1,-1
8jim_0,-1,-1,-1,-1,-1,-1
8k6m_0,100,-1,-1,108,-1,-1
8k6o_0,100,-1,-1,108,-1,-1
8wrb_0,100,-1,-1,108,-1,-1
7yds_0,-1,-1,-1,-1,-1,-1
7soc_0,-1,-1,-1,-1,-1,-1
7soe_0,-1,-1,-1,-1,-1,-1
8f6j_1,-1,-1,-1,-1,-1,-1
8dxs_1,-1,-1,-1,-1,-1,-1
8dxs_2,-1,-1,-1,-1,-1,-1
7xmx_2,-1,-1,-1,-1,-1,-1
7zg0_1,-1,-1,-1,-1,-1,-1
7t74_1,-1,-1,-1,-1,-1,-1
7t74_2,-1,-1,-1,-1,-1,-1
7t75_0,-1,-1,-1,-1,-1,-1
6xzf_0,-1,-1,-1,-1,-1,-1
7sai_0,-1,-1,-1,-1,-1,-1
7xau_0,-1,-1,-1,-1,-1,-1
7xav_0,-1,-1,-1,-1,-1,-1
7xat_0,-1,-1,-1,-1,-1,-1
8dzi_0,-1,-1,-1,-1,-1,-1
7t9n_0,-1,-1,-1,-1,-1,-1
7wjy_0,-1,-1,-1,-1,-1,-1
6bdz_0,-1,-1,-1,-1,-1,-1
5x2o_0,-1,-1,-1,-1,-1,-1
7ra8_1,-1,-1,-1,-1,-1,-1
6wo5_0,-1,-1,-1,-1,-1,-1
6wo5_1,-1,-1,-1,-1,-1,-1
6njl_2,-1,-1,-1,-1,-1,-1
6njl_3,-1,-1,-1,-1,-1,-1
6njn_0,-1,-1,-1,-1,-1,-1
9nr8_1,-1,-1,-1,-1,-1,-1
7e8c_0,-1,-1,-1,-1,-1,-1
7e8c_2,-1,-1,-1,-1,-1,-1
7e8c_3,-1,-1,-1,-1,-1,-1
4hg4_0,-1,-1,-1,-1,-1,-1
6a77_0,101,45,9,109,48,9
6a79_0,101,45,9,109,48,9
6a78_1,101,45,9,109,48,9
7ue9_0,-1,-1,-1,-1,-1,-1
3hmx_0,-1,-1,-1,-1,-1,-1
4grw_1,-1,-1,-1,-1,-1,-1
4grw_2,-1,-1,-1,-1,-1,-1
4grw_4,-1,-1,-1,-1,-1,-1
4grw_5,-1,-1,-1,-1,-1,-1
5mzv_0,-1,-1,-1,-1,-1,-1
5njd_3,-1,-1,-1,-1,-1,-1
6edu_0,-1,-1,-1,-1,-1,-1
6edu_1,-1,-1,-1,-1,-1,-1
6edu_2,-1,-1,-1,-1,-1,-1
6edu_3,-1,-1,-1,-1,-1,-1
6edu_4,-1,-1,-1,-1,-1,-1
6edu_5,-1,-1,-1,-1,-1,-1
6nmr_2,-1,-1,-1,-1,-1,-1
6nms_1,-1,-1,-1,-1,-1,-1
6nmt_0,-1,-1,-1,-1,-1,-1
6nmu_0,-1,-1,-1,-1,-1,-1
6nmv_0,-1,-1,-1,-1,-1,-1
7kpg_0,-1,-1,-1,-1,-1,-1
3whe_2,-1,-1,-1,-1,-1,-1
7ej4_2,-1,-1,-1,-1,-1,-1
7ej5_2,-1,-1,-1,-1,-1,-1
6zxn_1,-1,-1,-1,-1,-1,-1
7a25_0,-1,-1,-1,-1,-1,-1
7a29_0,-1,-1,-1,-1,-1,-1
7b18_0,-1,-1,-1,-1,-1,-1
7b18_2,-1,-1,-1,-1,-1,-1
7ksg_0,-1,-1,-1,-1,-1,-1
7wpd_0,-1,-1,-1,-1,-1,-1
7wpe_0,-1,-1,-1,-1,-1,-1
7wpf_1,-1,-1,-1,-1,-1,-1
7mlu_2,-1,-1,-1,-1,-1,-1
4iof_1,-1,-1,-1,-1,-1,-1
5viy_1,-1,-1,-1,-1,-1,-1
5viy_3,-1,-1,-1,-1,-1,-1
5viy_4,-1,-1,-1,-1,-1,-1
7phq_0,-1,-1,-1,-1,-1,-1
7pij_0,-1,-1,-1,-1,-1,-1
3j5m_1,-1,-1,-1,-1,-1,-1
3jcb_0,-1,-1,-1,-1,-1,-1
4nco_1,-1,-1,-1,-1,-1,-1
5dum_0,-1,-1,-1,-1,-1,-1
5dup_0,-1,-1,-1,-1,-1,-1
5dur_1,-1,-1,-1,-1,-1,-1
6iut_0,-1,-1,-1,-1,-1,-1
6ibb_0,-1,-1,-1,-1,-1,-1
2cmr_0,-1,-1,-1,-1,-1,-1
2xra_0,-1,-1,-1,-1,-1,-1
3ma9_0,-1,-1,-1,-1,-1,-1
3mac_0,-1,-1,-1,-1,-1,-1
6z6v_1,-1,-1,-1,-1,-1,-1
7ora_0,-1,-1,-1,-1,-1,-1
7ora_1,-1,-1,-1,-1,-1,-1
7ora_2,-1,-1,-1,-1,-1,-1
7ora_3,-1,-1,-1,-1,-1,-1
7jvr_0,102,-1,-1,110,-1,-1
7x5h_0,102,-1,-1,110,-1,-1
8wss_0,102,-1,-1,110,-1,-1
8j6l_0,102,-1,-1,110,-1,-1
6b3s_1,-1,-1,-1,-1,-1,-1
1dzb_0,-1,-1,-1,-1,-1,-1
1jtp_1,-1,-1,-1,-1,-1,-1
1uac_0,-1,-1,-1,-1,-1,-1
7kr5_0,-1,-1,-1,-1,-1,-1
6x87_0,-1,-1,-1,-1,-1,-1
6x87_1,-1,-1,-1,-1,-1,-1
6x87_2,-1,-1,-1,-1,-1,-1
6x87_3,-1,-1,-1,-1,-1,-1
6x87_4,-1,-1,-1,-1,-1,-1
6x87_5,-1,-1,-1,-1,-1,-1
6x87_6,-1,-1,-1,-1,-1,-1
7kh0_1,-1,-1,-1,-1,-1,-1
6xw4_1,-1,-1,-1,-1,-1,-1
6xw5_1,-1,-1,-1,-1,-1,-1
6xw6_1,-1,-1,-1,-1,-1,-1
6xw7_3,-1,-1,-1,-1,-1,-1
4qww_0,-1,-1,-1,-1,-1,-1
5ja8_0,-1,-1,-1,-1,-1,-1
5ja9_1,-1,-1,-1,-1,-1,-1
5mje_0,-1,-1,-1,-1,-1,-1
3j8v_1,-1,-1,-1,-1,-1,-1
3j8w_3,-1,-1,-1,-1,-1,-1
3j8z_0,-1,-1,-1,-1,-1,-1
7ljb_0,-1,-1,-1,-1,-1,-1
5uhy_1,-1,-1,-1,-1,-1,-1
4ht1_0,-1,-1,-1,-1,-1,-1
6c9u_0,-1,-1,-1,-1,-1,-1
5x8l_3,-1,-1,-1,-1,-1,-1
5x8m_0,-1,-1,-1,-1,-1,-1
8aok_0,-1,-1,-1,-1,-1,-1
6ccb_0,-1,-1,-1,-1,-1,-1
6oan_0,-1,-1,-1,-1,-1,-1
4lcu_0,-1,-1,-1,-1,-1,-1
7na9_0,-1,-1,-1,-1,-1,-1
7t5f_0,-1,-1,-1,-1,-1,-1
7t5f_1,-1,-1,-1,-1,-1,-1
7t5f_2,-1,-1,-1,-1,-1,-1
7t5f_3,-1,-1,-1,-1,-1,-1
4xak_1,-1,-1,-1,-1,-1,-1
4zpv_0,-1,-1,-1,-1,-1,-1
4zpt_0,-1,-1,-1,-1,-1,-1
6c6y_0,-1,-1,-1,-1,-1,-1
6c6z_0,-1,-1,-1,-1,-1,-1
6war_7,-1,-1,-1,-1,-1,-1
1qfw_1,-1,-1,-1,-1,-1,-1
5fhc_0,-1,-1,-1,-1,-1,-1
5fhc_1,-1,-1,-1,-1,-1,-1
6ea7_0,-1,-1,-1,-1,-1,-1
7tn9_3,-1,-1,-1,-1,-1,-1
7tn9_4,-1,-1,-1,-1,-1,-1
7tn9_7,-1,-1,-1,-1,-1,-1
2zjs_0,-1,-1,-1,-1,-1,-1
6uqr_1,-1,-1,-1,-1,-1,-1
7shz_2,-1,-1,-1,-1,-1,-1
3eff_1,-1,-1,-1,-1,-1,-1
6id4_0,-1,-1,-1,-1,-1,-1
7rsn_0,-1,-1,-1,-1,-1,-1
5vyf_0,-1,-1,-1,-1,-1,-1
7uap_1,-1,-1,-1,-1,-1,-1
7s2s_1,-1,-1,-1,-1,-1,-1
4mxw_0,-1,-1,-1,-1,-1,-1
4mxv_0,-1,-1,-1,-1,-1,-1
6lgw_0,-1,-1,-1,-1,-1,-1
6nc3_0,-1,-1,-1,-1,-1,-1
7dst_0,-1,-1,-1,-1,-1,-1
4ksd_0,-1,-1,-1,-1,-1,-1
2nxz_0,-1,-1,-1,-1,-1,-1
4oqt_0,-1,-1,-1,-1,-1,-1
6mft_1,-1,-1,-1,-1,-1,-1
2a0l_1,-1,-1,-1,-1,-1,-1
5gzn_1,-1,-1,-1,-1,-1,-1
6nip_1,-1,-1,-1,-1,-1,-1
6niu_0,-1,-1,-1,-1,-1,-1
7a3n_0,-1,-1,-1,-1,-1,-1
7a3u_0,-1,-1,-1,-1,-1,-1
7t17_1,-1,-1,-1,-1,-1,-1
8dv6_1,-1,-1,-1,-1,-1,-1
8ee5_0,-1,-1,-1,-1,-1,-1
8eed_2,-1,-1,-1,-1,-1,-1
8eee_1,-1,-1,-1,-1,-1,-1
4k2u_0,-1,-1,-1,-1,-1,-1
1yy9_0,-1,-1,-1,-1,-1,-1
3wd5_0,-1,-1,-1,-1,-1,-1
5hbv_0,-1,-1,-1,-1,-1,-1
6qgx_0,-1,-1,-1,-1,-1,-1
6aj7_0,-1,-1,-1,-1,-1,-1
6aj9_1,-1,-1,-1,-1,-1,-1
7ebr_0,-1,-1,-1,-1,-1,-1
2ht4_1,-1,-1,-1,-1,-1,-1
6uc6_0,-1,-1,-1,-1,-1,-1
6uft_0,-1,-1,-1,-1,-1,-1
6uht_1,-1,-1,-1,-1,-1,-1
6ul4_0,-1,-1,-1,-1,-1,-1
7oh0_0,-1,-1,-1,-1,-1,-1
6bkd_0,-1,-1,-1,-1,-1,-1
1ar1_0,-1,-1,-1,-1,-1,-1
1qle_0,-1,-1,-1,-1,-1,-1
3ehb_0,103,-1,-1,111,-1,-1
3hb3_0,103,-1,-1,111,-1,-1
6wzg_0,-1,-1,-1,-1,-1,-1
6o1f_0,-1,-1,-1,-1,-1,-1
8vgh_0,104,-1,-1,112,-1,-1
8vgi_1,104,-1,-1,112,-1,-1
8vgj_1,104,-1,-1,112,-1,-1
8vgk_1,104,-1,-1,112,-1,-1
6vvu_3,104,-1,-1,112,-1,-1
5um8_0,-1,-1,-1,-1,-1,-1
5tpn_0,-1,-1,-1,-1,-1,-1
7w9e_0,-1,-1,-1,-1,-1,-1
6mxt_0,-1,-1,-1,-1,-1,-1
6csy_0,-1,-1,-1,-1,-1,-1
9k3k_1,-1,-1,-1,-1,-1,-1
8yvk_0,-1,-1,-1,-1,-1,-1
4zs6_1,-1,-1,-1,-1,-1,-1
5do2_0,-1,-1,-1,-1,-1,-1
5gmq_0,-1,-1,-1,-1,-1,-1
5yy5_0,-1,-1,-1,-1,-1,-1
5zxv_1,-1,-1,-1,-1,-1,-1
7coe_1,-1,-1,-1,-1,-1,-1
7x29_1,-1,-1,-1,-1,-1,-1
7x25_0,-1,-1,-1,-1,-1,-1
8idi_1,-1,-1,-1,-1,-1,-1
8idm_0,-1,-1,-1,-1,-1,-1
8idm_1,-1,-1,-1,-1,-1,-1
8ido_0,-1,-1,-1,-1,-1,-1
8iee_0,-1,-1,-1,-1,-1,-1
8ysf_0,-1,-1,-1,-1,-1,-1
8ysh_0,-1,-1,-1,-1,-1,-1
7x3c_0,-1,-1,-1,-1,-1,-1
7sjn_2,-1,-1,-1,-1,-1,-1
2ny0_0,-1,-1,-1,-1,-1,-1
7cmu_0,-1,-1,-1,-1,-1,-1
7cmv_0,-1,-1,-1,-1,-1,-1
7dhr_0,-1,-1,-1,-1,-1,-1
7o7f_0,-1,-1,-1,-1,-1,-1
7p02_0,-1,-1,-1,-1,-1,-1
7vvl_0,-1,-1,-1,-1,-1,-1
7vvm_0,-1,-1,-1,-1,-1,-1
7ydm_0,-1,-1,-1,-1,-1,-1
7wxu_0,-1,-1,-1,-1,-1,-1
7yoo_0,-1,-1,-1,-1,-1,-1
8flu_0,-1,-1,-1,-1,-1,-1
8g94_0,-1,-1,-1,-1,-1,-1
8h4l_0,-1,-1,-1,-1,-1,-1
8jxt_0,105,-1,-1,113,-1,-1
8jef_0,105,-1,-1,113,-1,-1
8jxx_0,105,-1,-1,113,-1,-1
9k3p_1,-1,-1,-1,-1,-1,-1
7oh1_0,-1,-1,-1,-1,-1,-1
7n9v_1,-1,-1,-1,-1,-1,-1
5u7o_1,-1,-1,-1,-1,-1,-1
7e9g_0,-1,-1,-1,-1,-1,-1
5u8q_0,-1,-1,-1,-1,-1,-1
6i9i_0,-1,-1,-1,-1,-1,-1
7dce_0,-1,-1,-1,-1,-1,-1
1jhl_0,-1,-1,-1,-1,-1,-1
5k9o_1,-1,-1,-1,-1,-1,-1
7pnm_2,-1,-1,-1,-1,-1,-1
7po5_0,-1,-1,-1,-1,-1,-1
7lxx_0,-1,-1,-1,-1,-1,-1
4etq_1,-1,-1,-1,-1,-1,-1
5ush_1,-1,-1,-1,-1,-1,-1
5usi_0,-1,-1,-1,-1,-1,-1
5usl_0,-1,-1,-1,-1,-1,-1
6b9j_0,-1,-1,-1,-1,-1,-1
2r9h_1,-1,-1,-1,-1,-1,-1
7nvo_0,-1,-1,-1,-1,-1,-1
4i2x_1,-1,-1,-1,-1,-1,-1
6ea5_0,-1,-1,-1,-1,-1,-1
3ve0_0,-1,-1,-1,-1,-1,-1
7zmq_1,106,46,-1,114,49,-1
7zms_0,106,46,-1,114,49,-1
7zmv_1,106,46,-1,114,49,-1
7zmp_0,106,46,-1,114,49,-1
7zmm_2,106,46,-1,114,49,-1
7zmn_1,106,46,-1,114,49,-1
7zmr_1,106,46,-1,114,49,-1
7zml_0,106,46,-1,114,49,-1
7zmt_1,106,46,-1,114,49,-1
7zmo_0,106,46,-1,114,49,-1
8rl5_0,-1,-1,-1,-1,-1,-1
8rl9_1,-1,-1,-1,-1,-1,-1
8rla_0,-1,-1,-1,-1,-1,-1
6xcm_1,-1,-1,-1,-1,-1,-1
6xcn_1,-1,-1,-1,-1,-1,-1
7lxw_0,-1,-1,-1,-1,-1,-1
4gft_0,-1,-1,-1,-1,-1,-1
7k8s_0,-1,-1,-1,-1,-1,-1
7k8t_0,-1,-1,-1,-1,-1,-1
7k8x_0,-1,-1,-1,-1,-1,-1
7k8y_0,-1,-1,-1,-1,-1,-1
7m6h_1,-1,-1,-1,-1,-1,-1
7m6i_0,-1,-1,-1,-1,-1,-1
8xsl_0,-1,-1,-1,-1,-1,-1
6uyg_0,-1,-1,-1,-1,-1,-1
6uyg_1,-1,-1,-1,-1,-1,-1
3j70_2,-1,-1,-1,-1,-1,-1
5n09_1,-1,-1,-1,-1,-1,-1
3uyp_0,-1,-1,-1,-1,-1,-1
6h3t_1,-1,-1,-1,-1,-1,-1
6h3u_0,-1,-1,-1,-1,-1,-1
7rdw_0,-1,-1,-1,-1,-1,-1
7tzg_0,-1,-1,-1,-1,-1,-1
7tzh_1,-1,-1,-1,-1,-1,-1
7ri2_0,-1,-1,-1,-1,-1,-1
3rjq_0,-1,-1,-1,-1,-1,-1
7rah_0,-1,-1,-1,-1,-1,-1
7rah_1,-1,-1,-1,-1,-1,-1
4m1c_1,-1,-1,-1,-1,-1,-1
4yxh_0,-1,-1,-1,-1,-1,-1
6ce0_1,-1,-1,-1,-1,-1,-1
4d3c_0,-1,-1,-1,-1,-1,-1
6a67_1,-1,-1,-1,-1,-1,-1
1jrh_0,-1,-1,-1,-1,-1,-1
7qu1_0,-1,-1,-1,-1,-1,-1
6bkb_0,-1,-1,-1,-1,-1,-1
7teq_1,-1,-1,-1,-1,-1,-1
7now_0,-1,-1,-1,-1,-1,-1
7nqa_1,-1,-1,-1,-1,-1,-1
3ogc_0,-1,-1,-1,-1,-1,-1
7tpg_0,-1,-1,-1,-1,-1,-1
7tpj_0,-1,-1,-1,-1,-1,-1
6nm6_0,-1,-1,-1,-1,-1,-1
4qnp_1,-1,-1,-1,-1,-1,-1
6q23_0,-1,-1,-1,-1,-1,-1
6s5a_0,-1,-1,-1,-1,-1,-1
7qn5_0,-1,-1,-1,-1,-1,-1
7qn6_1,-1,-1,-1,-1,-1,-1
7qn7_1,-1,-1,-1,-1,-1,-1
7qn8_0,-1,-1,-1,-1,-1,-1
7qna_0,-1,-1,-1,-1,-1,-1
7qnc_1,-1,-1,-1,-1,-1,-1
7qnd_2,-1,-1,-1,-1,-1,-1
5gs2_1,-1,-1,-1,-1,-1,-1
7vbh_0,-1,-1,-1,-1,-1,-1
5nbd_0,-1,-1,-1,-1,-1,-1
6meh_0,-1,-1,-1,-1,-1,-1
4lss_0,-1,-1,-1,-1,-1,-1
5zud_0,-1,-1,-1,-1,-1,-1
9njy_0,-1,-1,-1,-1,-1,-1
7qn9_0,-1,-1,-1,-1,-1,-1
9faw_1,-1,-1,-1,-1,-1,-1
9gu3_1,-1,-1,-1,-1,-1,-1
9b6t_0,-1,-1,-1,-1,-1,-1
9b6n_0,-1,-1,-1,-1,-1,-1
8vpf_0,-1,-1,-1,-1,-1,-1
3wkm_0,-1,-1,-1,-1,-1,-1
9j82_0,-1,-1,-1,-1,-1,-1
9bi6_0,-1,-1,-1,-1,-1,-1
9ast_0,-1,-1,-1,-1,-1,-1
8qcm_1,-1,-1,-1,-1,-1,-1
9iqt_0,-1,-1,-1,-1,-1,-1
8qkr_0,-1,-1,-1,-1,-1,-1
8qks_3,-1,-1,-1,-1,-1,-1
8bgg_0,-1,-1,-1,-1,-1,-1
8k3k_0,-1,-1,-1,-1,-1,-1
8oyt_2,-1,-1,-1,-1,-1,-1
8rgz_0,-1,-1,-1,-1,-1,-1
8rh0_0,-1,-1,-1,-1,-1,-1
8t9b_1,-1,-1,-1,-1,-1,-1
8xgr_0,-1,-1,-1,-1,-1,-1
8wc6_0,-1,-1,-1,-1,-1,-1
5aco_1,-1,-1,-1,-1,-1,-1
5c7k_0,-1,-1,-1,-1,-1,-1
5i8h_1,-1,-1,-1,115,50,-1
5t3x_0,-1,-1,-1,115,50,-1
5t3x_1,-1,-1,-1,-1,-1,-1
5v8l_0,-1,-1,-1,-1,-1,-1
5v8m_2,-1,-1,-1,-1,-1,-1
5v8l_1,-1,-1,-1,-1,-1,-1
5v8l_2,-1,-1,-1,-1,-1,-1
5v8l_3,-1,-1,-1,-1,-1,-1
5viy_0,-1,-1,-1,-1,-1,-1
5viy_2,-1,-1,-1,-1,-1,-1
5vj6_1,-1,-1,-1,-1,-1,-1
6ch8_1,-1,-1,-1,-1,-1,-1
6did_2,-1,-1,-1,-1,-1,-1
6mn7_0,-1,-1,-1,-1,-1,-1
6opa_1,-1,-1,-1,-1,-1,-1
6opa_2,-1,-1,-1,-1,-1,-1
6oz4_0,-1,-1,-1,-1,-1,-1
6udj_0,-1,-1,-1,-1,-1,-1
6udj_1,-1,-1,-1,-1,-1,-1
6udj_2,-1,-1,-1,-1,-1,-1
6udj_3,-1,-1,-1,-1,-1,-1
6udj_4,-1,-1,-1,-1,-1,-1
6udj_5,-1,-1,-1,-1,-1,-1
6x98_1,-1,-1,-1,-1,-1,-1
7kde_0,-1,-1,-1,-1,-1,-1
7kde_2,-1,-1,-1,-1,-1,-1
7kde_4,-1,-1,-1,-1,-1,-1
7mxe_2,-1,-1,-1,-1,-1,-1
7mxe_1,-1,-1,-1,-1,-1,-1
7mxe_3,-1,-1,-1,-1,-1,-1
7n65_0,-1,-1,-1,-1,-1,-1
7pc2_0,-1,-1,-1,-1,-1,-1
7pc2_1,-1,-1,-1,-1,-1,-1
7pc2_2,-1,-1,-1,-1,-1,-1
7pc2_3,-1,-1,-1,-1,-1,-1
7pc2_4,-1,-1,-1,-1,-1,-1
7pc2_5,-1,-1,-1,-1,-1,-1
7ucf_0,-1,-1,-1,-1,-1,-1
7ucf_1,-1,-1,-1,-1,-1,-1
8jtd_0,-1,-1,-1,-1,-1,-1
8jtm_0,-1,-1,-1,-1,-1,-1
8ttw_3,-1,-1,-1,-1,-1,-1
8ttw_4,-1,-1,-1,-1,-1,-1
8ttw_5,-1,-1,-1,-1,-1,-1
8ulr_2,-1,-1,-1,-1,-1,-1
8ult_1,-1,-1,-1,-1,-1,-1
8ulu_0,-1,-1,-1,-1,-1,-1
8ulu_1,-1,-1,-1,-1,-1,-1
8ulu_3,-1,-1,-1,-1,-1,-1
8ulu_2,-1,-1,-1,-1,-1,-1
9ehl_0,-1,-1,-1,-1,-1,-1
9ehl_1,-1,-1,-1,-1,-1,-1
9ehl_2,-1,-1,-1,-1,-1,-1
9ehl_3,-1,-1,-1,-1,-1,-1
9ehl_4,-1,-1,-1,-1,-1,-1
9ehl_5,-1,-1,-1,-1,-1,-1
9ehm_0,-1,-1,-1,-1,-1,-1
9ehm_1,-1,-1,-1,-1,-1,-1
9ehm_2,-1,-1,-1,-1,-1,-1
9ehm_3,-1,-1,-1,-1,-1,-1
9ehm_4,-1,-1,-1,-1,-1,-1
9evz_0,-1,-1,-1,-1,-1,-1
9ogu_0,-1,-1,-1,-1,-1,-1
9ogu_1,-1,-1,-1,-1,-1,-1
9ogu_2,-1,-1,-1,-1,-1,-1
9ogu_3,-1,-1,-1,-1,-1,-1
9ogu_4,-1,-1,-1,-1,-1,-1
9ogu_5,-1,-1,-1,-1,-1,-1
8p8j_1,-1,-1,-1,-1,-1,-1
7yrn_0,-1,-1,-1,-1,-1,-1
7yh7_1,-1,-1,-1,-1,-1,-1
3g6d_0,-1,-1,-1,-1,-1,-1
3l5w_1,-1,-1,-1,-1,-1,-1
4i77_0,-1,-1,-1,-1,-1,-1
8blq_0,-1,-1,-1,-1,-1,-1
8blq_1,-1,-1,-1,-1,-1,-1
8dww_1,-1,-1,-1,-1,-1,-1
8dwx_1,-1,-1,-1,-1,-1,-1
8dwy_1,-1,-1,-1,-1,-1,-1
8iw4_0,-1,-1,-1,-1,-1,-1
8gas_0,-1,-1,-1,-1,-1,-1
7ui1_0,-1,-1,-1,-1,-1,-1
8dxs_3,-1,-1,-1,-1,-1,-1
8dxs_4,-1,-1,-1,-1,-1,-1
7xst_0,-1,-1,-1,-1,-1,-1
7xst_1,-1,-1,-1,-1,-1,-1
5cez_1,-1,-1,-1,-1,-1,-1
5v7j_0,-1,-1,-1,-1,-1,-1
7sd3_0,-1,-1,-1,-1,-1,-1
7sd3_1,-1,-1,-1,-1,-1,-1
7sd3_2,-1,-1,-1,-1,-1,-1
7zce_2,-1,-1,-1,-1,-1,-1
6ir1_0,-1,-1,-1,-1,-1,-1
6ir2_0,-1,-1,-1,-1,-1,-1
7saj_0,-1,-1,-1,-1,-1,-1
7sak_0,-1,-1,-1,-1,-1,-1
8ilx_0,-1,-1,-1,-1,-1,-1
8im0_0,-1,-1,-1,-1,-1,-1
8im1_0,-1,-1,-1,-1,-1,-1
7z3a_0,-1,-1,-1,-1,-1,-1
7z3a_2,-1,-1,-1,-1,-1,-1
7l2e_0,-1,-1,-1,-1,-1,-1
7lqv_2,-1,-1,-1,-1,-1,-1
7ls9_0,-1,-1,-1,-1,-1,-1
6nqd_2,-1,-1,-1,-1,-1,-1
4ffw_0,107,-1,-1,116,-1,-1
4ffv_0,107,-1,-1,116,-1,-1
5vta_2,-1,-1,-1,-1,-1,-1
6wo5_2,-1,-1,-1,-1,-1,-1
6wo5_3,-1,-1,-1,-1,-1,-1
2htl_0,-1,-1,-1,-1,-1,-1
5d9q_0,-1,-1,-1,-1,-1,-1
5d9q_1,-1,-1,-1,-1,-1,-1
5d9q_2,-1,-1,-1,-1,-1,-1
5d9q_3,-1,-1,-1,-1,-1,-1
5d9q_4,-1,-1,-1,-1,-1,-1
5d9q_5,-1,-1,-1,-1,-1,-1
6u36_0,-1,-1,-1,-1,-1,-1
6lxk_1,-1,-1,-1,-1,-1,-1
6z43_0,108,-1,-1,117,-1,-1
6zhd_2,108,-1,-1,117,-1,-1
7akd_1,-1,-1,-1,-1,-1,-1
7e3k_2,-1,-1,-1,-1,-1,-1
7e3l_1,-1,-1,-1,-1,-1,-1
7jv4_1,-1,-1,-1,-1,-1,-1
7jwb_0,-1,-1,-1,-1,-1,-1
7ks9_0,-1,-1,-1,-1,-1,-1
7z6v_1,109,-1,-1,118,-1,-1
7z7x_2,109,-1,-1,118,-1,-1
7z85_2,109,-1,-1,118,-1,-1
7z86_1,-1,-1,-1,118,-1,-1
7z9q_2,-1,-1,-1,118,-1,-1
7z9r_0,-1,-1,-1,118,-1,-1
7t4s_1,-1,-1,-1,-1,-1,-1
6apd_2,-1,-1,-1,-1,-1,-1
6apd_3,-1,-1,-1,-1,-1,-1
6apd_4,-1,-1,-1,-1,-1,-1
6apd_5,-1,-1,-1,-1,-1,-1
6mek_0,-1,-1,-1,-1,-1,-1
6mek_3,-1,-1,-1,-1,-1,-1
7mdp_0,110,-1,-1,119,-1,-1
7rp3_0,110,-1,-1,119,-1,-1
5cjx_0,-1,-1,-1,-1,-1,-1
3v6o_0,-1,-1,-1,-1,-1,-1
7ul5_0,-1,-1,-1,-1,-1,-1
7tat_1,-1,-1,-1,-1,-1,-1
5t5n_3,-1,-1,-1,-1,-1,-1
7cqd_1,-1,-1,-1,-1,-1,-1
6v8x_2,-1,-1,-1,-1,-1,-1
7n5h_2,-1,-1,-1,-1,-1,-1
7ljd_0,-1,-1,-1,-1,-1,-1
5dfz_0,-1,-1,-1,-1,-1,-1
7bu7_0,-1,-1,-1,-1,-1,-1
6gwn_0,-1,-1,-1,-1,-1,-1
6gwn_1,-1,-1,-1,-1,-1,-1
7aqg_0,-1,-1,-1,-1,-1,-1
7aqg_1,-1,-1,-1,-1,-1,-1
6c9w_0,-1,-1,-1,-1,-1,-1
6vbg_1,-1,-1,-1,-1,-1,-1
5utf_1,-1,-1,-1,-1,-1,-1
6mug_1,111,-1,-1,120,-1,-1
6muf_1,111,-1,-1,120,-1,-1
6d9w_0,-1,-1,-1,-1,-1,-1
4y7m_1,-1,-1,-1,-1,-1,-1
6qx4_0,-1,-1,-1,-1,-1,-1
6qx4_1,-1,-1,-1,-1,-1,-1
6qx4_2,-1,-1,-1,-1,-1,-1
6qx4_3,-1,-1,-1,-1,-1,-1
4i18_1,-1,-1,-1,-1,-1,-1
7kmk_0,-1,-1,-1,-1,-1,-1
7kxk_1,-1,-1,-1,-1,-1,-1
6nz7_1,-1,-1,-1,-1,-1,-1
6bsp_0,-1,-1,-1,-1,-1,-1
6bt3_2,-1,-1,-1,-1,-1,-1
7cn2_0,-1,-1,-1,-1,-1,-1
7qbd_0,-1,-1,-1,-1,-1,-1
7qbe_1,-1,-1,-1,-1,-1,-1
7qbg_0,-1,-1,-1,-1,-1,-1
5xbm_1,-1,-1,-1,-1,-1,-1
7nxb_0,-1,-1,-1,-1,-1,-1
7nxb_1,-1,-1,-1,-1,-1,-1
7r87_0,-1,-1,-1,-1,-1,-1
3v6z_0,-1,-1,-1,-1,-1,-1
7vfa_0,-1,-1,-1,-1,-1,-1
7vfb_0,-1,-1,-1,-1,-1,-1
6icf_0,-1,-1,-1,-1,-1,-1
7dd2_0,-1,-1,-1,-1,-1,-1
7lsg_0,-1,-1,-1,-1,-1,-1
1oak_0,-1,-1,-1,-1,-1,-1
7a6o_0,-1,-1,-1,-1,-1,-1
7f8w_0,-1,-1,-1,-1,-1,-1
4jpk_0,-1,-1,-1,-1,-1,-1
2ih1_0,-1,-1,-1,-1,-1,-1
2ih3_0,-1,-1,-1,-1,-1,-1
7evw_0,-1,-1,-1,-1,-1,-1
8uxy_0,-1,-1,-1,-1,-1,-1
2z8v_1,-1,-1,-1,-1,-1,-1
2z8w_1,-1,-1,-1,-1,-1,-1
5wt9_0,-1,-1,-1,-1,-1,-1
6j14_0,-1,-1,-1,-1,-1,-1
6j15_1,-1,-1,-1,-1,-1,-1
6jbt_0,-1,-1,-1,-1,-1,-1
6jjp_1,-1,-1,-1,-1,-1,-1
6xkr_0,-1,-1,-1,-1,-1,-1
7cgw_0,-1,-1,-1,-1,-1,-1
7cu5_1,-1,-1,-1,-1,-1,-1
7e9b_0,112,47,10,121,51,10
7wvm_0,112,47,10,121,51,10
8as0_1,-1,-1,-1,-1,-1,-1
9q8l_0,-1,-1,-1,-1,-1,-1
9ore_0,-1,-1,-1,-1,-1,-1
9u9b_0,-1,-1,-1,-1,-1,-1
8zeu_0,-1,-1,-1,-1,-1,-1
8zeu_1,-1,-1,-1,-1,-1,-1
8zeu_2,-1,-1,-1,-1,-1,-1
8zeu_3,-1,-1,-1,-1,-1,-1
9gs3_0,-1,-1,-1,-1,-1,-1
9gs7_0,-1,-1,-1,-1,-1,-1
9gs5_0,-1,-1,-1,-1,-1,-1
9b7p_0,-1,-1,-1,-1,-1,-1
9j83_0,-1,-1,-1,-1,-1,-1
8y9t_0,-1,-1,-1,-1,-1,-1
9k26_0,-1,-1,-1,-1,-1,-1
9b3k_0,113,-1,-1,122,-1,-1
7lo8_0,113,-1,-1,122,-1,-1
8rql_0,-1,-1,-1,-1,-1,-1
8r40_1,-1,-1,-1,-1,-1,-1
7vbi_0,-1,-1,-1,-1,-1,-1
8vhf_0,-1,-1,-1,-1,-1,-1
8k18_0,-1,-1,-1,-1,-1,-1
8xps_0,-1,-1,-1,-1,-1,-1
8xq3_1,-1,-1,-1,-1,-1,-1
8vrb_0,-1,-1,-1,-1,-1,-1
7jwg_0,-1,-1,-1,-1,-1,-1
7t25_1,-1,-1,-1,-1,-1,-1
8tuz_0,-1,-1,-1,-1,-1,-1
8tvd_1,-1,-1,-1,-1,-1,-1
8tvj_0,-1,-1,-1,-1,-1,-1
8vcr_1,-1,-1,-1,-1,-1,-1
8s2e_0,-1,-1,-1,-1,-1,-1
7m8j_0,-1,-1,-1,-1,-1,-1
5ikc_1,-1,-1,-1,-1,-1,-1
7cah_0,-1,-1,-1,-1,-1,-1
8iv8_0,-1,-1,-1,-1,-1,-1
8iv8_1,-1,-1,-1,-1,-1,-1
1ncc_0,-1,-1,-1,-1,-1,-1
6mu6_1,-1,-1,-1,-1,-1,-1
7dzx_0,-1,-1,-1,-1,-1,-1
7dzy_0,-1,-1,-1,-1,-1,-1
2qqn_0,-1,-1,-1,-1,-1,-1
7rp2_0,-1,-1,-1,-1,-1,-1
3gbn_0,-1,-1,-1,-1,-1,-1
3lzf_0,-1,-1,-1,-1,-1,-1
4gxu_0,-1,-1,-1,-1,-1,-1
4py8_0,-1,-1,-1,-1,-1,-1
7kra_0,-1,-1,-1,-1,-1,-1
7bz2_0,-1,-1,-1,-1,-1,-1
9cci_0,-1,-1,-1,-1,-1,-1
9cfh_0,-1,-1,-1,123,52,11
9e21_0,-1,-1,-1,123,52,11
8jgg_0,114,-1,-1,124,-1,-1
9kpe_0,114,-1,-1,124,-1,-1
9m54_0,-1,-1,-1,-1,-1,-1
6i53_0,-1,-1,-1,-1,-1,-1
9fap_0,-1,-1,-1,-1,-1,-1
9faq_0,-1,-1,-1,-1,-1,-1
8zpq_1,-1,-1,-1,-1,-1,-1
9ctp_0,-1,-1,-1,-1,-1,-1
9fgc_0,-1,-1,-1,-1,-1,-1
8zbi_0,-1,-1,-1,-1,-1,-1
9emy_0,-1,-1,-1,-1,-1,-1
9emy_2,-1,-1,-1,-1,-1,-1
8tmd_0,-1,-1,-1,-1,-1,-1
5tq0_0,-1,-1,-1,-1,-1,-1
8jf7_0,-1,-1,-1,-1,-1,-1
8xlk_1,-1,-1,-1,-1,-1,-1
7ew5_9,-1,-1,-1,-1,-1,-1
8yef_0,-1,-1,-1,-1,-1,-1
8si1_0,-1,-1,-1,-1,-1,-1
8v5q_0,-1,-1,-1,-1,-1,-1
8y31_0,-1,-1,-1,-1,-1,-1
9b9y_0,-1,-1,-1,-1,-1,-1
9fve_0,-1,-1,-1,-1,-1,-1
8vym_1,-1,-1,-1,-1,-1,-1
8vuv_0,-1,-1,-1,-1,-1,-1
8tjn_0,-1,-1,-1,-1,-1,-1
7sco_0,-1,-1,-1,-1,-1,-1
8tp3_0,-1,-1,-1,-1,-1,-1
8tp5_1,-1,-1,-1,-1,-1,-1
8r4b_0,-1,-1,-1,-1,-1,-1
8r4b_1,-1,-1,-1,-1,-1,-1
8r4c_0,-1,-1,-1,-1,-1,-1
8r4d_0,-1,-1,-1,-1,-1,-1
8tqk_1,-1,-1,-1,-1,-1,-1
8chs_0,-1,-1,-1,-1,-1,-1
8odx_0,-1,-1,-1,-1,-1,-1
8g6u_0,-1,-1,-1,-1,-1,-1
8g6u_2,-1,-1,-1,-1,-1,-1
8g6u_4,-1,-1,-1,-1,-1,-1
8caf_1,-1,-1,-1,-1,-1,-1
7yud_0,-1,-1,-1,-1,-1,-1
7yud_1,-1,-1,-1,-1,-1,-1
7yuf_0,-1,-1,-1,-1,-1,-1
7yuf_1,-1,-1,-1,-1,-1,-1
8kae_0,-1,-1,-1,-1,-1,-1
8kae_1,-1,-1,-1,-1,-1,-1
8h7l_2,-1,-1,-1,-1,-1,-1
8aia_1,-1,-1,-1,-1,-1,-1
8aia_3,-1,-1,-1,-1,-1,-1
8aix_1,-1,-1,-1,-1,-1,-1
8aix_3,-1,-1,-1,-1,-1,-1
8aix_5,-1,-1,-1,-1,-1,-1
8aix_7,-1,-1,-1,-1,-1,-1
8kdm_0,-1,-1,-1,-1,-1,-1
8kds_0,-1,-1,-1,-1,-1,-1
8kek_0,-1,-1,-1,-1,-1,-1
8u08_0,-1,-1,-1,-1,-1,-1
8g0i_0,-1,-1,-1,-1,-1,-1
8sfx_1,-1,-1,-1,-1,-1,-1
8sfz_0,-1,-1,-1,-1,-1,-1
8sfz_1,-1,-1,-1,-1,-1,-1
8sfz_2,-1,-1,-1,-1,-1,-1
8tvh_1,-1,-1,-1,-1,-1,-1
8sgn_0,-1,-1,-1,-1,-1,-1
8sic_1,-1,-1,-1,-1,-1,-1
8sm1_0,-1,-1,-1,-1,-1,-1
8tqa_0,-1,-1,-1,-1,-1,-1
8u4q_0,115,48,-1,125,53,-1
8u4s_1,115,48,-1,125,53,-1
8u4r_0,115,48,-1,125,53,-1
8u4t_3,-1,-1,-1,-1,-1,-1
8jbf_0,-1,-1,-1,-1,-1,-1
8b7h_0,-1,-1,-1,-1,-1,-1
8d4r_1,-1,-1,-1,-1,-1,-1
8w85_0,-1,-1,-1,-1,-1,-1
8be5_0,-1,-1,-1,-1,-1,-1
8be5_1,-1,-1,-1,-1,-1,-1
8tpa_0,-1,-1,-1,-1,-1,-1
7fei_0,-1,-1,-1,-1,-1,-1
8grr_0,-1,-1,-1,-1,-1,-1
8gsp_0,-1,-1,-1,-1,-1,-1
8y0r_0,-1,-1,-1,-1,-1,-1
8bvt_0,-1,-1,-1,-1,-1,-1
8e8r_0,-1,-1,-1,-1,-1,-1
8e8x_0,-1,-1,-1,-1,-1,-1
8d9y_0,-1,-1,-1,-1,-1,-1
8ee1_0,-1,-1,-1,-1,-1,-1
7yag_0,-1,-1,-1,-1,-1,-1
7yai_0,-1,-1,-1,-1,-1,-1
7yah_0,-1,-1,-1,-1,-1,-1
7yaj_0,-1,-1,-1,-1,-1,-1
6ohg_0,-1,-1,-1,-1,-1,-1
7jum_0,116,-1,-1,126,-1,-1
7u9e_0,116,-1,-1,126,-1,-1
7u9e_1,-1,-1,-1,-1,-1,-1
7u9w_0,-1,-1,-1,-1,-1,-1
7ua2_0,-1,-1,-1,-1,-1,-1
7ua2_1,-1,-1,-1,-1,-1,-1
7ua8_1,-1,-1,-1,-1,-1,-1
7ubs_0,-1,-1,-1,-1,-1,-1
7ucq_0,-1,-1,-1,-1,-1,-1
7usv_1,-1,-1,-1,-1,-1,-1
7uvi_0,117,49,-1,127,54,-1
7uvh_0,117,49,-1,127,54,-1
7uvo_0,-1,-1,-1,-1,-1,-1
7uvq_0,-1,-1,-1,-1,-1,-1
7uvq_1,-1,-1,-1,-1,-1,-1
7uvs_0,-1,-1,-1,-1,-1,-1
7t5o_0,-1,-1,-1,-1,-1,-1
7xst_4,-1,-1,-1,-1,-1,-1
7xst_5,-1,-1,-1,-1,-1,-1
8dfg_0,-1,-1,-1,-1,-1,-1
8dfh_0,-1,-1,-1,-1,-1,-1
8dfi_0,-1,-1,-1,-1,-1,-1
7t77_0,-1,-1,-1,-1,-1,-1
3qa3_0,-1,-1,-1,-1,-1,-1
7bh8_0,-1,-1,-1,-1,-1,-1
7r8m_0,-1,-1,-1,-1,-1,-1
7mly_3,-1,-1,-1,-1,-1,-1
7r89_0,-1,-1,-1,-1,-1,-1
7r8a_0,-1,-1,-1,-1,-1,-1
4xt1_0,-1,-1,-1,-1,-1,-1
7paf_1,-1,-1,-1,-1,-1,-1
4xvu_0,-1,-1,-1,-1,-1,-1
5ldn_0,-1,-1,-1,-1,-1,-1
5jmo_0,-1,-1,-1,-1,-1,-1
7nda_0,-1,-1,-1,-1,-1,-1
7fjn_0,-1,-1,-1,-1,-1,-1
7whk_0,-1,-1,-1,-1,-1,-1
7wk8_0,-1,-1,-1,-1,-1,-1
8i4h_0,-1,-1,-1,-1,-1,-1
5eul_0,-1,-1,-1,-1,-1,-1
6pzf_0,-1,-1,-1,-1,-1,-1
6q1z_0,-1,-1,-1,-1,-1,-1
3ld8_0,-1,-1,-1,-1,-1,-1
3ldb_0,-1,-1,-1,-1,-1,-1
5iml_0,-1,-1,-1,-1,-1,-1
5imk_0,-1,-1,-1,-1,-1,-1
2vxt_0,-1,-1,-1,-1,-1,-1
4hjj_0,-1,-1,-1,-1,-1,-1
7evy_0,-1,-1,-1,-1,-1,-1
7ew0_0,-1,-1,-1,-1,-1,-1
7ew7_0,-1,-1,-1,-1,-1,-1
7evz_0,-1,-1,-1,-1,-1,-1
5vak_0,-1,-1,-1,-1,-1,-1
5wi9_1,-1,-1,-1,-1,-1,-1
6ppg_1,-1,-1,-1,-1,-1,-1
8ruu_1,-1,-1,-1,-1,-1,-1
2ny7_0,-1,-1,-1,-1,-1,-1
3gbm_0,118,50,-1,128,55,-1
4fqi_0,118,50,-1,128,55,-1
6b3m_0,-1,-1,-1,-1,-1,-1
6e3h_0,-1,-1,-1,-1,-1,-1
8txt_2,-1,-1,-1,-1,-1,-1
6p50_0,-1,-1,-1,-1,-1,-1
6p67_2,-1,-1,-1,-1,-1,-1
2p7t_0,-1,-1,-1,-1,-1,-1
5f3j_1,-1,-1,-1,-1,-1,-1
4nzr_0,-1,-1,-1,-1,-1,-1
4nzt_0,-1,-1,-1,-1,-1,-1
3uzv_0,-1,-1,-1,-1,-1,-1
1qgc_0,-1,-1,-1,-1,-1,-1
4xmn_0,-1,-1,-1,-1,-1,-1
5j1t_0,-1,-1,-1,-1,-1,-1
5tih_0,-1,-1,-1,-1,-1,-1
7phv_0,-1,-1,-1,-1,-1,-1
7phw_1,-1,-1,-1,-1,-1,-1
7pi2_0,-1,-1,-1,-1,-1,-1
7pi3_0,-1,-1,-1,-1,-1,-1
7pi3_2,-1,-1,-1,-1,-1,-1
7pi3_3,-1,-1,-1,-1,-1,-1
7pi3_4,-1,-1,-1,-1,-1,-1
7pi3_5,-1,-1,-1,-1,-1,-1
7pi3_6,-1,-1,-1,-1,-1,-1
7pi3_7,-1,-1,-1,-1,-1,-1
7pi3_8,-1,-1,-1,-1,-1,-1
7pi3_9,-1,-1,-1,-1,-1,-1
7pi7_0,-1,-1,-1,-1,-1,-1
8cdd_0,-1,-1,-1,-1,-1,-1
5gjs_0,-1,-1,-1,-1,-1,-1
7r73_0,-1,-1,-1,-1,-1,-1
7tyx_0,-1,-1,-1,-1,-1,-1
7o52_0,-1,-1,-1,-1,-1,-1
6oya_0,-1,-1,-1,-1,-1,-1
6j5g_0,-1,-1,-1,-1,-1,-1
6j5f_0,-1,-1,-1,-1,-1,-1
7lsf_0,-1,-1,-1,-1,-1,-1
7f9w_0,-1,-1,-1,-1,-1,-1
4k4m_0,119,-1,-1,129,-1,-1
4qex_0,119,-1,-1,129,-1,-1
9d41_0,-1,-1,-1,-1,-1,-1
9l1s_0,-1,-1,-1,-1,-1,-1
8wz5_0,-1,-1,-1,-1,-1,-1
8ywr_0,-1,-1,-1,-1,-1,-1
8qtd_0,-1,-1,-1,-1,-1,-1
8y6a_0,-1,-1,-1,-1,-1,-1
8ywe_0,-1,-1,-1,-1,-1,-1
8ywe_1,-1,-1,-1,-1,-1,-1
9asd_0,-1,-1,-1,-1,-1,-1
9au2_1,-1,-1,-1,-1,-1,-1
5vk2_2,-1,-1,-1,-1,-1,-1
6p91_0,-1,-1,-1,-1,-1,-1
6p95_0,-1,-1,-1,-1,-1,-1
7sgf_0,-1,-1,-1,-1,-1,-1
8ejh_0,-1,-1,-1,-1,-1,-1
8eji_0,-1,-1,-1,-1,-1,-1
8ejj_2,-1,-1,-1,-1,-1,-1
9cj7_0,-1,-1,-1,-1,-1,-1
8tzy_0,-1,-1,-1,-1,-1,-1
9ijd_0,-1,-1,-1,-1,-1,-1
9ije_0,-1,-1,-1,-1,-1,-1
9g1y_1,-1,-1,-1,-1,-1,-1
9g2a_0,-1,-1,-1,-1,-1,-1
9g2g_0,-1,-1,-1,-1,-1,-1
9g48_0,-1,-1,-1,-1,-1,-1
9g4g_0,-1,-1,-1,-1,-1,-1
9g5l_0,-1,-1,-1,-1,-1,-1
9g5z_0,-1,-1,-1,-1,-1,-1
9g7k_1,-1,-1,-1,-1,-1,-1
9en2_0,-1,-1,-1,-1,-1,-1
9en2_1,-1,-1,-1,-1,-1,-1
8x8l_0,-1,-1,-1,-1,-1,-1
8xio_0,-1,-1,-1,-1,-1,-1
8xip_0,-1,-1,-1,-1,-1,-1
8xiq_0,-1,-1,-1,-1,-1,-1
8xir_0,-1,-1,-1,-1,-1,-1
8sw4_4,-1,-1,-1,-1,-1,-1
8f38_1,-1,-1,-1,-1,-1,-1
8v7o_0,-1,-1,-1,-1,-1,-1
6mvl_0,-1,-1,-1,-1,-1,-1
8tbq_0,-1,-1,-1,-1,-1,-1
8x2l_0,-1,-1,-1,-1,-1,-1
8hti_0,-1,-1,-1,-1,-1,-1
8r8d_1,-1,-1,-1,-1,-1,-1
8sgt_0,-1,-1,-1,-1,-1,-1
7zau_0,-1,-1,-1,-1,-1,-1
8tco_1,-1,-1,-1,-1,-1,-1
8gpg_2,-1,-1,-1,-1,-1,-1
8czz_2,-1,-1,-1,-1,-1,-1
8dy1_0,-1,-1,-1,-1,-1,-1
8saq_2,-1,-1,-1,-1,-1,-1
7uop_0,-1,-1,-1,-1,-1,-1
7up9_0,-1,-1,-1,-1,-1,-1
7upa_0,-1,-1,-1,-1,-1,-1
7upb_0,-1,-1,-1,-1,-1,-1
7upd_0,-1,-1,-1,-1,-1,-1
7upk_1,-1,-1,-1,-1,-1,-1
8b01_0,-1,-1,-1,-1,-1,-1
7qha_0,-1,-1,-1,-1,-1,-1
7w40_0,-1,-1,-1,-1,-1,-1
8fe3_1,-1,-1,-1,-1,-1,-1
8fe4_2,-1,-1,-1,-1,-1,-1
8db4_0,-1,-1,-1,-1,-1,-1
8db4_1,-1,-1,-1,-1,-1,-1
9cmc_0,-1,-1,-1,-1,-1,-1
9cmc_1,-1,-1,-1,-1,-1,-1
9cmc_4,-1,-1,-1,-1,-1,-1
9cmc_5,-1,-1,-1,-1,-1,-1
9cmc_6,-1,-1,-1,-1,-1,-1
9cmc_7,-1,-1,-1,-1,-1,-1
7wor_0,-1,-1,-1,-1,-1,-1
7wor_1,-1,-1,-1,-1,-1,-1
7wos_0,-1,-1,-1,-1,-1,-1
7wos_1,-1,-1,-1,-1,-1,-1
7wou_0,-1,-1,-1,-1,-1,-1
7wou_1,-1,-1,-1,-1,-1,-1
7wov_0,-1,-1,-1,-1,-1,-1
7wov_1,-1,-1,-1,-1,-1,-1
7wov_2,-1,-1,-1,-1,-1,-1
7wov_3,-1,-1,-1,-1,-1,-1
7wow_0,-1,-1,-1,-1,-1,-1
7wow_2,-1,-1,-1,-1,-1,-1
7wow_3,-1,-1,-1,-1,-1,-1
7wow_6,-1,-1,-1,-1,-1,-1
7wow_7,-1,-1,-1,-1,-1,-1
7wow_8,-1,-1,-1,-1,-1,-1
7wow_9,-1,-1,-1,-1,-1,-1
7ycy_2,120,51,11,130,56,12
7yd0_1,120,51,11,130,56,12
7ssh_3,-1,-1,-1,-1,-1,-1
7upm_0,-1,-1,-1,-1,-1,-1
7zk1_0,-1,-1,-1,-1,-1,-1
7zk1_1,-1,-1,-1,-1,-1,-1
7zkw_0,-1,-1,-1,-1,-1,-1
7zkz_0,-1,-1,-1,-1,-1,-1
7zkz_1,-1,-1,-1,-1,-1,-1
6yla_0,-1,-1,-1,-1,-1,-1
6zcz_0,-1,-1,-1,-1,-1,-1
6zcz_1,-1,-1,-1,-1,-1,-1
7beh_0,-1,-1,-1,-1,-1,-1
7bek_0,121,52,-1,131,57,-1
7bei_0,121,52,-1,131,57,-1
7bej_0,121,52,-1,131,57,-1
7bel_0,-1,-1,-1,-1,-1,-1
7bel_1,-1,-1,-1,-1,-1,-1
7bel_2,-1,-1,-1,-1,-1,-1
7bel_3,-1,-1,-1,-1,-1,-1
7deo_0,-1,-1,-1,-1,-1,-1
7e86_0,-1,-1,-1,-1,-1,-1
7f7e_0,-1,-1,-1,-1,-1,-1
7fbj_0,-1,-1,-1,-1,-1,-1
7jv2_0,-1,-1,-1,-1,-1,-1
7mzg_0,122,53,-1,132,58,-1
7mzf_0,122,53,-1,132,58,-1
7kmh_0,122,53,-1,132,58,-1
7kmi_0,122,53,-1,132,58,-1
7mzh_0,-1,-1,-1,-1,-1,-1
7mzi_0,-1,-1,-1,-1,-1,-1
7mzj_0,-1,-1,-1,-1,-1,-1
7mzj_1,-1,-1,-1,-1,-1,-1
7mzj_2,-1,-1,-1,-1,-1,-1
7mzj_3,-1,-1,-1,-1,-1,-1
7mzk_0,-1,-1,-1,-1,-1,-1
7mzk_1,123,-1,-1,133,-1,-1
7mzk_2,123,-1,-1,133,-1,-1
7mzk_3,-1,-1,-1,-1,-1,-1
7mzl_0,-1,-1,-1,-1,-1,-1
7mzn_0,-1,-1,-1,-1,-1,-1
7n4i_0,-1,-1,-1,-1,-1,-1
7n4j_0,-1,-1,-1,-1,-1,-1
7n4l_0,-1,-1,-1,-1,-1,-1
7n4m_0,-1,-1,-1,-1,-1,-1
7neh_0,-1,-1,-1,-1,-1,-1
7or9_0,-1,-1,-1,-1,-1,-1
7or9_1,-1,-1,-1,-1,-1,-1
7rku_0,-1,-1,-1,-1,-1,-1
7six_0,-1,-1,-1,-1,-1,-1
7u8e_0,-1,-1,-1,-1,-1,-1
7upw_0,-1,-1,-1,-1,-1,-1
7upy_2,-1,-1,-1,-1,-1,-1
7wqv_0,-1,-1,-1,-1,-1,-1
7yck_1,-1,-1,-1,-1,-1,-1
7z0y_0,-1,-1,-1,-1,-1,-1
8bg1_0,-1,-1,-1,-1,-1,-1
8dxt_0,-1,-1,-1,-1,-1,-1
8edf_0,-1,-1,-1,-1,-1,-1
8eoo_0,-1,-1,-1,-1,-1,-1
8eoo_1,-1,-1,-1,-1,-1,-1
8eoo_2,-1,-1,-1,-1,-1,-1
8eoo_3,-1,-1,-1,-1,-1,-1
8f2j_0,-1,-1,-1,-1,-1,-1
8f2x_0,-1,-1,-1,-1,-1,-1
8fah_0,-1,-1,-1,-1,-1,-1
8fhy_2,-1,-1,-1,-1,-1,-1
8fi9_1,-1,-1,-1,-1,-1,-1
8g7b_0,-1,-1,-1,-1,-1,-1
8g7c_0,-1,-1,-1,-1,-1,-1
8smi_0,-1,-1,-1,-1,-1,-1
8smt_0,-1,-1,-1,-1,-1,-1
8tm1_0,-1,-1,-1,-1,-1,-1
8zes_3,-1,-1,-1,-1,-1,-1
9h6u_0,-1,-1,-1,-1,-1,-1
7v23_1,-1,-1,-1,-1,-1,-1
7v24_0,-1,-1,-1,-1,-1,-1
3ks0_0,-1,-1,-1,-1,-1,-1
5ovw_5,-1,-1,-1,-1,-1,-1
3csy_3,-1,-1,-1,-1,-1,-1
5bo1_0,-1,-1,-1,-1,-1,-1
6by3_0,-1,-1,-1,-1,-1,-1
7r1z_0,-1,-1,-1,-1,-1,-1
7r1z_1,-1,-1,-1,-1,-1,-1
7r23_0,-1,-1,-1,-1,-1,-1
7r23_1,-1,-1,-1,-1,-1,-1
8qf4_0,-1,-1,-1,-1,-1,-1
8qf5_1,-1,-1,-1,-1,-1,-1
5n88_0,-1,-1,-1,-1,-1,-1
6c5w_0,-1,-1,-1,-1,-1,-1
4r4n_5,-1,-1,-1,-1,-1,-1
6hx4_1,-1,-1,-1,-1,-1,-1
3h42_0,-1,-1,-1,-1,-1,-1
7lex_2,-1,-1,-1,-1,-1,-1
7ley_0,-1,-1,-1,-1,-1,-1
7lez_3,-1,-1,-1,-1,-1,-1
7lf0_4,-1,-1,-1,-1,-1,-1
7lf1_4,-1,-1,-1,-1,-1,-1
7lf2_3,-1,-1,-1,-1,-1,-1
6cw2_0,-1,-1,-1,-1,-1,-1
6ww2_0,-1,-1,-1,-1,-1,-1
7jvc_0,-1,-1,-1,-1,-1,-1
5anm_2,-1,-1,-1,-1,-1,-1
5hys_0,-1,-1,-1,-1,-1,-1
5nqw_1,-1,-1,-1,-1,-1,-1
7sht_0,-1,-1,-1,-1,-1,-1
7shu_0,124,-1,-1,134,-1,-1
7si0_3,124,-1,-1,134,-1,-1
7shy_0,124,-1,-1,134,-1,-1
6pi7_0,-1,-1,-1,-1,-1,-1
3lqa_0,-1,-1,-1,-1,-1,-1
7kej_2,-1,-1,-1,-1,-1,-1
4xwo_3,-1,-1,-1,-1,-1,-1
6w7s_0,-1,-1,-1,-1,-1,-1
6wh9_0,-1,-1,-1,-1,-1,-1
7m7h_1,-1,-1,-1,-1,-1,-1
7m7i_1,-1,-1,-1,-1,-1,-1
7m7g_1,-1,-1,-1,-1,-1,-1
7m7f_0,-1,-1,-1,-1,-1,-1
7m7j_0,-1,-1,-1,-1,-1,-1
6ck9_0,-1,-1,-1,-1,-1,-1
7k8u_0,-1,-1,-1,-1,-1,-1
7k8v_1,-1,-1,-1,-1,-1,-1
7laa_0,-1,-1,-1,-1,-1,-1
7tht_1,-1,-1,-1,-1,-1,-1
6h6y_2,-1,-1,-1,-1,-1,-1
6h6z_1,-1,-1,-1,-1,-1,-1
6h70_1,-1,-1,-1,-1,-1,-1
6h71_0,-1,-1,-1,-1,-1,-1
6h72_1,-1,-1,-1,-1,-1,-1
9bof_1,-1,-1,-1,-1,-1,-1
6lhp_0,-1,-1,-1,-1,-1,-1
6lhq_0,-1,-1,-1,-1,-1,-1
7sp8_0,-1,-1,-1,-1,-1,-1
7sp8_1,-1,-1,-1,-1,-1,-1
8snd_0,-1,-1,-1,-1,-1,-1
8snd_1,-1,-1,-1,-1,-1,-1
6x58_0,-1,-1,-1,-1,-1,-1
4u1g_0,-1,-1,-1,-1,-1,-1
4r2g_3,-1,-1,-1,-1,-1,-1
9g3e_0,-1,-1,-1,-1,-1,-1
9g3d_1,-1,-1,-1,-1,-1,-1
9g4e_0,-1,-1,-1,-1,-1,-1
9g4f_0,-1,-1,-1,-1,-1,-1
9nab_0,-1,-1,-1,-1,-1,-1
9mpw_0,-1,-1,-1,-1,-1,-1
9iyy_0,-1,-1,-1,-1,-1,-1
9jt1_0,-1,-1,-1,-1,-1,-1
9jt1_1,-1,-1,-1,-1,-1,-1
9btj_0,-1,-1,-1,-1,-1,-1
5w6d_1,-1,-1,-1,-1,-1,-1
9d90_1,-1,-1,-1,-1,-1,-1
7tdm_0,-1,-1,-1,-1,-1,-1
7tdn_0,-1,-1,-1,-1,-1,-1
9bei_0,-1,-1,-1,-1,-1,-1
9cmi_0,-1,-1,-1,-1,-1,-1
9ihc_0,125,-1,-1,135,-1,-1
9pzi_0,125,-1,-1,135,-1,-1
9mxi_0,125,-1,-1,135,-1,-1
8zu9_0,-1,-1,-1,-1,-1,-1
8zua_1,-1,-1,-1,-1,-1,-1
9emy_4,-1,-1,-1,-1,-1,-1
9emy_6,-1,-1,-1,-1,-1,-1
9myl_0,-1,-1,-1,-1,-1,-1
9c0u_0,-1,-1,-1,-1,-1,-1
9c0v_0,-1,-1,-1,-1,-1,-1
9dh2_2,-1,-1,-1,-1,-1,-1
9co6_2,-1,-1,-1,-1,-1,-1
9cx9_0,-1,-1,-1,-1,-1,-1
8vdg_0,-1,-1,-1,-1,-1,-1
8vww_0,-1,-1,-1,-1,-1,-1
8vww_1,-1,-1,-1,-1,-1,-1
3skj_0,-1,-1,-1,-1,-1,-1
8trv_0,126,-1,-1,136,-1,-1
8trs_0,126,-1,-1,136,-1,-1
8trt_1,126,-1,-1,136,-1,-1
8tv1_0,-1,-1,-1,-1,-1,-1
8pwu_1,-1,-1,-1,-1,-1,-1
8pwv_0,-1,-1,-1,-1,-1,-1
8pww_0,-1,-1,-1,-1,-1,-1
8pwx_0,-1,-1,-1,-1,-1,-1
8q5d_0,-1,-1,-1,-1,-1,-1
8fxc_0,-1,-1,-1,-1,-1,-1
8s6m_0,-1,-1,-1,-1,-1,-1
8s6m_1,-1,-1,-1,-1,-1,-1
8xi6_0,-1,-1,-1,-1,-1,-1
8pij_0,-1,-1,-1,-1,-1,-1
8piz_0,-1,-1,-1,-1,-1,-1
8pjp_0,-1,-1,-1,-1,-1,-1
8cin_1,-1,-1,-1,-1,-1,-1
8the_0,-1,-1,-1,-1,-1,-1
8j9o_0,-1,-1,-1,-1,-1,-1
8udg_1,-1,-1,-1,-1,-1,-1
8kh5_0,-1,-1,-1,-1,-1,-1
7z1x_0,-1,-1,-1,-1,-1,-1
7z1x_1,-1,-1,-1,-1,-1,-1
8dok_0,-1,-1,-1,-1,-1,-1
8dok_2,-1,-1,-1,-1,-1,-1
8iru_0,-1,-1,-1,137,-1,-1
8eit_0,-1,-1,-1,137,-1,-1
8f8w_1,-1,-1,-1,-1,-1,-1
8f8x_1,-1,-1,-1,-1,-1,-1
7ru3_0,-1,-1,-1,-1,-1,-1
6n50_0,-1,-1,-1,-1,-1,-1
7lxz_0,-1,-1,-1,-1,-1,-1
7lxz_1,-1,-1,-1,-1,-1,-1
7lxz_2,-1,-1,-1,-1,-1,-1
7lxz_3,-1,-1,-1,-1,-1,-1
7lxz_4,-1,-1,-1,-1,-1,-1
7lxz_5,-1,-1,-1,-1,-1,-1
7fig_0,-1,-1,-1,-1,-1,-1
7r40_2,-1,-1,-1,-1,-1,-1
7mhy_0,-1,-1,-1,-1,-1,-1
7mhy_1,-1,-1,-1,-1,-1,-1
7mhz_0,-1,-1,-1,-1,-1,-1
7mjh_0,-1,-1,-1,-1,-1,-1
7mjj_1,-1,-1,-1,-1,-1,-1
7mjk_1,-1,-1,-1,-1,-1,-1
6dzv_0,-1,-1,-1,-1,-1,-1
6dzz_0,-1,-1,-1,-1,-1,-1
6vrh_0,-1,-1,-1,-1,-1,-1
6vrk_0,-1,-1,-1,-1,-1,-1
6vrl_0,-1,-1,-1,-1,-1,-1
7li6_0,-1,-1,-1,-1,-1,-1
7li7_0,-1,-1,-1,-1,-1,-1
7li9_0,-1,-1,-1,-1,-1,-1
7li8_0,-1,-1,-1,-1,-1,-1
7lia_0,-1,-1,-1,-1,-1,-1
7mgw_0,-1,-1,-1,-1,-1,-1
7lwd_0,-1,-1,-1,-1,-1,-1
7txt_0,-1,-1,-1,-1,-1,-1
2vyr_0,-1,-1,-1,-1,-1,-1
5gzo_1,-1,-1,-1,-1,-1,-1
7whi_1,-1,-1,-1,-1,-1,-1
7whk_1,-1,-1,-1,-1,-1,-1
7whk_2,-1,-1,-1,-1,-1,-1
2r29_0,-1,-1,-1,-1,-1,-1
2r69_0,-1,-1,-1,-1,-1,-1
6fla_0,-1,-1,-1,-1,-1,-1
6flb_0,-1,-1,-1,-1,-1,-1
6flc_1,-1,-1,-1,-1,-1,-1
7v3h_0,-1,-1,-1,-1,-1,-1
6pwu_0,-1,-1,-1,-1,-1,-1
7qia_0,-1,-1,-1,-1,-1,-1
7qia_1,-1,-1,-1,-1,-1,-1
7qic_0,-1,-1,-1,-1,-1,-1
7qic_1,-1,-1,-1,-1,-1,-1
7qji_0,-1,-1,-1,-1,-1,-1
7qji_1,-1,-1,-1,-1,-1,-1
7qji_2,-1,-1,-1,-1,-1,-1
7qji_3,-1,-1,-1,-1,-1,-1
7qjj_0,-1,-1,-1,-1,-1,-1
7qjj_1,-1,-1,-1,-1,-1,-1
7qjj_2,-1,-1,-1,-1,-1,-1
7qjj_3,-1,-1,-1,-1,-1,-1
5w6d_0,-1,-1,-1,-1,-1,-1
7ly2_0,-1,-1,-1,-1,-1,-1
7ly2_1,-1,-1,-1,-1,-1,-1
7ly2_2,-1,-1,-1,-1,-1,-1
7ly2_3,-1,-1,-1,-1,-1,-1
7ly2_4,-1,-1,-1,-1,-1,-1
7ly2_5,-1,-1,-1,-1,-1,-1
5ukr_0,-1,-1,-1,-1,-1,-1
3p0g_0,-1,-1,-1,-1,-1,-1
1z3g_1,-1,-1,-1,-1,-1,-1
7ckx_0,-1,-1,-1,-1,-1,-1
7ckz_0,-1,-1,-1,-1,-1,-1
7ckw_0,-1,-1,-1,-1,-1,-1
7cky_0,-1,-1,-1,-1,-1,-1
7crh_0,-1,-1,-1,-1,-1,-1
6uyd_1,-1,-1,-1,-1,-1,-1
5w1m_1,-1,-1,-1,-1,-1,-1
4lbe_0,-1,-1,-1,-1,-1,-1
6w0d_0,-1,-1,-1,-1,-1,-1
6w0c_0,-1,-1,-1,-1,-1,-1
6w0e_0,-1,-1,-1,-1,-1,-1
6w0a_0,-1,-1,-1,-1,-1,-1
6w0b_0,-1,-1,-1,-1,-1,-1
5j9p_0,-1,-1,-1,-1,-1,-1
5sx5_0,-1,-1,-1,-1,-1,-1
6was_1,-1,-1,-1,-1,-1,-1
2r0k_0,-1,-1,-1,-1,-1,-1
2wuc_0,127,54,-1,138,59,-1
2wub_1,127,54,-1,138,59,-1
2r0l_0,127,54,-1,138,59,-1
3k2u_0,127,54,-1,138,59,-1
6j6y_0,-1,-1,-1,-1,-1,-1
6oy4_0,-1,-1,-1,-1,-1,-1
7mlh_1,-1,-1,-1,-1,-1,-1
8vk1_1,-1,-1,-1,-1,-1,-1
6qb6_0,128,55,12,139,60,13
5mev_0,128,55,12,139,60,13
6qb3_0,128,55,12,139,60,13
6qb4_0,128,55,12,139,60,13
5mes_0,128,55,12,139,60,13
6qfc_0,-1,-1,-1,-1,-1,-1
8av9_0,-1,-1,-1,-1,-1,-1
7rkx_0,-1,-1,-1,-1,-1,-1
6hf1_0,-1,-1,-1,-1,-1,-1
2q8b_0,-1,-1,-1,-1,-1,-1
2zch_0,129,-1,-1,140,-1,-1
2zcl_0,129,-1,-1,140,-1,-1
2zck_0,129,-1,-1,140,-1,-1
3qum_0,-1,-1,-1,-1,-1,-1
3qum_1,-1,-1,-1,-1,-1,-1
3qum_2,-1,-1,-1,-1,-1,-1
3qum_3,-1,-1,-1,-1,-1,-1
7niu_0,-1,-1,-1,-1,-1,-1
7niu_1,-1,-1,-1,-1,-1,-1
7niv_0,-1,-1,-1,-1,-1,-1
7niv_1,-1,-1,-1,-1,-1,-1
3s35_0,-1,-1,-1,-1,-1,-1
3s36_0,-1,-1,-1,-1,-1,-1
3s37_0,-1,-1,-1,-1,-1,-1
6wdt_0,-1,-1,-1,-1,-1,-1
7kbb_0,-1,-1,-1,-1,-1,-1
7m30_0,-1,-1,-1,-1,-1,-1
7m30_2,-1,-1,-1,-1,-1,-1
8tea_0,-1,-1,-1,-1,-1,-1
8tea_1,-1,-1,-1,-1,-1,-1
4weu_0,-1,-1,-1,-1,-1,-1
5j13_0,-1,-1,-1,-1,-1,-1
1v7m_1,-1,-1,-1,-1,-1,-1
5nmv_0,-1,-1,-1,-1,-1,-1
4f37_0,-1,-1,-1,-1,-1,-1
3b2v_0,-1,-1,-1,-1,-1,-1
3p0y_0,-1,-1,-1,-1,-1,-1
5xwd_0,-1,-1,-1,-1,-1,-1
7om4_0,-1,-1,-1,-1,-1,-1
8ukv_0,-1,-1,-1,-1,-1,-1
7exd_0,-1,-1,-1,-1,-1,-1
8j19_0,-1,-1,-1,-1,-1,-1
8heb_0,-1,-1,-1,-1,-1,-1
8hec_0,-1,-1,-1,-1,-1,-1
8san_0,-1,-1,-1,-1,-1,-1
7lx2_0,-1,-1,-1,-1,-1,-1
7lx3_0,-1,-1,-1,-1,-1,-1
8hs2_0,-1,-1,-1,-1,-1,-1
7w3z_0,-1,-1,-1,-1,-1,-1
8d1t_0,-1,-1,-1,-1,-1,-1
7x28_0,-1,-1,-1,-1,-1,-1
7x2a_0,-1,-1,-1,-1,-1,-1
7stg_5,-1,-1,-1,-1,-1,-1
8dua_1,-1,-1,-1,-1,-1,-1
7yqx_1,-1,-1,-1,-1,-1,-1
7yqy_1,-1,-1,-1,-1,-1,-1
7yr0_0,-1,-1,-1,-1,-1,-1
6w41_0,-1,-1,-1,-1,-1,-1
6xdg_0,-1,-1,-1,-1,-1,-1
6xdg_1,-1,-1,-1,-1,-1,-1
6xkp_0,-1,-1,-1,-1,-1,-1
6z2m_1,-1,-1,-1,-1,-1,-1
6z2m_2,-1,-1,-1,-1,-1,-1
6zdg_0,-1,-1,-1,141,-1,-1
6zfo_0,-1,-1,-1,141,-1,-1
7b0b_0,-1,-1,-1,-1,-1,-1
7b14_0,-1,-1,-1,-1,-1,-1
7b27_1,-1,-1,-1,-1,-1,-1
7b3o_0,130,56,-1,142,61,-1
7bem_0,130,56,-1,142,61,-1
7ben_0,-1,-1,-1,-1,-1,-1
7ben_1,-1,-1,-1,-1,-1,-1
7ben_2,-1,-1,-1,-1,-1,-1
7beo_0,131,-1,-1,143,-1,-1
7ben_3,131,-1,-1,143,-1,-1
7beo_1,-1,-1,-1,-1,-1,-1
7beo_2,-1,-1,-1,-1,-1,-1
7beo_3,-1,-1,-1,-1,-1,-1
7bep_0,-1,-1,-1,-1,-1,-1
7bep_1,-1,-1,-1,-1,-1,-1
7bep_2,132,-1,-1,144,-1,-1
7bep_3,132,-1,-1,144,-1,-1
7bnv_0,-1,-1,-1,-1,-1,-1
7bwj_0,-1,-1,-1,-1,-1,-1
7c01_0,-1,-1,-1,-1,-1,-1
7c8v_0,-1,-1,-1,-1,-1,-1
7c8w_0,133,-1,-1,145,-1,-1
7can_0,133,-1,-1,145,-1,-1
7cdi_0,-1,-1,-1,-1,-1,-1
7cdj_0,-1,-1,-1,-1,-1,-1
7ch4_0,134,57,-1,146,62,-1
7ch5_0,134,57,-1,146,62,-1
7chc_0,134,57,-1,146,62,-1
7chb_0,134,57,-1,146,62,-1
7chc_1,-1,-1,-1,-1,-1,-1
7che_0,-1,-1,-1,-1,-1,-1
7che_1,-1,-1,-1,-1,-1,-1
7chf_0,-1,-1,-1,-1,-1,-1
7chs_0,135,58,-1,147,63,-1
7chp_0,135,58,-1,147,63,-1
7chf_1,135,58,-1,147,63,-1
7cho_1,135,58,-1,147,63,-1
7cjf_0,135,58,-1,147,63,-1
7cm4_0,-1,-1,-1,-1,-1,-1
7cwo_0,-1,-1,-1,-1,-1,-1
7cyh_0,-1,-1,-1,-1,-1,-1
7cyv_0,-1,-1,-1,-1,-1,-1
7det_1,-1,-1,-1,-1,-1,-1
7deu_0,-1,-1,-1,-1,-1,-1
7dk0_0,-1,-1,-1,-1,-1,-1
7dk2_2,-1,-1,-1,-1,-1,-1
7dx4_0,-1,-1,-1,-1,-1,-1
7e23_0,-1,-1,-1,-1,-1,-1
7e39_0,-1,-1,-1,-1,-1,-1
7e3b_0,-1,-1,-1,-1,-1,-1
7e3c_0,-1,-1,-1,-1,-1,-1
7e3o_0,-1,-1,-1,-1,-1,-1
7e5o_0,-1,-1,-1,-1,-1,-1
7e5y_0,-1,-1,-1,-1,-1,-1
7e7y_0,-1,-1,-1,-1,-1,-1
7e88_1,-1,-1,-1,-1,-1,-1
7e8f_0,-1,-1,-1,-1,-1,-1
7e8f_1,-1,-1,-1,-1,-1,-1
7e9p_0,-1,-1,-1,-1,-1,-1
7eam_0,-1,-1,-1,-1,-1,-1
7ean_0,-1,-1,-1,-1,-1,-1
7ejy_0,-1,-1,-1,-1,-1,-1
7eng_0,-1,-1,-1,-1,-1,-1
7f15_0,136,59,-1,148,64,-1
7f0x_0,136,59,-1,148,64,-1
7f3q_0,-1,-1,-1,-1,-1,-1
7f3q_1,-1,-1,-1,-1,-1,-1
7f7h_1,-1,-1,-1,-1,-1,-1
7fat_0,-1,-1,-1,-1,-1,-1
7fau_1,-1,-1,-1,-1,-1,-1
7fcp_0,-1,-1,-1,-1,-1,-1
7fcp_1,-1,-1,-1,-1,-1,-1
7fh0_0,-1,-1,-1,-1,-1,-1
7fh0_1,-1,-1,-1,-1,-1,-1
7jmo_0,-1,-1,-1,-1,-1,-1
7jmp_0,-1,-1,-1,-1,-1,-1
7jva_0,-1,-1,-1,-1,-1,-1
7jvb_0,-1,-1,-1,-1,-1,-1
7k45_0,-1,-1,-1,-1,-1,-1
7k8m_0,-1,-1,-1,-1,-1,-1
7k9i_0,-1,-1,-1,-1,-1,-1
7k9z_0,-1,-1,-1,-1,-1,-1
7k9z_1,-1,-1,-1,-1,-1,-1
7kgk_0,-1,-1,-1,-1,-1,-1
7klw_0,-1,-1,-1,-1,-1,-1
7klw_1,-1,-1,-1,-1,-1,-1
7km5_0,-1,-1,-1,-1,-1,-1
7kmg_0,-1,-1,-1,-1,-1,-1
7kn3_1,-1,-1,-1,-1,-1,-1
7kn6_0,-1,-1,-1,-1,-1,-1
7kn7_0,137,-1,-1,149,-1,-1
7kn6_1,137,-1,-1,149,-1,-1
7kn7_1,-1,-1,-1,-1,-1,-1
7kzb_0,-1,-1,-1,-1,-1,-1
7kzb_1,-1,-1,-1,-1,-1,-1
7l5b_0,-1,-1,-1,-1,-1,-1
7l7e_3,138,-1,-1,150,-1,-1
7l7e_4,138,-1,-1,150,-1,-1
7l7e_5,138,-1,-1,150,-1,-1
7l7e_7,138,-1,-1,150,-1,-1
7ldj_1,-1,-1,-1,-1,-1,-1
7lop_0,-1,-1,-1,-1,-1,-1
7lop_1,-1,-1,-1,-1,-1,-1
7lop_2,-1,-1,-1,-1,-1,-1
7lop_3,-1,-1,-1,-1,-1,-1
7lq7_0,-1,-1,-1,-1,-1,-1
7lq7_1,-1,-1,-1,-1,-1,-1
7lq7_2,-1,-1,-1,-1,-1,-1
7lq7_3,-1,-1,-1,-1,-1,-1
7lq7_4,-1,-1,-1,-1,-1,-1
7lq7_5,-1,-1,-1,-1,-1,-1
7lrs_0,-1,-1,-1,-1,-1,-1
7m42_0,-1,-1,-1,-1,-1,-1
7m42_1,-1,-1,-1,-1,-1,-1
7mdw_0,-1,-1,-1,-1,-1,-1
7mdw_1,-1,-1,-1,-1,-1,-1
7me7_0,-1,-1,-1,-1,-1,-1
7me7_1,-1,-1,-1,-1,-1,-1
7mej_0,-1,-1,-1,-1,-1,-1
7mej_1,-1,-1,-1,-1,-1,-1
7mf1_0,-1,-1,-1,-1,-1,-1
7mkm_0,-1,-1,-1,-1,-1,-1
7mlz_0,-1,-1,-1,-1,-1,-1
7mmo_0,-1,-1,-1,-1,-1,-1
7mzm_0,-1,-1,-1,-1,-1,-1
7n3i_0,-1,-1,-1,-1,-1,-1
7nkt_0,-1,-1,-1,-1,-1,-1
7np1_3,-1,-1,-1,-1,-1,-1
7nx6_0,-1,-1,-1,-1,-1,-1
7nx6_1,-1,-1,-1,-1,-1,-1
7oao_0,-1,-1,-1,-1,-1,-1
7olz_0,-1,-1,-1,-1,-1,-1
7olz_1,-1,-1,-1,-1,-1,-1
7phg_0,-1,-1,-1,-1,-1,-1
7pqz_0,-1,-1,-1,-1,-1,-1
7pqy_1,-1,-1,-1,-1,-1,-1
7pqz_1,-1,-1,-1,-1,-1,-1
7pr0_1,-1,-1,-1,-1,-1,-1
7qnx_0,-1,-1,-1,-1,-1,-1
7qnx_1,-1,-1,-1,-1,-1,-1
7qny_0,-1,-1,-1,-1,-1,-1
7qny_1,-1,-1,-1,-1,-1,-1
7r6w_0,-1,-1,-1,-1,-1,-1
7r6w_1,-1,-1,-1,-1,-1,-1
7r7n_0,-1,-1,-1,-1,-1,-1
7rr0_0,-1,-1,-1,-1,-1,-1
7ru8_0,-1,-1,-1,-1,-1,-1
7rxd_1,-1,-1,-1,-1,-1,-1
7s4s_0,-1,-1,-1,-1,-1,-1
7s83_0,-1,-1,-1,-1,-1,-1
7s83_1,-1,-1,-1,-1,-1,-1
7sbu_0,-1,-1,-1,-1,-1,-1
7sd5_0,-1,-1,-1,-1,-1,-1
7si2_1,-1,-1,-1,-1,-1,-1
7swn_0,-1,-1,-1,-1,-1,-1
7t72_0,-1,-1,-1,-1,-1,-1
7t7b_0,-1,-1,-1,-1,-1,-1
7tas_0,-1,-1,-1,-1,-1,-1
7tbf_0,-1,-1,-1,-1,-1,-1
7tbf_1,-1,-1,-1,-1,-1,-1
7te1_1,-1,-1,-1,-1,-1,-1
7the_0,-1,-1,-1,-1,-1,-1
7tp3_0,-1,-1,-1,-1,-1,-1
7tp4_0,-1,-1,-1,-1,-1,-1
7u2d_0,-1,-1,-1,-1,-1,-1
7u2e_0,-1,-1,-1,-1,-1,-1
7ul0_0,-1,-1,-1,-1,-1,-1
7v27_0,-1,-1,-1,-1,-1,-1
7vmu_0,-1,-1,-1,-1,-1,-1
7vyr_1,-1,-1,-1,-1,-1,-1
7w1s_0,-1,-1,-1,-1,-1,-1
7wbz_0,-1,-1,-1,-1,-1,-1
7wd1_1,-1,-1,-1,-1,-1,-1
7whz_0,-1,-1,-1,-1,-1,-1
7whz_1,-1,-1,-1,-1,-1,-1
7whz_2,-1,-1,-1,-1,-1,-1
7wo7_0,-1,-1,-1,-1,-1,-1
7woc_0,-1,-1,-1,-1,-1,-1
7won_0,-1,-1,-1,-1,-1,-1
7wp6_0,-1,-1,-1,-1,-1,-1
7wp6_1,-1,-1,-1,-1,-1,-1
7wp6_2,-1,-1,-1,-1,-1,-1
7wph_1,-1,-1,-1,-1,-1,-1
7wue_0,-1,-1,-1,-1,-1,-1
7wvl_0,-1,-1,-1,-1,-1,-1
7x2k_0,-1,-1,-1,-1,-1,-1
7x2k_1,-1,-1,-1,-1,-1,-1
7x7e_0,-1,-1,-1,-1,-1,-1
7x7o_1,-1,-1,-1,-1,-1,-1
7x7t_0,-1,-1,-1,-1,-1,-1
7x7t_1,-1,-1,-1,-1,-1,-1
7x7t_2,-1,-1,-1,-1,-1,-1
7x8z_0,-1,-1,-1,-1,-1,-1
7x90_0,-1,-1,-1,-1,-1,-1
7x92_0,-1,-1,-1,-1,-1,-1
7xei_1,-1,-1,-1,-1,-1,-1
7xrp_0,-1,-1,-1,-1,-1,-1
7xs8_0,139,60,-1,151,65,-1
7xsc_1,139,60,-1,151,65,-1
7xxl_0,-1,-1,-1,-1,-1,-1
7y0o_0,-1,-1,-1,-1,-1,-1
7y0o_1,-1,-1,-1,-1,-1,-1
7y3o_0,-1,-1,-1,-1,-1,-1
7y6k_0,-1,-1,-1,-1,-1,-1
7y6k_1,-1,-1,-1,-1,-1,-1
7y6l_0,-1,-1,-1,-1,-1,-1
7y7k_0,-1,-1,-1,-1,-1,-1
7ycl_0,-1,-1,-1,-1,-1,-1
7ycn_2,-1,-1,-1,-1,-1,-1
7ydi_0,-1,-1,-1,-1,-1,-1
7yh6_0,-1,-1,-1,-1,-1,-1
7z0x_0,-1,-1,-1,-1,-1,-1
7z1d_0,-1,-1,-1,152,-1,-1
7z1e_0,-1,-1,-1,152,-1,-1
8a96_0,-1,-1,-1,-1,-1,-1
8be1_0,-1,-1,-1,-1,-1,-1
8bg2_0,140,61,-1,153,66,-1
8bg3_0,140,61,-1,153,66,-1
8bg4_1,140,61,-1,153,66,-1
8bg5_0,140,61,-1,153,66,-1
8bec_0,140,61,-1,153,66,-1
8bg6_0,140,61,-1,153,66,-1
8bg8_0,-1,-1,-1,-1,-1,-1
8bse_0,-1,-1,-1,-1,-1,-1
8c8p_0,-1,-1,-1,-1,-1,-1
8cyj_0,-1,-1,-1,-1,-1,-1
8cyj_1,-1,-1,-1,-1,-1,-1
8cyj_2,-1,-1,-1,-1,-1,-1
8cyj_3,-1,-1,-1,-1,-1,-1
8d8q_0,-1,-1,-1,-1,-1,-1
8d8q_1,-1,-1,-1,-1,-1,-1
8d8r_0,-1,-1,-1,-1,-1,-1
8dad_0,-1,-1,-1,-1,-1,-1
8dm0_0,-1,-1,-1,-1,-1,-1
8dw2_0,-1,-1,-1,-1,-1,-1
8dw2_1,-1,-1,-1,-1,-1,-1
8dw3_0,-1,-1,-1,-1,-1,-1
8dw3_1,-1,-1,-1,-1,-1,-1
8dwa_0,-1,-1,-1,-1,-1,-1
8el2_0,-1,-1,-1,-1,-1,-1
8elo_0,-1,-1,-1,-1,-1,-1
8elo_1,-1,-1,-1,-1,-1,-1
8elp_0,-1,-1,-1,-1,-1,-1
8elp_1,-1,-1,-1,-1,-1,-1
8elq_0,-1,-1,-1,-1,-1,-1
8elq_1,-1,-1,-1,-1,-1,-1
8eqf_0,-1,-1,-1,-1,-1,-1
8f0h_0,-1,-1,-1,-1,-1,-1
8f0h_1,-1,-1,-1,-1,-1,-1
8f0i_0,-1,-1,-1,-1,-1,-1
8gb5_1,-1,-1,-1,-1,-1,-1
8gb6_0,-1,-1,-1,-1,-1,-1
8gb7_0,-1,-1,-1,-1,-1,-1
8gx9_1,141,-1,-1,154,-1,-1
8gx9_0,141,-1,-1,154,-1,-1
8gx9_2,-1,-1,-1,-1,-1,-1
8gx9_3,-1,-1,-1,-1,-1,-1
8h5t_0,-1,-1,-1,-1,-1,-1
8h91_0,-1,-1,-1,-1,-1,-1
8hes_0,-1,-1,-1,-1,-1,-1
8hgm_0,-1,-1,-1,-1,-1,-1
8hn6_0,-1,-1,-1,-1,-1,-1
8hn7_0,-1,-1,-1,-1,-1,-1
8hq7_0,-1,-1,-1,-1,-1,-1
8hq7_1,-1,-1,-1,-1,-1,-1
8hr2_0,-1,-1,-1,-1,-1,-1
8hr2_1,-1,-1,-1,-1,-1,-1
8iv4_0,-1,-1,-1,-1,-1,-1
8iv4_1,-1,-1,-1,-1,-1,-1
8iv5_0,-1,-1,-1,-1,-1,-1
8iv5_1,-1,-1,-1,-1,-1,-1
8iva_0,-1,-1,-1,-1,-1,-1
8iva_1,-1,-1,-1,-1,-1,-1
8p5m_0,-1,-1,-1,-1,-1,-1
8rby_0,-1,-1,-1,-1,-1,-1
8rj7_0,-1,-1,-1,-1,-1,-1
8rrn_0,-1,-1,-1,-1,-1,-1
8sdf_0,-1,-1,-1,-1,-1,-1
8sdg_0,-1,-1,-1,-1,-1,-1
8sk5_0,-1,-1,-1,-1,-1,-1
8tma_0,-1,-1,-1,-1,-1,-1
8wpy_0,-1,-1,-1,-1,-1,-1
8wpy_1,-1,-1,-1,-1,-1,-1
8wpy_2,-1,-1,-1,-1,-1,-1
8xk2_0,-1,-1,-1,-1,-1,-1
8xse_0,-1,-1,-1,-1,-1,-1
8xse_1,-1,-1,-1,-1,-1,-1
8xsf_0,142,62,-1,155,67,-1
8xsi_0,142,62,-1,155,67,-1
8xxw_0,-1,-1,-1,-1,-1,-1
8yk4_0,-1,-1,-1,-1,-1,-1
8ykh_0,-1,-1,-1,-1,-1,-1
8z2e_0,-1,-1,-1,-1,-1,-1
8z2e_1,-1,-1,-1,-1,-1,-1
8zer_2,-1,-1,-1,-1,-1,-1
9b82_0,-1,-1,-1,-1,-1,-1
9cpp_0,143,63,-1,156,68,-1
9cfe_0,143,63,-1,156,68,-1
9cpp_1,-1,-1,-1,-1,-1,-1
9cpr_0,-1,-1,-1,-1,-1,-1
9cpr_1,-1,-1,-1,-1,-1,-1
9cps_0,-1,-1,-1,-1,-1,-1
9cps_1,-1,-1,-1,-1,-1,-1
9cpt_0,-1,-1,-1,-1,-1,-1
9cpt_1,-1,-1,-1,-1,-1,-1
9cpv_0,-1,-1,-1,-1,-1,-1
9cpv_1,-1,-1,-1,-1,-1,-1
9cpy_0,-1,-1,-1,-1,-1,-1
9cpy_1,-1,-1,-1,-1,-1,-1
9fc2_0,-1,-1,-1,-1,-1,-1
9fgs_0,-1,-1,-1,-1,-1,-1
9iqp_0,-1,-1,-1,-1,-1,-1
9j66_0,-1,-1,-1,-1,-1,-1
9kvd_0,-1,-1,-1,-1,-1,-1
9kvd_1,-1,-1,-1,-1,-1,-1
9kvd_2,-1,-1,-1,-1,-1,-1
9kve_0,-1,-1,-1,-1,-1,-1
9kve_1,-1,-1,-1,-1,-1,-1
9kve_2,-1,-1,-1,-1,-1,-1
9lae_0,-1,-1,-1,-1,-1,-1
9lae_1,-1,-1,-1,-1,-1,-1
7yzk_1,-1,-1,-1,-1,-1,-1
7yzi_1,-1,-1,-1,-1,-1,-1
7yz9_0,-1,-1,-1,-1,-1,-1
7vgr_0,-1,-1,-1,-1,-1,-1
7vgs_0,-1,-1,-1,-1,-1,-1
9ctu_0,-1,-1,-1,-1,-1,-1
9ctw_0,-1,-1,-1,-1,-1,-1
7rbt_0,-1,-1,-1,-1,-1,-1
6xox_0,-1,-1,-1,-1,-1,-1
7ra3_0,-1,-1,-1,-1,-1,-1
7rg9_0,-1,-1,-1,-1,-1,-1
7rgp_0,-1,-1,-1,-1,-1,-1
2dd8_0,-1,-1,-1,-1,-1,-1
2ghw_0,-1,-1,-1,-1,-1,-1
3bgf_0,-1,-1,-1,-1,-1,-1
6nb6_1,-1,-1,-1,-1,-1,-1
6nb7_0,-1,-1,-1,-1,-1,-1
6waq_1,-1,-1,-1,-1,-1,-1
7akj_0,-1,-1,-1,-1,-1,-1
7rks_1,-1,-1,-1,-1,-1,-1
7wr9_0,-1,-1,-1,-1,-1,-1
7x2j_0,-1,-1,-1,-1,-1,-1
7x7v_0,-1,-1,-1,-1,-1,-1
7x7v_1,-1,-1,-1,-1,-1,-1
7x7v_2,-1,-1,-1,-1,-1,-1
7y3n_0,-1,-1,-1,-1,-1,-1
8kdt_0,-1,-1,-1,-1,-1,-1
7sp9_0,-1,-1,-1,-1,-1,-1
7sp9_1,-1,-1,-1,-1,-1,-1
7spa_0,-1,-1,-1,-1,-1,-1
7spa_1,-1,-1,-1,-1,-1,-1
4rau_0,-1,-1,-1,-1,-1,-1
7ly9_3,-1,-1,-1,-1,-1,-1
4nc2_0,-1,-1,-1,-1,-1,-1
6oq5_0,-1,-1,-1,-1,-1,-1
6oq5_1,-1,-1,-1,-1,-1,-1
6oq5_2,-1,-1,-1,-1,-1,-1
6oq6_0,-1,-1,-1,-1,-1,-1
6oq7_0,-1,-1,-1,-1,-1,-1
7czp_1,-1,-1,-1,-1,-1,-1
7czq_1,-1,-1,-1,157,69,-1
7czr_0,-1,-1,-1,157,69,-1
7czt_1,-1,-1,-1,-1,-1,-1
7czu_0,-1,-1,-1,-1,-1,-1
7czw_0,-1,-1,-1,-1,-1,-1
7czx_1,-1,-1,-1,-1,-1,-1
7czy_0,-1,-1,-1,-1,-1,-1
7d00_1,-1,-1,-1,-1,-1,-1
7d03_0,-1,-1,-1,-1,-1,-1
7d0b_0,-1,-1,-1,-1,-1,-1
7d0c_1,-1,-1,-1,-1,-1,-1
7d0d_1,-1,-1,-1,-1,-1,-1
7l7r_0,-1,-1,-1,-1,-1,-1
7l7r_1,-1,-1,-1,-1,-1,-1
7ejz_0,-1,-1,-1,-1,-1,-1
7r8b_0,-1,-1,-1,-1,-1,-1
6k68_0,-1,-1,-1,-1,-1,-1
6rnk_0,-1,-1,-1,-1,-1,-1
6z10_0,-1,-1,-1,-1,-1,-1
2nyy_0,144,-1,-1,158,-1,-1
2nz9_1,144,-1,-1,158,-1,-1
7lzp_0,-1,-1,-1,-1,-1,-1
7lzp_1,-1,-1,-1,-1,-1,-1
7lzp_2,-1,-1,-1,-1,-1,-1
7lzp_3,-1,-1,-1,-1,-1,-1
7lzp_4,-1,-1,-1,-1,-1,-1
7lzp_5,-1,-1,-1,-1,-1,-1
7m1h_0,-1,-1,-1,-1,-1,-1
7m1h_1,-1,-1,-1,-1,-1,-1
7m1h_2,-1,-1,-1,-1,-1,-1
7m1h_3,-1,-1,-1,-1,-1,-1
7m1h_4,-1,-1,-1,-1,-1,-1
7m1h_5,-1,-1,-1,-1,-1,-1
6pv8_0,-1,-1,-1,-1,-1,-1
6pv7_1,-1,-1,-1,-1,-1,-1
6nfj_1,-1,-1,-1,-1,-1,-1
7oan_0,-1,-1,-1,-1,-1,-1
6oe4_0,-1,-1,-1,-1,-1,-1
8wz4_0,-1,-1,-1,-1,-1,-1
7q9f_0,-1,-1,-1,-1,-1,-1
1mhp_1,-1,-1,-1,-1,-1,-1
2b2x_0,-1,-1,-1,-1,-1,-1
7bsc_0,-1,-1,-1,-1,-1,-1
6bpa_1,-1,-1,-1,-1,-1,-1
6bpc_0,145,64,-1,159,70,-1
6bpe_2,145,64,-1,159,70,-1
6wm9_0,-1,-1,-1,-1,-1,-1
6wn1_1,-1,-1,-1,-1,-1,-1
6wno_0,-1,-1,-1,-1,-1,-1
6woz_3,-1,-1,-1,-1,-1,-1
6wqo_0,-1,-1,-1,-1,-1,-1
6wtv_1,146,-1,-1,160,-1,-1
6wtu_2,146,-1,-1,160,-1,-1
6wty_3,-1,-1,-1,-1,-1,-1
6orn_0,-1,-1,-1,-1,-1,-1
6oro_0,-1,-1,-1,-1,-1,-1
6orp_0,-1,-1,-1,-1,-1,-1
6orq_2,-1,-1,-1,-1,-1,-1
6udk_0,-1,-1,-1,-1,-1,-1
6udk_1,-1,-1,-1,-1,-1,-1
6udk_2,-1,-1,-1,-1,-1,-1
6udk_3,-1,-1,-1,-1,-1,-1
6udk_4,-1,-1,-1,-1,-1,-1
6udk_5,-1,-1,-1,-1,-1,-1
1ztx_0,-1,-1,-1,-1,-1,-1
3iyw_0,-1,-1,-1,-1,-1,-1
6ute_0,-1,-1,-1,-1,-1,-1
3rkd_1,-1,-1,-1,-1,-1,-1
4plk_0,-1,-1,-1,-1,-1,-1
9iy2_0,-1,-1,-1,-1,-1,-1
9iy2_1,-1,-1,-1,-1,-1,-1
9iy2_2,-1,-1,-1,-1,-1,-1
9iy2_3,-1,-1,-1,-1,-1,-1
6e3y_0,-1,-1,-1,-1,-1,-1
3sn6_0,-1,-1,-1,-1,-1,-1
5uz7_0,-1,-1,-1,-1,-1,-1
5vai_0,-1,-1,-1,-1,-1,-1
6b3j_0,-1,-1,-1,-1,-1,-1
6k41_0,-1,-1,-1,-1,-1,-1
6nbh_0,-1,-1,-1,-1,-1,-1
6lmk_0,-1,-1,-1,-1,-1,-1
6nbf_0,-1,-1,-1,-1,-1,-1
6nbi_0,-1,-1,-1,-1,-1,-1
6li3_0,-1,-1,-1,-1,-1,-1
6niy_0,-1,-1,-1,-1,-1,-1
6oij_0,147,65,-1,161,71,-1
6oik_0,147,65,-1,161,71,-1
6os9_0,147,65,-1,161,71,-1
6x1a_0,-1,-1,-1,-1,-1,-1
6x19_0,-1,-1,-1,-1,-1,-1
6p9y_0,-1,-1,-1,-1,-1,-1
6pb1_0,-1,-1,-1,-1,-1,-1
6pb0_0,-1,-1,-1,-1,-1,-1
6xox_1,-1,-1,-1,-1,-1,-1
6vn7_0,-1,-1,-1,-1,-1,-1
6uva_0,-1,-1,-1,-1,-1,-1
6vcb_0,-1,-1,-1,-1,-1,-1
6uun_0,-1,-1,-1,-1,-1,-1
6uus_0,-1,-1,-1,-1,-1,-1
6x18_0,-1,-1,-1,-1,-1,-1
6wi9_0,-1,-1,-1,-1,-1,-1
7aue_0,-1,-1,-1,-1,-1,-1
7d68_0,-1,-1,-1,-1,-1,-1
7cx2_0,-1,-1,-1,-1,-1,-1
7cx4_0,-1,-1,-1,-1,-1,-1
7cx3_0,-1,-1,-1,-1,-1,-1
7cfn_0,-1,-1,-1,-1,-1,-1
7c2e_0,-1,-1,-1,-1,-1,-1
7cz5_0,-1,-1,-1,-1,-1,-1
7d77_0,-1,-1,-1,-1,-1,-1
7dfl_0,-1,-1,-1,-1,-1,-1
7dh5_0,-1,-1,-1,-1,-1,-1
7duq_0,-1,-1,-1,-1,-1,-1
7dty_0,-1,-1,-1,-1,-1,-1
7dur_0,-1,-1,-1,-1,-1,-1
7e14_0,-1,-1,-1,-1,-1,-1
7dw9_1,-1,-1,-1,-1,-1,-1
7eja_0,148,-1,-1,162,-1,-1
7e32_0,148,-1,-1,162,-1,-1
7ejk_0,148,-1,-1,162,-1,-1
7e33_0,148,-1,-1,162,-1,-1
7e9h_0,148,-1,-1,162,-1,-1
7evm_0,-1,-1,-1,-1,-1,-1
7ept_0,-1,-1,-1,-1,-1,-1
7ezm_0,-1,-1,-1,-1,-1,-1
7f23_0,-1,-1,-1,-1,-1,-1
7f1o_0,-1,-1,-1,-1,-1,-1
7f16_0,-1,-1,-1,-1,-1,-1
7f4f_0,-1,-1,-1,-1,-1,-1
7f55_0,-1,-1,-1,-1,-1,-1
7f58_0,-1,-1,-1,-1,-1,-1
7f53_0,-1,-1,-1,-1,-1,-1
7f54_0,-1,-1,-1,-1,-1,-1
7fim_0,-1,-1,-1,-1,-1,-1
7fiy_0,-1,-1,-1,-1,-1,-1
7fin_0,-1,-1,-1,-1,-1,-1
7ki1_0,-1,-1,-1,-1,-1,-1
7jv5_0,-1,-1,-1,-1,-1,-1
7jvp_0,-1,-1,-1,-1,-1,-1
7jvq_0,-1,-1,-1,-1,-1,-1
7l1v_0,-1,-1,-1,-1,-1,-1
7l1u_0,-1,-1,-1,-1,-1,-1
7ljc_0,-1,-1,-1,-1,-1,-1
7lll_0,-1,-1,-1,-1,-1,-1
7lly_0,-1,-1,-1,-1,-1,-1
7piv_0,-1,-1,-1,-1,-1,-1
7ra3_1,-1,-1,-1,-1,-1,-1
7rbt_1,-1,-1,-1,-1,-1,-1
7rg9_1,-1,-1,-1,-1,-1,-1
7rtb_0,-1,-1,-1,-1,-1,-1
7rgp_1,-1,-1,-1,-1,-1,-1
7scg_0,-1,-1,-1,-1,-1,-1
7t90_0,149,66,-1,163,72,-1
7t94_0,149,66,-1,163,72,-1
7t96_0,149,66,-1,163,72,-1
7sr8_0,149,66,-1,163,72,-1
7t6b_0,149,66,-1,163,72,-1
7t8x_0,149,66,-1,163,72,-1
7t9i_0,-1,-1,-1,-1,-1,-1
7t9n_1,-1,-1,-1,-1,-1,-1
7ts0_0,-1,-1,-1,-1,-1,-1
7tyy_0,-1,-1,-1,-1,-1,-1
7tyw_0,-1,-1,-1,-1,-1,-1
7tyh_0,-1,-1,-1,-1,-1,-1
7tyn_0,-1,-1,-1,-1,-1,-1
7tyi_0,-1,-1,-1,-1,-1,-1
7um5_0,-1,-1,-1,-1,-1,-1
7um6_0,-1,-1,-1,-1,-1,-1
7um7_0,-1,-1,-1,-1,-1,-1
7vab_0,-1,-1,-1,-1,-1,-1
7v9l_0,-1,-1,-1,-1,-1,-1
7v35_0,-1,-1,-1,-1,-1,-1
7v9m_0,-1,-1,-1,-1,-1,-1
7utz_0,-1,-1,-1,-1,-1,-1
7vgy_0,-1,-1,-1,-1,-1,-1
7vgz_0,-1,-1,-1,-1,-1,-1
7vie_0,150,67,-1,164,73,-1
7vif_0,150,67,-1,164,73,-1
7vig_0,150,67,-1,164,73,-1
7vih_0,150,67,-1,164,73,-1
7vvk_0,-1,-1,-1,-1,-1,-1
7vvj_0,-1,-1,-1,-1,-1,-1
7vvn_0,-1,-1,-1,-1,-1,-1
7vvo_0,-1,-1,-1,-1,-1,-1
7vqx_0,-1,-1,-1,-1,-1,-1
7wbj_0,-1,-1,-1,-1,-1,-1
7wcn_0,-1,-1,-1,-1,-1,-1
7wj5_0,-1,-1,-1,-1,-1,-1
7wu2_0,-1,-1,-1,-1,-1,-1
7wu3_0,-1,-1,-1,-1,-1,-1
7wy0_0,151,-1,-1,165,-1,-1
7wuj_1,151,-1,-1,165,-1,-1
7wv9_0,151,-1,-1,165,-1,-1
7x2c_0,-1,-1,-1,-1,-1,-1
7x2d_0,-1,-1,-1,-1,-1,-1
7x8s_0,-1,-1,-1,-1,-1,-1
7x8r_0,-1,-1,-1,-1,-1,-1
7xbd_0,-1,-1,-1,-1,-1,-1
7xjh_0,-1,-1,-1,-1,-1,-1
7xji_0,-1,-1,-1,-1,-1,-1
7xmt_0,152,-1,-1,166,-1,-1
7xjj_0,152,-1,-1,166,-1,-1
7xou_0,-1,-1,-1,-1,-1,-1
7xov_0,-1,-1,-1,-1,-1,-1
7xow_0,-1,-1,-1,-1,-1,-1
7xox_0,-1,-1,-1,-1,-1,-1
7xw5_0,-1,-1,-1,-1,-1,-1
7xw6_1,-1,-1,-1,-1,-1,-1
7xt8_0,-1,-1,-1,-1,-1,-1
7xtb_0,-1,-1,-1,-1,-1,-1
7xxh_0,-1,-1,-1,-1,-1,-1
7xz5_0,-1,-1,-1,-1,-1,-1
7xz6_0,-1,-1,-1,-1,-1,-1
7y12_0,-1,-1,-1,-1,-1,-1
7y15_0,-1,-1,-1,-1,-1,-1
7y35_0,-1,-1,-1,-1,-1,-1
7y36_0,-1,-1,-1,-1,-1,-1
7y3g_0,-1,-1,-1,-1,-1,-1
7ydh_0,153,-1,-1,167,-1,-1
7y89_0,153,-1,-1,167,-1,-1
7yp7_0,-1,-1,-1,-1,-1,-1
7yfc_1,-1,-1,-1,-1,-1,-1
7yfd_1,-1,-1,-1,-1,-1,-1
8dzq_0,-1,-1,-1,-1,-1,-1
8dzs_0,-1,-1,-1,-1,-1,-1
8e3y_0,-1,-1,-1,-1,-1,-1
8e3z_0,-1,-1,-1,-1,-1,-1
8e9w_0,-1,-1,-1,-1,-1,-1
8e9z_0,-1,-1,-1,-1,-1,-1
8e9x_0,-1,-1,-1,-1,-1,-1
8flt_0,-1,-1,-1,-1,-1,-1
8f2a_0,-1,-1,-1,-1,-1,-1
8fu6_0,-1,-1,-1,-1,-1,-1
8f76_0,-1,-1,-1,-1,-1,-1
8g59_0,-1,-1,-1,-1,-1,-1
8gdb_0,-1,-1,-1,-1,-1,-1
8ha0_0,-1,-1,-1,-1,-1,-1
8haf_0,-1,-1,-1,-1,-1,-1
8hao_1,-1,-1,-1,-1,-1,-1
8gw8_0,-1,-1,-1,-1,-1,-1
8hix_0,-1,-1,-1,-1,-1,-1
8hdo_0,-1,-1,-1,-1,-1,-1
8hdp_0,-1,-1,-1,-1,-1,-1
8gd9_0,-1,-1,-1,-1,-1,-1
8gda_0,-1,-1,-1,-1,-1,-1
8hj1_0,-1,-1,-1,-1,-1,-1
8hmv_0,-1,-1,-1,-1,-1,-1
8hqc_0,154,-1,-1,168,-1,-1
8hpt_0,154,-1,-1,168,-1,-1
8hqe_0,-1,-1,-1,-1,-1,-1
8hs3_0,-1,-1,-1,-1,-1,-1
8hsc_0,-1,-1,-1,-1,-1,-1
8i2g_0,-1,-1,-1,-1,-1,-1
8i95_0,155,-1,-1,169,-1,-1
8ia2_0,155,-1,-1,169,-1,-1
8ia7_0,156,-1,-1,170,-1,-1
8id9_0,156,-1,-1,170,-1,-1
8iec_0,-1,-1,-1,-1,-1,-1
8ied_0,-1,-1,-1,-1,-1,-1
8ioc_0,157,-1,-1,171,-1,-1
8iq4_0,157,-1,-1,171,-1,-1
8iq6_0,157,-1,-1,171,-1,-1
8irr_0,157,-1,-1,171,-1,-1
8iw9_1,157,-1,-1,171,-1,-1
8iod_0,157,-1,-1,171,-1,-1
8itl_0,157,-1,-1,171,-1,-1
8itm_0,157,-1,-1,171,-1,-1
8iy9_0,158,-1,-1,172,-1,-1
8iyw_0,158,-1,-1,172,-1,-1
8j20_0,-1,-1,-1,-1,-1,-1
8j21_0,-1,-1,-1,-1,-1,-1
8j22_0,-1,-1,-1,-1,-1,-1
8j24_0,-1,-1,-1,-1,-1,-1
8jgb_0,159,-1,-1,173,-1,-1
8jer_0,159,-1,-1,173,-1,-1
8jhn_0,159,-1,-1,173,-1,-1
8jd5_0,159,-1,-1,173,-1,-1
8jiu_0,-1,-1,-1,-1,-1,-1
8jit_0,-1,-1,-1,-1,-1,-1
8jis_0,-1,-1,-1,-1,-1,-1
8jip_0,-1,-1,-1,-1,-1,-1
8jir_0,-1,-1,-1,-1,-1,-1
8jlj_0,160,-1,-1,174,-1,-1
8jlk_0,160,-1,-1,174,-1,-1
8jlr_0,160,-1,-1,174,-1,-1
8jln_0,160,-1,-1,174,-1,-1
8jlq_0,160,-1,-1,174,-1,-1
8jjp_0,160,-1,-1,174,-1,-1
8jr9_0,-1,-1,-1,-1,-1,-1
8jlz_0,-1,-1,-1,-1,-1,-1
8jzp_0,161,-1,-1,175,-1,-1
8jxw_0,161,-1,-1,175,-1,-1
8jso_0,161,-1,-1,175,-1,-1
8jsp_0,161,-1,-1,175,-1,-1
8jt6_0,161,-1,-1,175,-1,-1
8k3z_0,-1,-1,-1,-1,-1,-1
8kgg_0,162,-1,-1,176,-1,-1
8kfx_0,162,-1,-1,176,-1,-1
8kfy_0,162,-1,-1,176,-1,-1
8kfz_0,162,-1,-1,176,-1,-1
8kgk_0,-1,-1,-1,-1,-1,-1
8pok_0,-1,-1,-1,-1,-1,-1
8pm2_0,-1,-1,-1,-1,-1,-1
8qj2_0,-1,-1,-1,-1,-1,-1
8smv_0,-1,-1,-1,-1,-1,-1
8s2t_0,-1,-1,-1,-1,-1,-1
8t3v_0,-1,-1,-1,-1,-1,-1
8tzq_0,-1,-1,-1,-1,-1,-1
8uhb_0,-1,-1,-1,-1,-1,-1
8uxv_0,-1,-1,-1,-1,-1,-1
8uy0_0,-1,-1,-1,-1,-1,-1
8uyq_0,-1,-1,-1,-1,-1,-1
8vvf_0,-1,-1,-1,-1,-1,-1
8w87_0,-1,-1,-1,-1,-1,-1
8w89_0,-1,-1,-1,-1,-1,-1
8w8a_0,-1,-1,-1,-1,-1,-1
8w88_0,-1,-1,-1,-1,-1,-1
8w8b_0,-1,-1,-1,-1,-1,-1
8wa3_0,-1,-1,-1,-1,-1,-1
8w8q_0,-1,-1,-1,-1,-1,-1
8wcb_0,-1,-1,-1,-1,-1,-1
8wg7_0,-1,-1,-1,-1,-1,-1
8wg8_0,-1,-1,-1,-1,-1,-1
8wpu_0,-1,-1,-1,-1,-1,-1
8ww2_0,-1,-1,-1,-1,-1,-1
8x17_0,-1,-1,-1,-1,-1,-1
8x2k_0,-1,-1,-1,-1,-1,-1
8x7a_0,-1,-1,-1,-1,-1,-1
8x79_0,-1,-1,-1,-1,-1,-1
8x9t_0,-1,-1,-1,-1,-1,-1
8xgm_0,-1,-1,-1,-1,-1,-1
8xwv_0,163,-1,-1,177,-1,-1
8xjk_0,163,-1,-1,177,-1,-1
8xjl_0,163,-1,-1,177,-1,-1
8xjm_0,163,-1,-1,177,-1,-1
8xjn_0,163,-1,-1,177,-1,-1
8xjo_0,163,-1,-1,177,-1,-1
8xxz_0,163,-1,-1,177,-1,-1
8xx3_0,163,-1,-1,177,-1,-1
8xx6_0,163,-1,-1,177,-1,-1
8xxh_0,163,-1,-1,177,-1,-1
8xxr_0,163,-1,-1,177,-1,-1
8xxx_0,163,-1,-1,177,-1,-1
8xwq_0,163,-1,-1,177,-1,-1
8xyd_0,-1,-1,-1,-1,-1,-1
8yn2_0,164,-1,-1,178,-1,-1
8y02_0,164,-1,-1,178,-1,-1
8yn3_0,-1,-1,-1,-1,-1,-1
8yn4_0,-1,-1,-1,-1,-1,-1
8yut_0,-1,-1,-1,-1,-1,-1
8yw3_0,-1,-1,-1,-1,-1,-1
8yw4_0,-1,-1,-1,-1,-1,-1
8yw5_0,-1,-1,-1,-1,-1,-1
8yyw_0,-1,-1,-1,-1,-1,-1
8z3y_0,165,-1,-1,179,-1,-1
8z68_0,165,-1,-1,179,-1,-1
8z65_0,165,-1,-1,179,-1,-1
8z3q_0,165,-1,-1,179,-1,-1
8zbe_0,165,-1,-1,179,-1,-1
8zbj_0,-1,-1,-1,-1,-1,-1
8zce_0,-1,-1,-1,-1,-1,-1
8zcf_0,-1,-1,-1,-1,-1,-1
8zf6_0,166,-1,-1,180,-1,-1
8zd1_0,166,-1,-1,180,-1,-1
8zf9_1,-1,-1,-1,-1,-1,-1
8zfc_0,167,-1,-1,181,-1,-1
8zfa_0,167,-1,-1,181,-1,-1
8zh8_1,-1,-1,-1,-1,-1,-1
8zjd_0,-1,-1,-1,-1,-1,-1
8zme_0,168,-1,-1,182,-1,-1
8zqe_0,168,-1,-1,182,-1,-1
8zrk_0,-1,-1,-1,-1,-1,-1
9auc_0,-1,-1,-1,-1,-1,-1
8zsj_0,-1,-1,-1,-1,-1,-1
8zsp_0,-1,-1,-1,-1,-1,-1
8zss_0,-1,-1,-1,-1,-1,-1
8zsv_0,-1,-1,-1,-1,-1,-1
9b5y_0,-1,-1,-1,-1,-1,-1
9bip_0,-1,-1,-1,-1,-1,-1
9btw_0,-1,-1,-1,-1,-1,-1
9c0k_0,-1,-1,-1,-1,-1,-1
9ebh_0,-1,-1,-1,-1,-1,-1
9gyo_0,-1,-1,-1,-1,-1,-1
9ite_0,169,-1,-1,183,-1,-1
9iv6_0,169,-1,-1,183,-1,-1
9jfw_0,-1,-1,-1,-1,-1,-1
9ivg_0,-1,-1,-1,-1,-1,-1
9jft_0,-1,-1,-1,-1,-1,-1
9j1p_0,-1,-1,-1,-1,-1,-1
9jhp_0,-1,-1,-1,-1,-1,-1
9jkq_0,-1,-1,-1,-1,-1,-1
9k20_0,170,-1,-1,184,-1,-1
9jvg_0,170,-1,-1,184,-1,-1
9k3l_1,-1,-1,-1,-1,-1,-1
9kfj_0,-1,-1,-1,-1,-1,-1
9lrb_0,-1,-1,-1,-1,-1,-1
9lyb_0,-1,-1,-1,-1,-1,-1
9lgm_0,-1,-1,-1,-1,-1,-1
8k46_2,-1,-1,-1,-1,-1,-1
8k47_0,-1,-1,-1,-1,-1,-1
8be2_0,-1,-1,-1,-1,-1,-1
8kh4_0,-1,-1,-1,-1,-1,-1
5js9_1,-1,-1,-1,-1,-1,-1
6ce0_0,-1,-1,-1,-1,-1,-1
6utk_0,-1,-1,-1,-1,-1,-1
6v6w_0,-1,-1,-1,-1,-1,-1
6v6w_2,-1,-1,-1,-1,-1,-1
8fcz_0,-1,-1,-1,-1,-1,-1
8fd0_0,-1,-1,-1,-1,-1,-1
8fd1_1,-1,-1,-1,-1,-1,-1
8gpj_1,-1,-1,-1,-1,-1,-1
6azz_0,-1,-1,-1,-1,-1,-1
6b08_0,-1,-1,-1,-1,-1,-1
6b0a_0,-1,-1,-1,-1,-1,-1
6b0e_0,-1,-1,-1,-1,-1,-1
6b0g_0,-1,-1,-1,-1,-1,-1
6b0h_0,-1,-1,-1,-1,-1,-1
6phb_0,-1,-1,-1,-1,-1,-1
6phc_1,-1,-1,-1,-1,-1,-1
6phd_0,-1,-1,-1,-1,-1,-1
6phf_1,-1,-1,-1,-1,-1,-1
7txw_0,-1,-1,-1,-1,-1,-1
8ezk_1,-1,-1,-1,-1,-1,-1
8ezl_0,-1,-1,-1,-1,-1,-1
8ezm_0,-1,-1,-1,-1,-1,-1
8f0k_0,-1,-1,-1,-1,-1,-1
8f2b_0,-1,-1,-1,-1,-1,-1
8czz_0,-1,-1,-1,-1,-1,-1
8g3o_2,-1,-1,-1,-1,-1,-1
8g3p_1,-1,-1,-1,-1,-1,-1
8g3v_0,-1,-1,-1,-1,-1,-1
8g40_0,-1,-1,-1,-1,-1,-1
8bf4_2,-1,-1,-1,-1,-1,-1
8bf4_3,-1,-1,-1,-1,-1,-1
7t10_0,171,-1,-1,185,-1,-1
7t11_0,171,-1,-1,185,-1,-1
8d0a_0,-1,-1,-1,-1,-1,-1
7ox1_1,-1,-1,-1,-1,-1,-1
7ox2_2,-1,-1,-1,-1,-1,-1
7ox3_0,-1,-1,-1,-1,-1,-1
5nj6_0,-1,-1,-1,-1,-1,-1
6ko5_0,-1,-1,-1,-1,-1,-1
7tuy_0,-1,-1,-1,-1,-1,-1
8hii_0,-1,-1,-1,-1,-1,-1
8hij_0,-1,-1,-1,-1,-1,-1
8hik_0,-1,-1,-1,-1,-1,-1
9l3z_0,172,68,-1,186,74,-1
9ivk_0,172,68,-1,186,74,-1
9dng_0,172,68,-1,186,74,-1
9dnm_0,172,68,-1,186,74,-1
8gpx_0,-1,-1,-1,-1,-1,-1
7z3a_1,-1,-1,-1,-1,-1,-1
7z3a_3,-1,-1,-1,-1,-1,-1
7z3a_4,-1,-1,-1,-1,-1,-1
7zlk_0,-1,-1,-1,-1,-1,-1
7zlk_2,-1,-1,-1,-1,-1,-1
7zlk_3,-1,-1,-1,-1,-1,-1
7wu9_0,-1,-1,-1,-1,-1,-1
7qe5_0,-1,-1,-1,-1,-1,-1
4tnw_8,173,-1,-1,187,-1,-1
3ri5_1,173,-1,-1,187,-1,-1
3rif_0,173,-1,-1,187,-1,-1
4tnv_9,173,-1,-1,187,-1,-1
3rhw_4,173,-1,-1,187,-1,-1
3ria_3,173,-1,-1,187,-1,-1
4cad_2,-1,-1,-1,-1,-1,-1
6opo_0,-1,-1,-1,-1,-1,-1
5mhs_0,-1,-1,-1,-1,-1,-1
3stl_0,-1,-1,-1,-1,-1,-1
3stz_0,-1,-1,-1,-1,-1,-1
5f7l_0,-1,-1,-1,-1,-1,-1
7n9c_0,-1,-1,-1,-1,-1,-1
7e6u_0,-1,-1,-1,-1,-1,-1
7a5r_1,-1,-1,-1,-1,-1,-1
7mnn_1,-1,-1,-1,-1,-1,-1
7wuh_0,-1,-1,-1,-1,-1,-1
8ath_1,-1,-1,-1,-1,-1,-1
7unb_0,-1,-1,-1,-1,-1,-1
7unb_1,-1,-1,-1,-1,-1,-1
7uxl_0,-1,-1,-1,-1,-1,-1
7uxl_1,-1,-1,-1,-1,-1,-1
7y24_0,-1,-1,-1,-1,-1,-1
7yms_0,-1,-1,-1,-1,-1,-1
7yrh_0,-1,-1,-1,-1,-1,-1
7v3l_1,-1,-1,-1,-1,-1,-1
7v5j_2,-1,-1,-1,-1,-1,-1
7v5k_0,-1,-1,-1,-1,-1,-1
7v6o_1,-1,-1,-1,-1,-1,-1
7ozt_0,-1,-1,-1,-1,-1,-1
7mxl_0,-1,-1,-1,-1,-1,-1
7mxl_1,-1,-1,-1,-1,-1,-1
7mxl_2,-1,-1,-1,-1,-1,-1
4c57_0,-1,-1,-1,-1,-1,-1
5y7z_1,-1,-1,-1,-1,-1,-1
5y80_0,-1,-1,-1,-1,-1,-1
2ltq_2,-1,-1,-1,-1,-1,-1
2zuq_0,-1,-1,-1,-1,-1,-1
3dvg_0,-1,-1,-1,-1,-1,-1
3dvn_1,-1,-1,-1,-1,-1,-1
5usf_0,-1,-1,-1,-1,-1,-1
7ly9_0,-1,-1,-1,-1,-1,-1
7ly9_1,-1,-1,-1,-1,-1,-1
7ly9_2,-1,-1,-1,-1,-1,-1
5vjq_1,-1,-1,-1,-1,-1,-1
5vjo_0,-1,-1,-1,-1,-1,-1
1lk3_1,-1,-1,-1,-1,-1,-1
5y9f_5,-1,-1,-1,-1,-1,-1
4jre_1,-1,-1,-1,-1,-1,-1
4ers_0,-1,-1,-1,-1,-1,-1
5xez_1,-1,-1,-1,-1,-1,-1
5xf1_1,-1,-1,-1,-1,-1,-1
8w1v_0,-1,-1,-1,-1,-1,-1
4z7o_0,-1,-1,-1,-1,-1,-1
3zdz_1,-1,-1,-1,-1,-1,-1
3ze0_0,-1,-1,-1,-1,-1,-1
3ze1_1,-1,-1,-1,-1,-1,-1
4z7n_1,-1,-1,-1,-1,-1,-1
4uu9_1,-1,-1,-1,-1,-1,-1
5b71_1,-1,-1,-1,-1,-1,-1
5i5k_1,-1,-1,-1,-1,-1,-1
8cml_0,-1,-1,-1,-1,-1,-1
8cml_1,-1,-1,-1,-1,-1,-1
8coe_0,-1,-1,-1,-1,-1,-1
8dce_0,-1,-1,-1,-1,-1,-1
4ffy_0,-1,-1,-1,-1,-1,-1
4l5f_0,-1,-1,-1,-1,-1,-1
7zwm_0,174,-1,-1,188,-1,-1
7zwm_1,174,-1,-1,188,-1,-1
7zwm_2,-1,-1,-1,-1,-1,-1
7zwm_3,-1,-1,-1,-1,-1,-1
7zxg_0,-1,-1,-1,-1,-1,-1
4ubd_2,-1,-1,-1,-1,-1,-1
7k39_2,-1,-1,-1,-1,-1,-1
7k37_1,-1,-1,-1,-1,-1,-1
7k3a_1,-1,-1,-1,-1,-1,-1
7k3b_1,-1,-1,-1,-1,-1,-1
7x6l_1,-1,-1,-1,-1,-1,-1
7rp0_0,-1,-1,-1,-1,-1,-1
7d5z_1,-1,-1,-1,-1,-1,-1
7uds_1,-1,-1,-1,-1,-1,-1
7ul7_0,-1,-1,-1,-1,-1,-1
1v7n_3,-1,-1,-1,-1,-1,-1
6sc5_0,-1,-1,-1,-1,-1,-1
6sc6_0,-1,-1,-1,-1,-1,-1
6sc5_1,-1,-1,-1,-1,-1,-1
6sc6_1,-1,-1,-1,-1,-1,-1
6sc7_0,-1,-1,-1,-1,-1,-1
6sc8_0,-1,-1,-1,-1,-1,-1
6sc7_1,-1,-1,-1,-1,-1,-1
6sc8_1,-1,-1,-1,-1,-1,-1
6sc9_0,-1,-1,-1,-1,-1,-1
6sc9_1,-1,-1,-1,-1,-1,-1
3eba_0,175,-1,-1,189,-1,-1
1op9_0,175,-1,-1,189,-1,-1
4i0c_0,-1,-1,-1,-1,-1,-1
3t2n_0,-1,-1,-1,-1,-1,-1
5vod_0,-1,-1,-1,-1,-1,-1
7cwl_0,176,-1,-1,190,-1,-1
7cwn_0,176,-1,-1,190,-1,-1
7cwm_2,176,-1,-1,190,-1,-1
7cwn_1,-1,-1,-1,-1,-1,-1
7cwn_2,-1,-1,-1,-1,-1,-1
7cwn_3,-1,-1,-1,-1,-1,-1
7cwn_4,-1,-1,-1,-1,-1,-1
7cwn_5,-1,-1,-1,-1,-1,-1
7cws_0,-1,-1,-1,-1,-1,-1
7cws_1,-1,-1,-1,-1,-1,-1
7cws_2,-1,-1,-1,-1,-1,-1
7cws_3,-1,-1,-1,-1,-1,-1
7cws_4,-1,-1,-1,-1,-1,-1
7cws_5,-1,-1,-1,-1,-1,-1
7cwt_0,-1,-1,-1,-1,-1,-1
7cwt_1,-1,-1,-1,-1,-1,-1
7cwt_2,-1,-1,-1,-1,-1,-1
7cwt_3,-1,-1,-1,-1,-1,-1
7cwt_4,-1,-1,-1,-1,-1,-1
7cwt_5,-1,-1,-1,-1,-1,-1
7cwu_0,-1,-1,-1,-1,-1,-1
7cwu_1,-1,-1,-1,-1,-1,-1
7cwu_2,-1,-1,-1,-1,-1,-1
7cwu_3,-1,-1,-1,-1,-1,-1
7cwu_4,-1,-1,-1,-1,-1,-1
7cwu_5,-1,-1,-1,-1,-1,-1
1w72_1,-1,-1,-1,-1,-1,-1
8t6m_0,-1,-1,-1,-1,-1,-1
8t6m_1,-1,-1,-1,-1,-1,-1
8t7r_8,-1,-1,-1,-1,-1,-1
2r4r_0,-1,-1,-1,-1,-1,-1
2r4s_0,-1,-1,-1,-1,-1,-1
6vlr_0,-1,-1,-1,-1,-1,-1
6vlr_2,-1,-1,-1,-1,-1,-1
6vlr_3,-1,-1,-1,-1,-1,-1
6vo1_1,-1,-1,-1,-1,-1,-1
6okp_1,-1,-1,-1,-1,-1,-1
6okp_2,-1,-1,-1,-1,-1,-1
6iek_0,-1,-1,-1,-1,-1,-1
8awm_0,-1,-1,-1,-1,-1,-1
3kr3_0,-1,-1,-1,-1,-1,-1
6snh_0,-1,-1,-1,-1,-1,-1
6sni_0,-1,-1,-1,-1,-1,-1
4rgm_1,-1,-1,-1,-1,-1,-1
4rgn_2,-1,-1,-1,-1,-1,-1
4rgn_3,-1,-1,-1,-1,-1,-1
8ybl_0,-1,-1,-1,-1,-1,-1
7omm_0,-1,-1,-1,-1,-1,-1
7omm_1,-1,-1,-1,-1,-1,-1
6vy2_0,-1,-1,-1,-1,-1,-1
8u1d_0,-1,-1,-1,-1,-1,-1
7q6z_0,-1,-1,-1,-1,-1,-1
7q1u_0,-1,-1,-1,-1,-1,-1
6mf7_0,-1,-1,-1,-1,-1,-1
6nn3_0,-1,-1,-1,-1,-1,-1
2qql_0,-1,-1,-1,-1,-1,-1
8ivw_0,-1,-1,-1,-1,-1,-1
6huk_0,177,-1,-1,191,-1,-1
9fga_0,177,-1,-1,191,-1,-1
6hup_0,177,-1,-1,191,-1,-1
6huj_0,177,-1,-1,191,-1,-1
6hug_0,177,-1,-1,191,-1,-1
7qne_0,177,-1,-1,191,-1,-1
6huo_0,177,-1,-1,191,-1,-1
5sy8_0,-1,-1,-1,-1,-1,-1
5t5b_1,178,-1,-1,192,-1,-1
5t29_0,178,-1,-1,192,-1,-1
5t6l_1,178,-1,-1,192,-1,-1
5t80_0,178,-1,-1,192,-1,-1
5t85_0,-1,-1,-1,-1,-1,-1
5tfw_0,-1,-1,-1,-1,-1,-1
6vpx_2,-1,-1,-1,-1,-1,-1
9k3f_0,-1,-1,-1,-1,-1,-1
9khh_0,-1,-1,-1,-1,-1,-1
9ccs_0,-1,-1,-1,-1,-1,-1
9cct_0,-1,-1,-1,-1,-1,-1
9ccu_0,-1,-1,-1,-1,-1,-1
9ccw_0,-1,-1,-1,-1,-1,-1
9fmw_0,-1,-1,-1,-1,-1,-1
9fjk_0,-1,-1,-1,-1,-1,-1
9cv7_0,-1,-1,-1,-1,-1,-1
8rew_0,-1,-1,-1,-1,-1,-1
9goe_0,-1,-1,-1,-1,-1,-1
8tmi_1,179,-1,-1,193,-1,-1
8tmm_1,179,-1,-1,193,-1,-1
8tme_0,179,-1,-1,193,-1,-1
8tmp_0,179,-1,-1,193,-1,-1
9aug_0,-1,-1,-1,-1,-1,-1
9auh_0,-1,-1,-1,-1,-1,-1
9aui_0,-1,-1,-1,-1,-1,-1
9cx3_1,-1,-1,-1,-1,-1,-1
8ywq_0,-1,-1,-1,-1,-1,-1
8udr_0,-1,-1,-1,-1,-1,-1
8vra_0,-1,-1,-1,-1,-1,-1
8zpt_0,-1,-1,-1,-1,-1,-1
8q5y_2,-1,-1,-1,-1,-1,-1
9erx_0,-1,-1,-1,-1,-1,-1
8sw4_3,-1,-1,-1,-1,-1,-1
8uo9_0,-1,-1,-1,-1,-1,-1
8uoa_0,-1,-1,-1,-1,-1,-1
8zbz_1,-1,-1,-1,-1,-1,-1
8zc0_0,-1,-1,-1,-1,-1,-1
8zc2_0,-1,-1,-1,-1,-1,-1
3eo1_3,-1,-1,-1,-1,-1,-1
8v52_0,-1,-1,-1,-1,-1,-1
8sxp_0,-1,-1,-1,-1,-1,-1
8xej_0,-1,-1,-1,-1,-1,-1
8wej_0,-1,-1,-1,-1,-1,-1
8k5h_0,-1,-1,-1,-1,-1,-1
8sgj_0,-1,-1,-1,-1,-1,-1
8sgi_0,-1,-1,-1,-1,-1,-1
1n8z_0,-1,-1,-1,-1,-1,-1
1s78_1,-1,-1,-1,-1,-1,-1
3be1_0,-1,-1,-1,-1,-1,-1
3h3b_0,-1,-1,-1,-1,-1,-1
3h3b_1,-1,-1,-1,-1,-1,-1
3n85_0,-1,-1,-1,-1,-1,-1
3wlw_0,-1,-1,-1,-1,-1,-1
3wsq_0,-1,-1,-1,-1,-1,-1
5my6_0,-1,-1,-1,-1,-1,-1
5o4g_0,-1,-1,-1,-1,-1,-1
6att_0,-1,-1,-1,-1,-1,-1
6bgt_0,-1,-1,-1,-1,-1,-1
6j71_0,-1,-1,-1,-1,-1,-1
6oge_0,-1,-1,-1,-1,-1,-1
6oge_1,-1,-1,-1,-1,-1,-1
7qvk_0,-1,-1,-1,-1,-1,-1
8jyr_0,-1,-1,-1,-1,-1,-1
8pwh_0,-1,-1,-1,-1,-1,-1
8pwh_1,-1,-1,-1,-1,-1,-1
8q6j_0,-1,-1,-1,-1,-1,-1
8q6j_1,-1,-1,-1,-1,-1,-1
6e0c_0,-1,-1,-1,-1,-1,-1
6e0p_0,-1,-1,-1,-1,-1,-1
7m30_1,-1,-1,-1,-1,-1,-1
8tco_0,-1,-1,-1,-1,-1,-1
8gp5_0,-1,-1,-1,-1,-1,-1
8esv_0,-1,-1,-1,-1,-1,-1
8czz_1,-1,-1,-1,-1,-1,-1
8ahn_0,-1,-1,-1,-1,-1,-1
7tco_0,-1,-1,-1,-1,-1,-1
7u0g_0,-1,-1,-1,-1,-1,-1
4f3f_0,-1,-1,-1,-1,-1,-1
8cxc_0,-1,-1,-1,-1,-1,-1
8cxc_1,-1,-1,-1,-1,-1,-1
8cyh_0,-1,-1,-1,-1,-1,-1
8cz8_0,-1,-1,-1,-1,-1,-1
8cz8_1,-1,-1,-1,-1,-1,-1
8cz8_2,-1,-1,-1,-1,-1,-1
8cz8_3,-1,-1,-1,-1,-1,-1
8gnk_0,-1,-1,-1,-1,-1,-1
7ryc_0,-1,-1,-1,-1,-1,-1
6wha_0,-1,-1,-1,-1,-1,-1
7s8p_0,-1,-1,-1,-1,-1,-1
8dwc_0,-1,-1,-1,-1,-1,-1
8dwg_0,-1,-1,-1,-1,-1,-1
8v6u_0,-1,-1,-1,-1,-1,-1
8fmz_0,-1,-1,-1,-1,-1,-1
8thk_0,-1,-1,-1,-1,-1,-1
8thl_0,-1,-1,-1,-1,-1,-1
8yrg_0,-1,-1,-1,-1,-1,-1
8k4s_0,-1,-1,-1,-1,-1,-1
8dg8_0,-1,-1,-1,-1,-1,-1
7pa6_0,-1,-1,-1,-1,-1,-1
7pa8_4,-1,-1,-1,-1,-1,-1
7pa9_2,-1,-1,-1,-1,-1,-1
8hhy_0,-1,-1,-1,-1,-1,-1
8dm3_0,-1,-1,-1,-1,-1,-1
8gni_0,-1,-1,-1,-1,-1,-1
8gnj_0,-1,-1,-1,-1,-1,-1
8gq5_0,-1,-1,-1,-1,-1,-1
6v7z_1,-1,-1,-1,-1,-1,-1
7sr4_1,-1,-1,-1,-1,-1,-1
7x26_0,-1,-1,-1,-1,-1,-1
7srs_1,-1,-1,-1,-1,-1,-1
7cfm_0,-1,-1,-1,-1,-1,-1
7xtq_0,-1,-1,-1,-1,-1,-1
6s3t_0,-1,-1,-1,-1,-1,-1
6v4n_2,-1,-1,-1,-1,-1,-1
6v4o_0,-1,-1,-1,-1,-1,-1
5xmh_1,-1,-1,-1,-1,-1,-1
6o3c_0,-1,-1,-1,-1,-1,-1
3fku_5,-1,-1,-1,-1,-1,-1
4mhh_2,-1,-1,-1,-1,-1,-1
4xnm_0,-1,-1,-1,-1,-1,-1
6a0z_0,-1,-1,-1,-1,-1,-1
6p3r_0,-1,-1,-1,-1,-1,-1
6p3s_2,-1,-1,-1,-1,-1,-1
8zdw_0,-1,-1,-1,-1,-1,-1
7q9i_1,-1,-1,-1,-1,-1,-1
6cm3_3,-1,-1,-1,-1,-1,-1
6cm3_4,-1,-1,-1,-1,-1,-1
6cm3_5,-1,-1,-1,-1,-1,-1
5e1a_0,-1,-1,-1,-1,-1,-1
6e1k_1,-1,-1,-1,-1,-1,-1
6wpw_0,-1,-1,-1,-1,-1,-1
7cvt_1,-1,-1,-1,-1,-1,-1
7cak_1,-1,-1,-1,-1,-1,-1
5o6v_0,-1,-1,-1,-1,-1,-1
6i8s_3,-1,-1,-1,-1,-1,-1
7m6g_0,-1,-1,-1,-1,-1,-1
7n9b_0,-1,-1,-1,-1,-1,-1
7dcc_0,-1,-1,-1,-1,-1,-1
7dcx_2,-1,-1,-1,-1,-1,-1
7dd8_0,-1,-1,-1,-1,-1,-1
7dk4_0,-1,-1,-1,-1,-1,-1
7dk5_0,-1,-1,-1,-1,-1,-1
7dk6_0,-1,-1,-1,-1,-1,-1
7dk7_0,-1,-1,-1,-1,-1,-1
7e5r_0,-1,-1,-1,-1,-1,-1
7e5r_1,-1,-1,-1,-1,-1,-1
7e5r_2,-1,-1,-1,-1,-1,-1
7e5r_3,-1,-1,-1,-1,-1,-1
7e5r_4,-1,-1,-1,-1,-1,-1
7e5r_5,-1,-1,-1,-1,-1,-1
7e5r_6,-1,-1,-1,-1,-1,-1
7e5r_7,-1,-1,-1,-1,-1,-1
7e5r_8,-1,-1,-1,-1,-1,-1
7e5s_0,-1,-1,-1,-1,-1,-1
7e5s_1,-1,-1,-1,-1,-1,-1
7e5s_2,-1,-1,-1,-1,-1,-1
7e5s_3,-1,-1,-1,-1,-1,-1
7e5s_4,-1,-1,-1,-1,-1,-1
7e5s_5,180,-1,-1,194,-1,-1
7e5s_6,180,-1,-1,194,-1,-1
7e5s_7,-1,-1,-1,-1,-1,-1
7ndc_1,-1,-1,-1,-1,-1,-1
7ndd_0,-1,-1,-1,-1,-1,-1
7v26_2,-1,-1,-1,-1,-1,-1
7xy3_0,-1,-1,-1,-1,-1,-1
7kqh_0,-1,-1,-1,-1,-1,-1
6vtt_0,-1,-1,-1,-1,-1,-1
6a3w_0,-1,-1,-1,-1,-1,-1
6mhr_0,-1,-1,-1,-1,-1,-1
6mi2_0,-1,-1,-1,-1,-1,-1
7d4b_0,-1,-1,-1,-1,-1,-1
8gye_0,-1,-1,-1,-1,-1,-1
4u0r_0,-1,-1,-1,-1,-1,-1
4r9y_0,-1,-1,-1,-1,-1,-1
6s3d_2,-1,-1,-1,-1,-1,-1
6uym_0,-1,-1,-1,-1,-1,-1
7jv6_1,-1,-1,-1,-1,-1,-1
6ous_0,-1,-1,-1,-1,-1,-1
6mco_1,-1,-1,-1,-1,-1,-1
6mdt_1,-1,-1,-1,-1,-1,-1
6ey0_1,-1,-1,-1,-1,-1,-1
7kex_0,-1,-1,-1,-1,-1,-1
2ez0_1,-1,-1,-1,-1,-1,-1
5x2p_1,-1,-1,-1,-1,-1,-1
6tou_0,-1,-1,-1,-1,-1,-1
6uda_2,-1,-1,-1,-1,-1,-1
7ld1_1,-1,-1,-1,-1,-1,-1
6nfu_0,-1,-1,-1,-1,-1,-1
6pa0_0,-1,-1,-1,-1,-1,-1
3ulu_0,-1,-1,-1,-1,-1,-1
3ulu_1,-1,-1,-1,-1,-1,-1
3ulu_2,-1,-1,-1,-1,-1,-1
3ulv_0,-1,-1,-1,-1,-1,-1
3ulv_1,-1,-1,-1,-1,-1,-1
3ulv_2,-1,-1,-1,-1,-1,-1
5gs0_0,-1,-1,-1,-1,-1,-1
7wvf_0,-1,-1,-1,-1,-1,-1
1kb5_0,-1,-1,-1,-1,-1,-1
7dnh_0,-1,-1,-1,-1,-1,-1
7dnk_0,-1,-1,-1,-1,-1,-1
6vja_0,-1,-1,-1,-1,-1,-1
6y90_1,-1,-1,-1,-1,-1,-1
6y92_1,-1,-1,-1,-1,-1,-1
6y97_0,-1,-1,-1,-1,-1,-1
6y9a_0,-1,-1,-1,-1,-1,-1
8vgn_1,181,-1,-1,195,-1,-1
8vgo_1,181,-1,-1,195,-1,-1
1bj1_1,182,-1,-1,196,-1,-1
1cz8_0,182,-1,-1,196,-1,-1
1tzh_0,-1,-1,-1,-1,-1,-1
1tzi_0,-1,-1,-1,-1,-1,-1
2fjg_1,-1,-1,-1,-1,-1,-1
2fjh_1,-1,-1,-1,-1,-1,-1
2qr0_4,-1,-1,-1,-1,-1,-1
3bdy_0,-1,-1,-1,-1,-1,-1
3p9w_2,-1,-1,-1,-1,-1,-1
4zff_1,-1,-1,-1,-1,-1,-1
5fv1_0,-1,-1,-1,-1,-1,-1
5fv2_1,-1,-1,-1,-1,-1,-1
6bft_1,-1,-1,-1,-1,-1,-1
6t9d_0,-1,-1,-1,-1,-1,-1
7kez_0,183,-1,-1,197,-1,-1
7kf0_0,183,-1,-1,197,-1,-1
7kf1_2,-1,-1,-1,-1,-1,-1
8uwz_1,-1,-1,-1,-1,-1,-1
1pkq_0,-1,-1,-1,-1,-1,-1
7q6e_0,-1,-1,-1,-1,-1,-1
7cvs_0,-1,-1,-1,-1,-1,-1
5ywo_1,-1,-1,-1,-1,-1,-1
5ywp_0,-1,-1,-1,-1,-1,-1
7e72_0,-1,-1,-1,-1,-1,-1
1ors_0,-1,-1,-1,-1,-1,-1
6aj9_0,-1,-1,-1,-1,-1,-1
7tes_0,-1,-1,-1,-1,-1,-1
7m7e_0,-1,-1,-1,-1,-1,-1
7ndb_0,-1,-1,-1,-1,-1,-1
5fhx_0,-1,-1,-1,-1,-1,-1
4r8w_0,-1,-1,-1,-1,-1,-1
6al0_0,-1,-1,-1,-1,-1,-1
3u7y_0,-1,-1,-1,-1,-1,-1
4jdt_0,-1,-1,-1,-1,-1,-1
4jkp_0,-1,-1,-1,-1,-1,-1
5uem_0,-1,-1,-1,-1,-1,-1
8g6i_0,-1,-1,-1,-1,-1,-1
7mfg_2,-1,-1,-1,-1,-1,-1
8d21_0,-1,-1,-1,-1,-1,-1
8f6h_0,-1,-1,-1,198,-1,-1
8f6i_1,-1,-1,-1,198,-1,-1
7wcm_0,-1,-1,-1,-1,-1,-1
7s07_0,-1,-1,-1,-1,-1,-1
7vn9_0,184,-1,-1,199,-1,-1
7vng_0,184,-1,-1,199,-1,-1
7t9b_3,-1,-1,-1,-1,-1,-1
7r0c_0,-1,-1,-1,-1,-1,-1
7x1u_0,185,-1,-1,200,-1,-1
7x1t_0,185,-1,-1,200,-1,-1
8t3o_0,-1,-1,-1,201,-1,-1
9u4y_0,-1,-1,-1,201,-1,-1
7nbb_0,-1,-1,-1,-1,-1,-1
8djm_0,-1,-1,-1,-1,-1,-1
6oor_0,-1,-1,-1,-1,-1,-1
2r56_1,-1,-1,-1,-1,-1,-1
4w2q_3,186,69,13,202,75,14
4w2o_0,186,69,13,202,75,14
6app_0,-1,-1,-1,-1,-1,-1
7mw3_2,-1,-1,-1,-1,-1,-1
6ur5_0,-1,-1,-1,-1,-1,-1
5y9j_0,-1,-1,-1,-1,-1,-1
6usf_1,-1,-1,-1,-1,-1,-1
7c61_0,-1,-1,-1,-1,-1,-1
6fyu_1,-1,-1,-1,-1,-1,-1
5m30_1,-1,-1,-1,-1,-1,-1
2htk_0,-1,-1,-1,-1,-1,-1
6p8n_0,-1,-1,-1,-1,-1,-1
2hmi_0,187,-1,-1,203,-1,-1
1n5y_0,187,-1,-1,203,-1,-1
3klh_0,187,-1,-1,203,-1,-1
1r0a_0,187,-1,-1,203,-1,-1
1hys_0,187,-1,-1,203,-1,-1
1t03_0,187,-1,-1,203,-1,-1
1n6q_0,187,-1,-1,203,-1,-1
6vug_0,-1,-1,-1,-1,-1,-1
7php_0,-1,-1,-1,-1,-1,-1
7a3o_0,-1,-1,-1,-1,-1,-1
6w09_3,-1,-1,-1,-1,-1,-1
6xsw_1,-1,-1,-1,-1,-1,-1
7m2j_0,-1,-1,-1,-1,-1,-1
5tjw_0,-1,-1,-1,-1,-1,-1
4grw_3,-1,-1,-1,-1,-1,-1
6v6w_1,-1,-1,-1,-1,-1,-1
6v6w_3,-1,-1,-1,-1,-1,-1
3zdx_0,-1,-1,-1,-1,-1,-1
6umx_0,-1,-1,-1,-1,-1,-1
4fqv_1,-1,-1,-1,-1,-1,-1
9npg_0,-1,-1,-1,-1,-1,-1
9nph_0,-1,-1,-1,-1,-1,-1
8ykd_1,-1,-1,-1,-1,-1,-1
8tg9_0,-1,-1,-1,-1,-1,-1
8tga_1,-1,-1,-1,-1,-1,-1
8dk5_1,-1,-1,-1,-1,-1,-1
7u0j_1,-1,-1,-1,-1,-1,-1
8sps_1,-1,-1,-1,-1,-1,-1
8spu_1,-1,-1,-1,-1,-1,-1
8xbf_0,-1,-1,-1,-1,-1,-1
8xbf_1,-1,-1,-1,-1,-1,-1
8ykv_0,-1,-1,-1,-1,-1,-1
8ykw_0,-1,-1,-1,-1,-1,-1
8ykx_0,-1,-1,-1,-1,-1,-1
8v62_0,-1,-1,-1,-1,-1,-1
8v62_1,-1,-1,-1,-1,-1,-1
8v62_2,-1,-1,-1,-1,-1,-1
8v62_3,-1,-1,-1,-1,-1,-1
8v62_4,-1,-1,-1,-1,-1,-1
8v62_5,-1,-1,-1,-1,-1,-1
8u1s_3,-1,-1,-1,-1,-1,-1
7yxu_0,-1,-1,-1,-1,-1,-1
8oz3_0,-1,-1,-1,-1,-1,-1
7y72_0,-1,-1,-1,-1,-1,-1
8qq0_0,-1,-1,-1,-1,-1,-1
8u26_0,-1,-1,-1,-1,-1,-1
7rmh_0,-1,-1,-1,-1,-1,-1
8izb_0,-1,-1,-1,-1,-1,-1
8j6d_0,-1,-1,-1,-1,-1,-1
8phw_0,-1,-1,-1,-1,-1,-1
7xy4_0,-1,-1,-1,-1,-1,-1
7tri_0,-1,-1,-1,-1,-1,-1
7u0i_0,-1,-1,-1,-1,-1,-1
7xj6_0,-1,-1,-1,-1,-1,-1
8a67_0,-1,-1,-1,-1,-1,-1
8dcy_0,-1,-1,-1,-1,-1,-1
7srk_1,-1,-1,-1,-1,-1,-1
7r58_0,-1,-1,-1,-1,-1,-1
7sjo_1,-1,-1,-1,-1,-1,-1
8dlr_0,-1,-1,-1,-1,-1,-1
8dls_0,-1,-1,-1,-1,-1,-1
7wcd_2,-1,-1,-1,-1,-1,-1
6tyl_0,-1,-1,-1,-1,-1,-1
6tyl_1,-1,-1,-1,-1,-1,-1
6tyl_2,-1,-1,-1,-1,-1,-1
6tyl_3,-1,-1,-1,-1,-1,-1
6tyl_4,-1,-1,-1,-1,-1,-1
6tyl_5,-1,-1,-1,-1,-1,-1
6ukt_1,-1,-1,-1,-1,-1,-1
6ukt_2,-1,-1,-1,-1,-1,-1
6ukt_3,-1,-1,-1,-1,-1,-1
4kro_0,-1,-1,-1,-1,-1,-1
4kro_1,-1,-1,-1,-1,-1,-1
6e62_1,-1,-1,-1,-1,-1,-1
6e63_0,-1,-1,-1,-1,-1,-1
6h5n_0,-1,-1,-1,-1,-1,-1
7zwf_0,188,70,14,204,76,15
7zwi_0,188,70,14,204,76,15
8et0_0,-1,-1,-1,-1,-1,-1
8sak_0,-1,-1,-1,-1,-1,-1
6qxe_1,-1,-1,-1,-1,-1,-1
8eay_0,-1,-1,-1,-1,-1,-1
6um6_2,-1,-1,-1,-1,-1,-1
6um7_0,-1,-1,-1,-1,-1,-1
8dow_0,-1,-1,-1,-1,-1,-1
8dto_1,189,-1,-1,205,-1,-1
8dy6_0,189,-1,-1,205,-1,-1
8sax_0,-1,-1,-1,-1,-1,-1
8vgv_0,-1,-1,-1,-1,-1,-1
8e8z_0,-1,-1,-1,-1,-1,-1
8g30_1,190,71,-1,206,77,-1
8g3m_0,190,71,-1,206,77,-1
8g3n_0,190,71,-1,206,77,-1
8g3q_1,190,71,-1,206,77,-1
8i0z_0,-1,-1,-1,-1,-1,-1
7yru_0,-1,-1,-1,-1,-1,-1
8bb7_0,-1,-1,-1,-1,-1,-1
8flr_0,-1,-1,-1,-1,-1,-1
8dcm_0,-1,-1,-1,-1,-1,-1
7txz_1,-1,-1,-1,-1,-1,-1
8k3c_0,-1,-1,-1,-1,-1,-1
7zmk_1,-1,-1,-1,-1,-1,-1
7czs_0,-1,-1,-1,-1,-1,-1
7czv_2,-1,-1,-1,-1,-1,-1
7czz_0,-1,-1,-1,-1,-1,-1
7whb_2,-1,-1,-1,-1,-1,-1
7whd_2,-1,-1,-1,-1,-1,-1
8gv7_0,-1,-1,-1,-1,-1,-1
7wvg_0,-1,-1,-1,-1,-1,-1
7uz8_0,-1,-1,-1,-1,-1,-1
7t2p_0,-1,-1,-1,-1,-1,-1
7t4g_0,-1,-1,-1,-1,-1,-1
7usl_0,-1,-1,-1,-1,-1,-1
7mta_0,-1,-1,-1,-1,-1,-1
7mtb_0,-1,-1,-1,-1,-1,-1
4ckd_1,-1,-1,-1,-1,-1,-1
7eh5_0,-1,-1,-1,-1,-1,-1
7eh5_1,-1,-1,-1,-1,-1,-1
7eh5_2,-1,-1,-1,-1,-1,-1
7eh5_3,-1,-1,-1,-1,-1,-1
7eh5_4,-1,-1,-1,-1,-1,-1
7eh5_5,-1,-1,-1,-1,-1,-1
6nf5_0,-1,-1,-1,-1,-1,-1
6nf5_1,-1,-1,-1,-1,-1,-1
6nf5_4,-1,-1,-1,-1,-1,-1
7t74_0,-1,-1,-1,-1,-1,-1
7t74_3,-1,-1,-1,-1,-1,-1
7t9a_0,-1,-1,-1,-1,-1,-1
7t9a_1,-1,-1,-1,-1,-1,-1
7t9b_0,-1,-1,-1,-1,-1,-1
7t9b_1,-1,-1,-1,-1,-1,-1
7t9b_2,-1,-1,-1,-1,-1,-1
6dfg_0,-1,-1,-1,-1,-1,-1
7mdu_0,-1,-1,-1,-1,-1,-1
7mdu_1,-1,-1,-1,-1,-1,-1
7sq1_0,-1,-1,-1,-1,-1,-1
5k9q_2,-1,-1,-1,-1,-1,-1
6wer_0,-1,-1,-1,-1,-1,-1
7k93_3,-1,-1,-1,-1,-1,-1
4wfe_0,-1,-1,-1,-1,-1,-1
4wfg_0,-1,-1,-1,-1,-1,-1
4i9w_1,-1,-1,-1,-1,-1,-1
4wff_1,-1,-1,-1,-1,-1,-1
4wfh_0,-1,-1,-1,-1,-1,-1
7ams_0,191,-1,-1,207,-1,-1
7amq_0,191,-1,-1,207,-1,-1
7l57_0,-1,-1,-1,-1,-1,-1
7lss_0,-1,-1,-1,-1,-1,-1
5vl3_0,-1,-1,-1,-1,-1,-1
7k8w_1,-1,-1,-1,-1,-1,-1
3v4v_0,-1,-1,-1,-1,-1,-1
3v4p_0,-1,-1,-1,-1,-1,-1
3jcx_0,-1,-1,-1,-1,-1,-1
4xnx_0,-1,-1,-1,208,-1,-1
4xp1_0,-1,-1,-1,208,-1,-1
4xp4_0,192,-1,-1,208,-1,-1
4xp5_0,192,-1,-1,208,-1,-1
4xp6_0,-1,-1,-1,208,-1,-1
4xp9_0,193,-1,-1,208,-1,-1
4xpa_0,193,-1,-1,208,-1,-1
7tfn_2,-1,-1,-1,-1,-1,-1
5wk3_1,-1,-1,-1,-1,-1,-1
4plj_0,-1,-1,-1,-1,-1,-1
6ywd_0,-1,-1,-1,-1,-1,-1
7jhh_0,-1,-1,-1,-1,-1,-1
7v2a_0,-1,-1,-1,-1,-1,-1
2ny5_0,-1,-1,-1,-1,-1,-1
3idx_0,-1,-1,-1,-1,-1,-1
3idy_1,-1,-1,-1,-1,-1,-1
6rty_0,-1,-1,-1,-1,-1,-1
6rtw_0,-1,-1,-1,-1,-1,-1
6lz2_1,-1,-1,-1,-1,-1,-1
7cz0_3,-1,-1,-1,-1,-1,-1
7myz_0,-1,-1,-1,-1,-1,-1
7wn8_0,-1,-1,-1,-1,-1,-1
5hvg_0,-1,-1,-1,-1,-1,-1
5hvh_0,-1,-1,-1,-1,-1,-1
5hvh_1,-1,-1,-1,-1,-1,-1
5kw9_0,-1,-1,-1,-1,-1,-1
6b70_1,-1,-1,-1,-1,-1,-1
6bf9_0,-1,-1,-1,-1,-1,-1
6bf7_1,-1,-1,-1,-1,-1,-1
6b7z_1,-1,-1,-1,-1,-1,-1
7ldd_1,-1,-1,-1,-1,-1,-1
7ldd_2,-1,-1,-1,-1,-1,-1
7lde_1,-1,-1,-1,-1,-1,-1
7lde_3,-1,-1,-1,-1,-1,-1
7f6y_0,-1,-1,-1,-1,-1,-1
6hhc_0,-1,-1,-1,-1,-1,-1
6r8x_0,-1,-1,-1,-1,-1,-1
3g6j_1,-1,-1,-1,-1,-1,-1
1zwi_0,-1,-1,-1,-1,-1,-1
2atk_0,-1,-1,-1,-1,-1,-1
5ogi_0,-1,-1,-1,-1,-1,-1
6eqc_1,-1,-1,-1,-1,-1,-1
1tqb_0,-1,-1,-1,-1,-1,-1
4ldo_0,-1,-1,-1,-1,-1,-1
4ldl_0,-1,-1,-1,-1,-1,-1
4lde_0,-1,-1,-1,-1,-1,-1
6n48_0,-1,-1,-1,-1,-1,-1
7xk9_0,-1,-1,-1,-1,-1,-1
7xka_0,-1,-1,-1,-1,-1,-1
6oe5_0,-1,-1,-1,-1,-1,-1
6oe5_1,-1,-1,-1,-1,-1,-1
6cmo_0,-1,-1,-1,-1,-1,-1
7trq_0,194,-1,-1,209,-1,-1
8fx5_0,194,-1,-1,209,-1,-1
7trp_0,194,-1,-1,209,-1,-1
7trs_0,194,-1,-1,209,-1,-1
9m0r_0,194,-1,-1,209,-1,-1
9m1o_0,194,-1,-1,209,-1,-1
9m2f_0,194,-1,-1,209,-1,-1
8z9p_0,194,-1,-1,209,-1,-1
8jil_0,194,-1,-1,209,-1,-1
7trk_0,194,-1,-1,209,-1,-1
8jz7_0,194,-1,-1,209,-1,-1
5e8e_0,-1,-1,-1,-1,-1,-1
6iea_0,-1,-1,-1,-1,-1,-1
6p4a_0,-1,-1,-1,-1,-1,-1
6lr7_0,-1,-1,-1,-1,-1,-1
6k42_0,-1,-1,-1,-1,-1,-1
6lpb_0,-1,-1,-1,-1,-1,-1
7n0a_0,-1,-1,-1,-1,-1,-1
5t33_0,-1,-1,-1,-1,-1,-1
2j88_0,-1,-1,-1,-1,-1,-1
3s88_0,-1,-1,-1,-1,-1,-1
9eit_0,-1,-1,-1,-1,-1,-1
9jqu_0,-1,-1,-1,-1,-1,-1
9jqv_0,-1,-1,-1,-1,-1,-1
9l2k_0,-1,-1,-1,-1,-1,-1
9k25_0,-1,-1,-1,-1,-1,-1
9hml_0,-1,-1,-1,-1,-1,-1
8tmj_1,-1,-1,-1,-1,-1,-1
8tml_1,-1,-1,-1,-1,-1,-1
8rwb_0,-1,-1,-1,-1,-1,-1
8w5u_0,-1,-1,-1,-1,-1,-1
6hco_1,-1,-1,-1,-1,-1,-1
4g3y_0,-1,-1,-1,-1,-1,-1
5m2i_1,-1,-1,-1,-1,-1,-1
5m2j_0,-1,-1,-1,-1,-1,-1
5wux_1,-1,-1,-1,-1,-1,-1
5yoy_3,-1,-1,-1,-1,-1,-1
8z8m_5,-1,-1,-1,-1,-1,-1
6wo3_0,-1,-1,-1,-1,-1,-1
6iec_1,-1,-1,-1,-1,-1,-1
6avr_0,-1,-1,-1,-1,-1,-1
6oz3_0,-1,-1,-1,-1,-1,-1
6whc_0,-1,-1,-1,-1,-1,-1
8jiq_0,-1,-1,-1,-1,-1,-1
4o5i_4,-1,-1,-1,-1,-1,-1
6wf0_0,195,-1,-1,210,-1,-1
6wez_0,195,-1,-1,210,-1,-1
7lcn_0,-1,-1,-1,-1,-1,-1
3p30_0,-1,-1,-1,-1,-1,-1
7e9n_2,-1,-1,-1,-1,-1,-1
7mkl_0,-1,-1,-1,-1,-1,-1
5nbm_0,-1,-1,-1,-1,-1,-1
5nbl_0,-1,-1,-1,-1,-1,-1
7q9j_1,-1,-1,-1,-1,-1,-1
5tok_2,-1,-1,-1,-1,-1,-1
4yxk_0,-1,-1,-1,-1,-1,-1
7l2d_0,-1,-1,-1,-1,-1,-1
7l2f_2,-1,-1,-1,-1,-1,-1
7lo6_2,-1,-1,-1,-1,-1,-1
5vn8_0,-1,-1,-1,-1,-1,-1
6rag_0,-1,-1,-1,-1,-1,-1
6rah_0,-1,-1,-1,-1,-1,-1
6ran_0,-1,-1,-1,-1,-1,-1
6ram_0,-1,-1,-1,-1,-1,-1
6rai_0,-1,-1,-1,-1,-1,-1
6ral_0,-1,-1,-1,-1,-1,-1
6rak_0,-1,-1,-1,-1,-1,-1
6raf_0,-1,-1,-1,-1,-1,-1
6raj_0,-1,-1,-1,-1,-1,-1
6s8d_2,-1,-1,-1,-1,-1,-1
6s8j_1,196,72,15,211,78,16
6s8i_2,196,72,15,211,78,16
7rw2_2,-1,-1,-1,-1,-1,-1
6b0n_0,-1,-1,-1,-1,-1,-1
6b0n_1,-1,-1,-1,-1,-1,-1
6u0l_0,-1,-1,-1,-1,-1,-1
6qup_0,-1,-1,-1,-1,-1,-1
7d5p_1,-1,-1,-1,-1,-1,-1
6zdh_0,-1,-1,-1,-1,-1,-1
7kkk_0,-1,-1,-1,-1,-1,-1
7kkl_2,-1,-1,-1,-1,-1,-1
7ljr_0,-1,-1,-1,-1,-1,-1
7nd4_2,-1,-1,-1,-1,-1,-1
7nd7_0,-1,-1,-1,-1,-1,-1
7nd8_0,-1,-1,-1,-1,-1,-1
8elj_1,-1,-1,-1,-1,-1,-1
7n8i_0,-1,-1,-1,-1,-1,-1
6omm_0,-1,-1,-1,-1,-1,-1
7ldd_0,-1,-1,-1,-1,-1,-1
7ldd_3,-1,-1,-1,-1,-1,-1
7lde_0,-1,-1,-1,-1,-1,-1
7lde_2,-1,-1,-1,-1,-1,-1
7nqk_0,-1,-1,-1,-1,-1,-1
7m3n_0,-1,-1,-1,-1,-1,-1
4tsa_0,-1,-1,-1,-1,-1,-1
6nfv_0,-1,-1,-1,-1,-1,-1
2nlj_0,-1,-1,-1,-1,-1,-1
7wui_0,-1,-1,-1,-1,-1,-1
7wui_1,-1,-1,-1,-1,-1,-1
9k3p_0,-1,-1,-1,-1,-1,-1
5w5z_0,-1,-1,-1,-1,-1,-1
6qig_0,-1,-1,-1,-1,-1,-1
7nez_1,-1,-1,-1,-1,-1,-1
7e8m_0,-1,-1,-1,-1,-1,-1
7ey0_0,-1,-1,-1,-1,-1,-1
7ey0_1,-1,-1,-1,-1,-1,-1
7ey4_0,-1,-1,-1,-1,-1,-1
7ey5_0,-1,-1,-1,-1,-1,-1
7ey5_1,-1,-1,-1,-1,-1,-1
7eya_0,-1,-1,-1,-1,-1,-1
7ezv_0,-1,-1,-1,-1,-1,-1
7ezv_1,-1,-1,-1,-1,-1,-1
7f6z_0,-1,-1,-1,-1,-1,-1
7fjs_1,-1,-1,-1,-1,-1,-1
7nxa_0,-1,-1,-1,-1,-1,-1
7nxa_1,-1,-1,-1,-1,-1,-1
7pry_0,-1,-1,-1,-1,-1,-1
7pry_1,-1,-1,-1,-1,-1,-1
7pry_2,-1,-1,-1,-1,-1,-1
7pry_3,-1,-1,-1,-1,-1,-1
7prz_0,-1,-1,-1,-1,-1,-1
7ps0_1,-1,-1,-1,-1,-1,-1
7ps1_0,-1,-1,-1,-1,-1,-1
7ps2_0,-1,-1,-1,-1,-1,-1
7ps2_1,-1,-1,-1,-1,-1,-1
7ps4_0,-1,-1,-1,-1,-1,-1
7ps5_0,-1,-1,-1,-1,-1,-1
7ps6_0,-1,-1,-1,-1,-1,-1
7ps6_1,-1,-1,-1,-1,-1,-1
7ps7_0,-1,-1,-1,-1,-1,-1
7q0g_0,-1,-1,-1,-1,-1,-1
7q0g_1,-1,-1,-1,-1,-1,-1
7q0h_0,-1,-1,-1,-1,-1,-1
7q0h_1,-1,-1,-1,-1,-1,-1
7s5p_0,-1,-1,-1,-1,-1,-1
7s5q_0,-1,-1,-1,-1,-1,-1
7s5q_1,-1,-1,-1,-1,-1,-1
7wb5_0,-1,-1,-1,-1,-1,-1
7wcr_0,-1,-1,-1,-1,-1,-1
7x2m_0,-1,-1,-1,-1,-1,-1
7xeg_0,197,73,-1,212,79,-1
7x63_0,197,73,-1,212,79,-1
7xil_0,-1,-1,-1,212,79,-1
7xsb_0,-1,-1,-1,-1,-1,-1
7zfc_0,-1,-1,-1,-1,-1,-1
7zfc_1,-1,-1,-1,-1,-1,-1
7zfc_2,-1,-1,-1,-1,-1,-1
7zr8_0,-1,-1,-1,-1,-1,-1
8bsf_0,-1,-1,-1,-1,-1,-1
8df5_0,198,-1,-1,213,-1,-1
8df5_1,198,-1,-1,213,-1,-1
8df5_2,199,-1,-1,214,-1,-1
8df5_3,199,-1,-1,214,-1,-1
8di5_0,-1,-1,-1,-1,-1,-1
6tej_0,-1,-1,-1,-1,-1,-1
6p9x_0,-1,-1,-1,-1,-1,-1
5jhl_0,-1,-1,-1,-1,-1,-1
4y8d_0,-1,-1,-1,-1,-1,-1
3ru8_0,-1,-1,-1,-1,-1,-1
8jxs_0,-1,-1,-1,-1,-1,-1
8jxr_0,-1,-1,-1,-1,-1,-1
9bew_0,-1,-1,-1,-1,-1,-1
9bew_1,-1,-1,-1,-1,-1,-1
9bew_2,-1,-1,-1,-1,-1,-1
9bew_3,-1,-1,-1,-1,-1,-1
9bew_4,-1,-1,-1,-1,-1,-1
9bew_5,-1,-1,-1,-1,-1,-1
7mem_1,-1,-1,-1,-1,-1,-1
7t3d_4,-1,-1,-1,-1,-1,-1
7t3d_5,-1,-1,-1,-1,-1,-1
8ty7_0,-1,-1,-1,-1,-1,-1
5tz2_0,-1,-1,-1,-1,-1,-1
5tzt_0,-1,-1,-1,-1,-1,-1
5tzu_0,-1,-1,-1,-1,-1,-1
7xjf_0,-1,-1,-1,-1,-1,-1
8rp8_0,-1,-1,-1,-1,-1,-1
8zca_0,-1,-1,-1,-1,-1,-1
8wlj_0,-1,-1,-1,-1,-1,-1
8swh_0,-1,-1,-1,-1,-1,-1
8oyu_1,-1,-1,-1,-1,-1,-1
8vzn_0,-1,-1,-1,-1,-1,-1
8vzo_0,-1,-1,-1,-1,-1,-1
9ayf_0,-1,-1,-1,-1,-1,-1
8bh5_0,-1,-1,-1,-1,-1,-1
8bh5_1,-1,-1,-1,-1,-1,-1
8g78_0,-1,-1,-1,-1,-1,-1
8g78_5,-1,-1,-1,-1,-1,-1
8r8k_0,-1,-1,-1,-1,-1,-1
9kvf_0,-1,-1,-1,-1,-1,-1
9kvf_1,-1,-1,-1,-1,-1,-1
9kvf_2,-1,-1,-1,-1,-1,-1
8cd0_0,-1,-1,-1,-1,-1,-1
8i4g_0,-1,-1,-1,-1,-1,-1
8k2w_0,-1,-1,-1,-1,-1,-1
8hnn_0,-1,-1,-1,-1,-1,-1
8ee2_1,-1,-1,-1,-1,-1,-1
8eln_0,-1,-1,-1,-1,-1,-1
8evd_0,200,74,-1,215,80,-1
8f6u_1,200,74,-1,215,80,-1
8f6v_0,-1,-1,-1,-1,-1,-1
8gjr_0,-1,-1,-1,-1,-1,-1
8j7v_0,-1,-1,-1,-1,-1,-1
8j7w_0,-1,-1,-1,-1,-1,-1
8j7x_0,-1,-1,-1,-1,-1,-1
8j80_0,-1,-1,-1,-1,-1,-1
8j7t_0,-1,-1,-1,-1,-1,-1
5fuu_1,-1,-1,-1,-1,-1,-1
8e2u_0,-1,-1,-1,-1,-1,-1
8ebp_0,-1,-1,-1,-1,-1,-1
8d0y_1,-1,-1,-1,-1,-1,-1
8de3_0,-1,-1,-1,-1,-1,-1
8de4_0,-1,-1,-1,-1,-1,-1
8e8y_0,-1,-1,-1,-1,-1,-1
8da1_0,-1,-1,-1,-1,-1,-1
9fys_0,-1,-1,-1,-1,-1,-1
8gp3_0,201,75,-1,216,81,-1
8i0n_0,201,75,-1,216,81,-1
8go8_0,201,75,-1,216,81,-1
8i0q_0,-1,-1,-1,-1,-1,-1
8flq_0,-1,-1,-1,-1,-1,-1
8fls_0,-1,-1,-1,-1,-1,-1
8ont_0,-1,-1,-1,-1,-1,-1
7xdl_0,-1,-1,-1,-1,-1,-1
7xdl_1,-1,-1,-1,-1,-1,-1
7xdl_3,-1,-1,-1,-1,-1,-1
7xdl_5,-1,-1,-1,-1,-1,-1
7x9y_0,202,-1,-1,217,-1,-1
8yuv_0,202,-1,-1,217,-1,-1
7yk7_0,-1,-1,-1,217,-1,-1
7x8q_0,-1,-1,-1,-1,-1,-1
7x8t_0,-1,-1,-1,-1,-1,-1
8gv5_0,-1,-1,-1,-1,-1,-1
7zxk_0,-1,-1,-1,-1,-1,-1
7yr1_0,-1,-1,-1,-1,-1,-1
7x2g_0,-1,-1,-1,-1,-1,-1
7x35_0,-1,-1,-1,-1,-1,-1
7x37_0,-1,-1,-1,-1,-1,-1
7x38_0,-1,-1,-1,-1,-1,-1
7x4k_0,-1,-1,-1,-1,-1,-1
7x3y_0,-1,-1,-1,-1,-1,-1
7x3f_0,-1,-1,-1,-1,-1,-1
7tl0_0,-1,-1,-1,-1,-1,-1
7tl0_1,-1,-1,-1,-1,-1,-1
7tl0_2,-1,-1,-1,-1,-1,-1
7tl0_3,-1,-1,-1,-1,-1,-1
7tl0_4,-1,-1,-1,-1,-1,-1
7tl0_5,-1,-1,-1,-1,-1,-1
7str_0,-1,-1,-1,-1,-1,-1
7t0w_0,-1,-1,-1,-1,-1,-1
7t0z_0,-1,-1,-1,-1,-1,-1
9ffv_0,-1,-1,-1,-1,-1,-1
9ffw_0,-1,-1,-1,-1,-1,-1
9ffy_0,-1,-1,-1,-1,-1,-1
9ffz_0,-1,-1,-1,-1,-1,-1
9fg2_0,-1,-1,-1,-1,-1,-1
9fg1_0,-1,-1,-1,-1,-1,-1
9fg3_0,-1,-1,-1,-1,-1,-1
9fg0_0,-1,-1,-1,-1,-1,-1
7wo4_1,-1,-1,-1,-1,-1,-1
7wo5_1,-1,-1,-1,-1,-1,-1
7woa_0,-1,-1,-1,-1,-1,-1
7wob_0,-1,-1,-1,-1,-1,-1
7n0h_1,-1,-1,-1,-1,-1,-1
5toj_2,-1,-1,-1,-1,-1,-1
5udc_1,-1,-1,-1,-1,-1,-1
6dc5_1,-1,-1,-1,-1,-1,-1
8wz3_0,-1,-1,-1,-1,-1,-1
7mw5_1,-1,-1,-1,-1,-1,-1
7mw6_0,-1,-1,-1,-1,-1,-1
7lja_0,-1,-1,-1,-1,-1,-1
7lj5_1,-1,-1,-1,-1,-1,-1
8yry_0,-1,-1,-1,-1,-1,-1
9ena_0,-1,-1,-1,-1,-1,-1
9qub_1,-1,-1,-1,-1,-1,-1
9quw_1,-1,-1,-1,-1,-1,-1
9azr_0,-1,-1,-1,-1,-1,-1
8yw9_0,-1,-1,-1,-1,-1,-1
9mny_1,-1,-1,-1,-1,-1,-1
9mnx_1,-1,-1,-1,-1,-1,-1
9mnz_1,-1,-1,-1,-1,-1,-1
8y9z_0,-1,-1,-1,-1,-1,-1
8jlw_0,-1,-1,-1,-1,-1,-1
9b8j_1,-1,-1,-1,-1,-1,-1
8zd5_2,203,-1,-1,218,-1,-1
8zd6_1,203,-1,-1,218,-1,-1
7mmn_0,-1,-1,-1,-1,-1,-1
8ulj_0,-1,-1,-1,-1,-1,-1
8v5l_0,-1,-1,-1,-1,-1,-1
8v5l_1,-1,-1,-1,-1,-1,-1
8uy6_0,-1,-1,-1,-1,-1,-1
9fzd_0,-1,-1,-1,-1,-1,-1
8jj2_0,-1,-1,-1,-1,-1,-1
8u03_0,-1,-1,-1,-1,-1,-1
8k9k_0,-1,-1,-1,-1,-1,-1
8k9l_0,-1,-1,-1,-1,-1,-1
8tq7_0,-1,-1,-1,-1,-1,-1
8tq8_0,-1,-1,-1,-1,-1,-1
8tq9_0,-1,-1,-1,-1,-1,-1
8ifn_0,-1,-1,-1,-1,-1,-1
8jnr_0,-1,-1,-1,-1,-1,-1
8d4r_0,-1,-1,-1,-1,-1,-1
8w83_0,-1,-1,-1,-1,-1,-1
8c9x_0,-1,-1,-1,-1,-1,-1
8cau_0,-1,-1,-1,-1,-1,-1
8ci1_0,-1,-1,-1,-1,-1,-1
8ce4_0,-1,-1,-1,-1,-1,-1
8ci2_1,-1,-1,-1,-1,-1,-1
6x96_1,-1,-1,-1,-1,-1,-1
8c8t_1,-1,-1,-1,-1,-1,-1
8c8t_2,-1,-1,-1,-1,-1,-1
8c8t_3,-1,-1,-1,-1,-1,-1
3j69_0,-1,-1,-1,-1,-1,-1
3j6a_0,-1,-1,-1,-1,-1,-1
3jbc_0,-1,-1,-1,-1,-1,-1
3jbd_0,-1,-1,-1,-1,-1,-1
3jbe_0,-1,-1,-1,-1,-1,-1
3jbf_0,-1,-1,-1,-1,-1,-1
5ktz_0,-1,-1,-1,-1,-1,-1
5ku0_0,-1,-1,-1,-1,-1,-1
5ku2_0,-1,-1,-1,-1,-1,-1
5kwl_0,-1,-1,-1,-1,-1,-1
8e8l_0,-1,-1,-1,-1,-1,-1
5ggt_0,-1,-1,-1,-1,-1,-1
5grj_0,-1,-1,-1,-1,-1,-1
5jds_0,-1,-1,-1,-1,-1,-1
5xj4_0,-1,-1,-1,-1,-1,-1
5xxy_0,-1,-1,-1,-1,-1,-1
7c88_0,-1,-1,-1,-1,-1,-1
7czd_0,-1,-1,-1,-1,-1,-1
8aom_0,-1,-1,-1,-1,-1,-1
8rpb_0,-1,-1,-1,-1,-1,-1
8ee0_0,-1,-1,-1,-1,-1,-1
8goc_0,-1,-1,-1,-1,-1,-1
8ct6_0,-1,-1,-1,-1,-1,-1
7ru5_0,-1,-1,-1,-1,-1,-1
7wn0_0,-1,-1,-1,-1,-1,-1
7wn1_0,-1,-1,-1,-1,-1,-1
8de6_0,-1,-1,-1,-1,-1,-1
7try_0,-1,-1,-1,-1,-1,-1
8tin_0,-1,-1,-1,-1,-1,-1
4rrp_2,-1,-1,-1,-1,-1,-1
5eii_0,-1,-1,-1,-1,-1,-1
5ucb_0,-1,-1,-1,-1,-1,-1
5uea_1,-1,-1,-1,-1,-1,-1
5uek_0,204,76,-1,219,82,-1
6ayz_1,204,76,-1,219,82,-1
6az2_0,-1,-1,-1,-1,-1,-1
9avo_0,-1,-1,-1,-1,-1,-1
9awe_0,-1,-1,-1,-1,-1,-1
8xfp_0,-1,-1,-1,-1,-1,-1
8xcd_0,-1,-1,-1,-1,-1,-1
8rek_0,-1,-1,-1,-1,-1,-1
8txu_2,-1,-1,-1,-1,-1,-1
8uzc_0,-1,-1,-1,-1,-1,-1
8uvy_0,-1,-1,-1,-1,-1,-1
8tnj_0,-1,-1,-1,-1,-1,-1
8tnj_1,-1,-1,-1,-1,-1,-1
8xk5_4,-1,-1,-1,-1,-1,-1
8xk6_0,-1,-1,-1,-1,-1,-1
8xk8_0,-1,-1,-1,-1,-1,-1
8v5a_0,-1,-1,-1,-1,-1,-1
8xs3_0,-1,-1,-1,-1,-1,-1
8zc3_1,-1,-1,-1,-1,-1,-1
8zc4_0,-1,-1,-1,-1,-1,-1
8zc6_0,-1,-1,-1,-1,-1,-1
8r4u_0,-1,-1,-1,-1,-1,-1
8r4o_3,-1,-1,-1,-1,-1,-1
8r4q_3,-1,-1,-1,-1,-1,-1
8smk_0,-1,-1,-1,-1,-1,-1
8acf_0,-1,-1,-1,-1,-1,-1
8aci_0,-1,-1,-1,-1,-1,-1
8hbi_0,-1,-1,-1,-1,-1,-1
8hbj_1,-1,-1,-1,-1,-1,-1
8wc3_0,-1,-1,-1,-1,-1,-1
8ez3_0,-1,-1,-1,-1,-1,-1
8ez7_0,-1,-1,-1,-1,-1,-1
8ez8_0,-1,-1,-1,-1,-1,-1
8g05_0,205,-1,-1,220,-1,-1
8xzf_0,205,-1,-1,220,-1,-1
8xzh_0,205,-1,-1,220,-1,-1
7vla_0,205,-1,-1,220,-1,-1
7vl8_0,205,-1,-1,220,-1,-1
8xzi_0,205,-1,-1,220,-1,-1
8xzj_0,205,-1,-1,220,-1,-1
8yuu_0,205,-1,-1,220,-1,-1
8j6p_0,205,-1,-1,220,-1,-1
8j6q_0,205,-1,-1,220,-1,-1
8j6r_0,205,-1,-1,220,-1,-1
7wic_0,205,-1,-1,220,-1,-1
7vl9_0,205,-1,-1,220,-1,-1
7wq3_0,205,-1,-1,220,-1,-1
7wig_0,205,-1,-1,220,-1,-1
8t8m_0,-1,-1,-1,-1,-1,-1
8ghp_0,-1,-1,-1,-1,-1,-1
8h0q_0,-1,-1,-1,-1,-1,-1
8ghr_0,-1,-1,-1,-1,-1,-1
8gto_0,-1,-1,-1,-1,-1,-1
8gtp_0,-1,-1,-1,-1,-1,-1
8gtq_0,-1,-1,-1,-1,-1,-1
8t03_0,-1,-1,-1,-1,-1,-1
8t04_0,-1,-1,-1,-1,-1,-1
7y0n_0,-1,-1,-1,-1,-1,-1
7y0n_1,-1,-1,-1,-1,-1,-1
7y0n_2,-1,-1,-1,-1,-1,-1
7y0n_3,-1,-1,-1,-1,-1,-1
7y0n_4,-1,-1,-1,-1,-1,-1
7y0n_5,-1,-1,-1,-1,-1,-1
7y71_0,-1,-1,-1,-1,-1,-1
7yv1_0,-1,-1,-1,-1,-1,-1
8ded_1,-1,-1,-1,-1,-1,-1
8def_0,-1,-1,-1,-1,-1,-1
7u0i_1,-1,-1,-1,-1,-1,-1
8h07_2,-1,-1,-1,-1,-1,-1
8h07_3,-1,-1,-1,-1,-1,-1
7xsa_0,-1,-1,-1,-1,-1,-1
7tmw_0,-1,-1,-1,-1,-1,-1
7uhz_0,-1,-1,-1,-1,-1,-1
7ui0_0,-1,-1,-1,-1,-1,-1
8kfa_0,-1,-1,-1,-1,-1,-1
8hhy_3,-1,-1,-1,-1,-1,-1
8hhy_4,-1,-1,-1,-1,-1,-1
8dl7_0,-1,-1,-1,-1,-1,-1
7sj0_0,-1,-1,-1,-1,-1,-1
8ef5_0,206,-1,-1,221,-1,-1
8y72_0,206,-1,-1,221,-1,-1
7t6s_0,206,-1,-1,221,-1,-1
7t6v_0,206,-1,-1,221,-1,-1
8xos_0,206,-1,-1,221,-1,-1
8k4n_0,206,-1,-1,221,-1,-1
8efo_0,206,-1,-1,221,-1,-1
7xco_1,-1,-1,-1,-1,-1,-1
7tuf_1,-1,-1,-1,-1,-1,-1
8dlx_0,-1,-1,-1,-1,-1,-1
2xwt_0,-1,-1,-1,-1,-1,-1
3g04_0,-1,-1,-1,-1,-1,-1
7xw7_0,-1,-1,-1,-1,-1,-1
7xkd_0,-1,-1,-1,-1,-1,-1
7xkf_0,-1,-1,-1,-1,-1,-1
7xms_0,-1,-1,-1,-1,-1,-1
7fbi_0,-1,-1,-1,-1,-1,-1
7fbi_1,-1,-1,-1,-1,-1,-1
7t92_0,-1,-1,-1,-1,-1,-1
7tly_0,-1,-1,-1,-1,-1,-1
7tm0_0,-1,-1,-1,-1,-1,-1
7tm0_4,-1,-1,-1,-1,-1,-1
5ukb_4,-1,-1,-1,-1,-1,-1
7e9g_2,-1,-1,-1,-1,-1,-1
6urh_0,-1,-1,-1,-1,-1,-1
6rcu_0,-1,-1,-1,-1,-1,-1
6rcu_1,-1,-1,-1,-1,-1,-1
4yzf_1,-1,-1,-1,-1,-1,-1
6myy_2,-1,-1,-1,-1,-1,-1
6mzj_0,-1,-1,-1,-1,-1,-1
7mdt_0,-1,-1,-1,-1,-1,-1
5vj6_0,-1,-1,-1,-1,-1,-1
5vj6_3,-1,-1,-1,-1,-1,-1
6txz_1,-1,-1,-1,-1,-1,-1
7kql_0,-1,-1,-1,-1,-1,-1
8tbb_0,-1,-1,-1,-1,-1,-1
8tft_0,-1,-1,-1,-1,-1,-1
3gjf_1,-1,-1,-1,-1,-1,-1
3hae_0,-1,-1,-1,-1,-1,-1
4wuu_0,-1,-1,-1,-1,-1,-1
6w51_0,-1,-1,-1,-1,-1,-1
7bbg_0,-1,-1,-1,-1,-1,-1
7tr4_0,-1,-1,-1,-1,-1,-1
8eb2_1,-1,-1,-1,-1,-1,-1
8fja_0,-1,-1,-1,-1,-1,-1
5t3s_1,-1,-1,-1,-1,-1,-1
9fgh_0,-1,-1,-1,-1,-1,-1
9m7v_0,-1,-1,-1,-1,-1,-1
9emy_1,-1,-1,-1,-1,-1,-1
9emy_3,-1,-1,-1,-1,-1,-1
8ya0_0,-1,-1,-1,-1,-1,-1
8ygt_0,-1,-1,-1,-1,-1,-1
8sj4_0,-1,-1,-1,-1,-1,-1
8sj4_1,-1,-1,-1,-1,-1,-1
8v5v_0,-1,-1,-1,-1,-1,-1
8y69_1,-1,-1,-1,-1,-1,-1
8vgl_1,-1,-1,-1,-1,-1,-1
8vgm_1,-1,-1,-1,-1,-1,-1
8s5w_0,-1,-1,-1,-1,-1,-1
8s61_0,-1,-1,-1,-1,-1,-1
8vuy_0,-1,-1,-1,-1,-1,-1
8vvh_0,-1,-1,-1,-1,-1,-1
8to9_0,-1,-1,-1,-1,-1,-1
8tjo_1,-1,-1,-1,-1,-1,-1
8rz2_0,-1,-1,-1,-1,-1,-1
8u1c_0,-1,-1,-1,-1,-1,-1
8u1q_0,-1,-1,-1,-1,-1,-1
7lrt_0,-1,-1,-1,-1,-1,-1
7mm0_0,-1,-1,-1,-1,-1,-1
7u0p_1,-1,-1,-1,-1,-1,-1
7u0q_1,-1,-1,-1,-1,-1,-1
7u0x_0,-1,-1,-1,-1,-1,-1
7uow_1,-1,-1,-1,-1,-1,-1
8eyg_1,-1,-1,-1,-1,-1,-1
8gdr_1,-1,-1,-1,-1,-1,-1
8oq3_0,-1,-1,-1,-1,-1,-1
8sxi_0,-1,-1,-1,-1,-1,-1
8sxj_0,-1,-1,-1,-1,-1,-1
8qpr_0,-1,-1,-1,-1,-1,-1
7fci_0,-1,-1,-1,-1,-1,-1
7wsi_0,-1,-1,-1,-1,-1,-1
7zyi_0,-1,-1,-1,-1,-1,-1
8hrx_0,-1,-1,-1,-1,-1,-1
8hry_0,-1,-1,-1,-1,-1,-1
8wc8_0,-1,-1,-1,-1,-1,-1
8x0t_0,-1,-1,-1,-1,-1,-1
8g6u_1,-1,-1,-1,-1,-1,-1
8g6u_3,-1,-1,-1,-1,-1,-1
8g6u_5,-1,-1,-1,-1,-1,-1
8pg0_0,-1,-1,-1,-1,-1,-1
7u0g_1,-1,-1,-1,-1,-1,-1
8h07_0,-1,-1,-1,-1,-1,-1
8h07_1,-1,-1,-1,-1,-1,-1
8f0g_0,-1,-1,-1,-1,-1,-1
8d7e_0,-1,-1,-1,-1,-1,-1
8d7e_1,-1,-1,-1,-1,-1,-1
8bzy_0,-1,-1,-1,-1,-1,-1
8c02_0,-1,-1,-1,-1,-1,-1
7t3m_0,-1,-1,-1,-1,-1,-1
8hhy_1,-1,-1,-1,-1,-1,-1
8hhy_2,-1,-1,-1,-1,-1,-1
8dm4_0,-1,-1,-1,-1,-1,-1
2x89_1,-1,-1,-1,-1,-1,-1
6fgb_0,-1,-1,-1,-1,-1,-1
6nha_0,-1,-1,-1,-1,-1,-1
7sr5_0,-1,-1,-1,-1,-1,-1
9mi6_0,-1,-1,-1,-1,-1,-1
7e9g_1,-1,-1,-1,-1,-1,-1
3ogo_3,-1,-1,-1,-1,-1,-1
5w23_1,-1,-1,-1,-1,-1,-1
3eoa_0,-1,-1,-1,-1,-1,-1
3eob_0,-1,-1,-1,-1,-1,-1
7q9g_0,-1,-1,-1,-1,-1,-1
7zr7_2,-1,-1,-1,-1,-1,-1
7zr9_2,-1,-1,-1,-1,-1,-1
5gxb_0,-1,-1,-1,-1,-1,-1
6gwp_0,-1,-1,-1,-1,-1,-1
6gwp_1,-1,-1,-1,-1,-1,-1
5d1q_0,-1,-1,-1,-1,-1,-1
5d1q_1,-1,-1,-1,-1,-1,-1
5d1x_0,-1,-1,-1,-1,-1,-1
5d1x_1,-1,-1,-1,-1,-1,-1
6p9h_0,-1,-1,-1,-1,-1,-1
7xli_0,-1,-1,-1,-1,-1,-1
6djp_1,-1,-1,-1,-1,-1,-1
3raj_0,-1,-1,-1,-1,-1,-1
5f1k_1,-1,-1,-1,-1,-1,-1
5f21_0,-1,-1,-1,-1,-1,-1
6o3a_0,-1,-1,-1,-1,-1,-1
6o3b_1,-1,-1,-1,-1,-1,-1
7wd9_2,-1,-1,-1,-1,-1,-1
7wdf_1,-1,-1,-1,-1,-1,-1
6iw2_3,207,-1,-1,222,-1,-1
6iw0_0,207,-1,-1,222,-1,-1
4am0_1,-1,-1,-1,-1,-1,-1
4bz1_0,-1,-1,-1,-1,-1,-1
4bz2_0,-1,-1,-1,-1,-1,-1
6v8z_0,-1,-1,-1,-1,-1,-1
6v8z_1,-1,-1,-1,-1,-1,-1
6v8z_2,-1,-1,-1,-1,-1,-1
6v8z_3,-1,-1,-1,-1,-1,-1
6v8z_4,-1,-1,-1,-1,-1,-1
6v8z_5,-1,-1,-1,-1,-1,-1
3qwo_1,-1,-1,-1,-1,-1,-1
6lz9_0,-1,-1,-1,-1,-1,-1
6vo3_2,-1,-1,-1,-1,-1,-1
7tfo_0,-1,-1,-1,-1,-1,-1
6mlm_0,-1,-1,-1,-1,-1,-1
3nig_1,-1,-1,-1,-1,-1,-1
7tpd_1,208,-1,-1,223,-1,-1
7udh_1,208,-1,-1,223,-1,-1
7udg_1,208,-1,-1,223,-1,-1
7ucy_1,208,-1,-1,223,-1,-1
7ubr_1,208,-1,-1,223,-1,-1
7u9v_1,208,-1,-1,223,-1,-1
7u9f_1,208,-1,-1,223,-1,-1
7u60_1,208,-1,-1,223,-1,-1
3ze2_0,208,-1,-1,223,-1,-1
7tmz_1,208,-1,-1,223,-1,-1
7tho_1,208,-1,-1,223,-1,-1
5hdb_1,208,-1,-1,223,-1,-1
7l8p_1,208,-1,-1,223,-1,-1
7ukt_1,208,-1,-1,223,-1,-1
7ukp_1,208,-1,-1,223,-1,-1
7uko_1,208,-1,-1,223,-1,-1
7uk9_1,208,-1,-1,223,-1,-1
7ujk_1,208,-1,-1,223,-1,-1
7uje_1,208,-1,-1,223,-1,-1
7uh8_1,208,-1,-1,223,-1,-1
7ufh_1,208,-1,-1,223,-1,-1
7ue0_1,208,-1,-1,223,-1,-1
5occ_0,-1,-1,-1,-1,-1,-1
6yax_1,-1,-1,-1,-1,-1,-1
6pze_0,-1,-1,-1,-1,-1,-1
7d3k_0,-1,-1,-1,-1,-1,-1
7d3l_0,-1,-1,-1,-1,-1,-1
4jqi_0,-1,-1,-1,-1,-1,-1
6os0_0,-1,-1,-1,-1,-1,-1
6dbf_0,209,-1,-1,224,-1,-1
6u12_0,209,-1,-1,224,-1,-1
3det_0,-1,-1,-1,-1,-1,-1
4ocm_0,-1,-1,-1,-1,-1,-1
4ocl_0,-1,-1,-1,-1,-1,-1
7nd9_0,-1,-1,-1,-1,-1,-1
7ur4_1,-1,-1,-1,-1,-1,-1
9cb1_0,-1,-1,-1,-1,-1,-1
6cxy_0,-1,-1,-1,-1,-1,-1
6vel_0,-1,-1,-1,-1,-1,-1
7stz_0,-1,-1,-1,-1,-1,-1
7ngh_0,-1,-1,-1,-1,-1,-1
7m2i_0,-1,-1,-1,-1,-1,-1
7phu_0,-1,-1,-1,-1,-1,-1
7phu_1,-1,-1,-1,-1,-1,-1
3ztn_0,-1,-1,-1,-1,-1,-1
5x2n_1,210,-1,-1,225,-1,-1
5x2m_0,210,-1,-1,225,-1,-1
5x2m_1,210,-1,-1,225,-1,-1
5x2o_1,-1,-1,-1,-1,-1,-1
5x2q_1,-1,-1,-1,-1,-1,-1
6njm_0,-1,-1,-1,-1,-1,-1
6njn_1,-1,-1,-1,-1,-1,-1
6njl_0,-1,-1,-1,-1,-1,-1
6njl_1,-1,-1,-1,-1,-1,-1
6njn_2,-1,-1,-1,-1,-1,-1
3pjs_0,-1,-1,-1,-1,-1,-1
7bub_1,-1,-1,-1,-1,-1,-1
7bud_1,-1,-1,-1,-1,-1,-1
5mo9_0,-1,-1,-1,-1,-1,-1
5veb_1,-1,-1,-1,-1,-1,-1
7kbk_0,-1,-1,-1,-1,-1,-1
7t6u_0,-1,-1,-1,-1,-1,-1
5nj3_1,-1,-1,-1,-1,-1,-1
1rzj_0,211,-1,-1,226,-1,-1
1g9m_0,211,-1,-1,226,-1,-1
1qfw_0,-1,-1,-1,-1,-1,-1
6wds_0,-1,-1,-1,-1,-1,-1
4irz_0,-1,-1,-1,-1,-1,-1
4nby_0,-1,-1,-1,-1,-1,-1
4nbx_0,-1,-1,-1,-1,-1,-1
4nby_1,-1,-1,-1,-1,-1,-1
4nbz_1,-1,-1,-1,-1,-1,-1
4nc0_0,-1,-1,-1,-1,-1,-1
4nc1_0,-1,-1,-1,-1,-1,-1
4nc1_1,-1,-1,-1,-1,-1,-1
4nc1_2,-1,-1,-1,-1,-1,-1
4nc1_3,-1,-1,-1,-1,-1,-1
5vk6_0,-1,-1,-1,-1,-1,-1
7jr7_0,-1,-1,-1,-1,-1,-1
7jr7_1,-1,-1,-1,-1,-1,-1
7r8n_2,-1,-1,-1,-1,-1,-1
7r8o_2,-1,-1,-1,-1,-1,-1
3r1g_0,-1,-1,-1,-1,-1,-1
7fej_0,-1,-1,-1,-1,-1,-1
7ej8_0,-1,-1,-1,-1,-1,-1
7nfq_0,-1,-1,-1,-1,-1,-1
7nfr_0,-1,-1,-1,-1,-1,-1
7nft_0,-1,-1,-1,-1,-1,-1
7wuq_0,-1,-1,-1,-1,-1,-1
4ag4_0,-1,-1,-1,-1,-1,-1
8pe9_0,-1,-1,-1,-1,-1,-1
7xjl_0,-1,-1,-1,-1,-1,-1
7xjk_0,-1,-1,-1,-1,-1,-1
4uv7_0,-1,-1,-1,-1,-1,-1
5o02_0,-1,-1,-1,-1,-1,-1
5jq6_0,-1,-1,-1,-1,-1,-1
6j5d_0,-1,-1,-1,-1,-1,-1
7byr_0,-1,-1,-1,-1,-1,-1
4web_0,-1,-1,-1,-1,-1,-1
4nx3_0,-1,-1,-1,-1,-1,-1
6yo6_0,-1,-1,-1,-1,-1,-1
9cyh_0,-1,-1,-1,-1,-1,-1
9kgk_0,-1,-1,-1,-1,-1,-1
8xft_0,-1,-1,-1,-1,-1,-1
9kgk_1,-1,-1,-1,-1,-1,-1
9k0k_0,-1,-1,-1,-1,-1,-1
6b0s_0,-1,-1,-1,-1,-1,-1
7rxi_0,-1,-1,-1,-1,-1,-1
7rxj_0,-1,-1,-1,-1,-1,-1
7rxl_1,-1,-1,-1,-1,-1,-1
7rxp_0,-1,-1,-1,-1,-1,-1
7s0x_1,-1,-1,-1,-1,-1,-1
9hzj_0,-1,-1,-1,-1,-1,-1
9hzk_0,-1,-1,-1,-1,-1,-1
9dhy_1,-1,-1,-1,-1,-1,-1
9h1f_0,-1,-1,-1,-1,-1,-1
9ccj_0,-1,-1,-1,-1,-1,-1
8tmg_1,-1,-1,-1,-1,-1,-1
8zpn_0,-1,-1,-1,-1,-1,-1
9cq7_0,-1,-1,-1,-1,-1,-1
8jag_0,-1,-1,-1,-1,-1,-1
9etl_0,-1,-1,-1,-1,-1,-1
8tio_0,-1,-1,-1,-1,-1,-1
8xfs_0,-1,-1,-1,-1,-1,-1
9fvb_0,-1,-1,-1,-1,-1,-1
9fvc_0,-1,-1,-1,-1,-1,-1
2ypv_0,-1,-1,-1,-1,-1,-1
5o14_0,-1,-1,-1,-1,-1,-1
5t5f_0,-1,-1,-1,-1,-1,-1
6xzw_0,-1,-1,-1,-1,-1,-1
7ket_0,-1,-1,-1,-1,-1,-1
7lcv_0,-1,-1,-1,-1,-1,-1
7sbz_1,-1,-1,-1,-1,-1,-1
8up2_0,-1,-1,-1,-1,-1,-1
8vsj_0,-1,-1,-1,-1,-1,-1
8vuh_0,-1,-1,-1,-1,-1,-1
8vuj_0,-1,-1,-1,-1,-1,-1
8vun_1,-1,-1,-1,-1,-1,-1
8vur_0,-1,-1,-1,-1,-1,-1
8vut_1,-1,-1,-1,-1,-1,-1
8vul_0,-1,-1,-1,-1,-1,-1
8vuq_0,-1,-1,-1,-1,-1,-1
8vus_1,-1,-1,-1,-1,-1,-1
8uw2_0,-1,-1,-1,-1,-1,-1
8uw9_0,-1,-1,-1,-1,-1,-1
8jn1_0,-1,-1,-1,-1,-1,-1
8yro_2,-1,-1,-1,-1,-1,-1
8ttf_0,-1,-1,-1,-1,-1,-1
8sml_0,-1,-1,-1,-1,-1,-1
8wc4_0,-1,-1,-1,-1,-1,-1
8ek5_0,-1,-1,-1,-1,-1,-1
8tao_1,-1,-1,-1,-1,-1,-1
8cni_0,-1,-1,-1,-1,-1,-1
8cni_1,-1,-1,-1,-1,-1,-1
8gnh_0,-1,-1,-1,-1,-1,-1
8afe_1,-1,-1,-1,-1,-1,-1
8afh_1,-1,-1,-1,-1,-1,-1
8ahl_1,-1,-1,-1,-1,-1,-1
8ajb_1,-1,-1,-1,-1,-1,-1
8czz_5,-1,-1,-1,-1,-1,-1
8g3z_2,-1,-1,-1,-1,-1,-1
8dn6_0,-1,-1,-1,-1,-1,-1
7umn_0,-1,-1,-1,-1,-1,-1
8emz_0,-1,-1,-1,-1,-1,-1
8en0_0,-1,-1,-1,-1,-1,-1
8en3_0,-1,-1,-1,-1,-1,-1
7lxm_0,-1,-1,-1,-1,-1,-1
7lxn_0,-1,-1,-1,-1,-1,-1
8hpj_1,-1,-1,-1,-1,-1,-1
8hpk_0,-1,-1,-1,-1,-1,-1
8hhx_1,-1,-1,-1,-1,-1,-1
8hhx_2,-1,-1,-1,-1,-1,-1
7u5b_0,-1,-1,-1,-1,-1,-1
5whk_0,-1,-1,-1,-1,-1,-1
7sr0_1,-1,-1,-1,-1,-1,-1
7pa5_0,-1,-1,-1,-1,-1,-1
7wg3_0,-1,-1,-1,-1,-1,-1
7ugn_0,-1,-1,-1,-1,-1,-1
7ugn_1,-1,-1,-1,-1,-1,-1
7ugn_2,-1,-1,-1,-1,-1,-1
7ugn_3,-1,-1,-1,-1,-1,-1
7ugn_4,-1,-1,-1,-1,-1,-1
7ugn_5,-1,-1,-1,-1,-1,-1
7yv7_0,-1,-1,-1,-1,-1,-1
7w6p_0,-1,-1,-1,-1,-1,-1
4qkx_0,-1,-1,-1,-1,-1,-1
6w4s_0,-1,-1,-1,-1,-1,-1
4hgm_0,212,77,16,227,83,17
4hgk_1,212,77,16,227,83,17
5vnw_1,-1,-1,-1,-1,-1,-1
8y9s_1,-1,-1,-1,-1,-1,-1
8y9u_1,-1,-1,-1,-1,-1,-1
8z8v_0,-1,-1,-1,-1,-1,-1
6ehg_0,-1,-1,-1,-1,-1,-1
2xtj_0,-1,-1,-1,-1,-1,-1
3zdy_0,-1,-1,-1,-1,-1,-1
5vxm_0,-1,-1,-1,-1,-1,-1
3d85_0,-1,-1,-1,-1,-1,-1
6gjq_2,-1,-1,-1,-1,-1,-1
6gju_0,-1,-1,-1,-1,-1,-1
6gju_1,-1,-1,-1,-1,-1,-1
6ze1_0,-1,-1,-1,-1,-1,-1
3lev_0,-1,-1,-1,-1,-1,-1
5cjq_0,-1,-1,-1,-1,-1,-1
6lyn_0,-1,-1,-1,-1,-1,-1
4laj_3,-1,-1,-1,-1,-1,-1
7kyo_0,-1,-1,-1,-1,-1,-1
6ibl_1,213,78,-1,228,84,-1
6h7n_1,213,78,-1,228,84,-1
6h7l_1,213,78,-1,228,84,-1
6h7j_0,213,78,-1,228,84,-1
6h7m_1,213,78,-1,228,84,-1
6h7k_0,213,78,-1,228,84,-1
6h7o_1,213,78,-1,228,84,-1
1xf5_1,-1,-1,-1,-1,-1,-1
6wzj_1,-1,-1,-1,-1,-1,-1
5oca_0,-1,-1,-1,-1,-1,-1
4tvs_1,-1,-1,-1,-1,-1,-1
5f1o_0,-1,-1,-1,-1,-1,-1
6obm_0,-1,-1,-1,-1,-1,-1
7lok_0,-1,-1,-1,-1,-1,-1
6avu_0,-1,-1,-1,-1,-1,-1
7lkf_0,-1,-1,-1,-1,-1,-1
5um8_1,-1,-1,-1,-1,-1,-1
4j6r_0,214,79,17,229,85,18
4ydi_0,214,79,17,229,85,18
7sl9_0,-1,-1,-1,-1,-1,-1
7n3d_0,-1,-1,-1,-1,-1,-1
9naq_0,-1,-1,-1,-1,-1,-1
9k3l_0,-1,-1,-1,-1,-1,-1
8yvl_0,-1,-1,-1,-1,-1,-1
9mfg_3,-1,-1,-1,-1,-1,-1
9azt_0,-1,-1,-1,-1,-1,-1
9azv_0,-1,-1,-1,-1,-1,-1
9e7l_1,-1,-1,-1,-1,-1,-1
9e7l_2,-1,-1,-1,-1,-1,-1
9e7l_3,-1,-1,-1,-1,-1,-1
9e7l_4,-1,-1,-1,-1,-1,-1
9e7l_5,-1,-1,-1,-1,-1,-1
9e7l_6,-1,-1,-1,-1,-1,-1
9e7l_7,-1,-1,-1,-1,-1,-1
8w5h_0,-1,-1,-1,-1,-1,-1
8w5i_0,-1,-1,-1,-1,-1,-1
8w5l_0,215,-1,-1,230,-1,-1
8w5n_0,215,-1,-1,230,-1,-1
8w5r_0,-1,-1,-1,-1,-1,-1
8w5t_0,-1,-1,-1,-1,-1,-1
8w5w_0,-1,-1,-1,-1,-1,-1
5kem_0,-1,-1,-1,-1,-1,-1
5kem_1,-1,-1,-1,-1,-1,-1
5kem_2,-1,-1,-1,-1,-1,-1
5kem_3,-1,-1,-1,-1,-1,-1
7swd_0,-1,-1,-1,-1,-1,-1
9bsu_1,-1,-1,-1,-1,-1,-1
9bsv_0,-1,-1,-1,-1,-1,-1
9cyf_0,-1,-1,-1,-1,-1,-1
9cyi_0,-1,-1,-1,-1,-1,-1
9cyj_0,-1,-1,-1,-1,-1,-1
9bqw_0,-1,-1,-1,-1,-1,-1
9j9z_0,-1,-1,-1,-1,-1,-1
8yot_0,-1,-1,-1,-1,-1,-1
9cu5_2,-1,-1,-1,-1,-1,-1
9cu5_3,-1,-1,-1,-1,-1,-1
9cy4_0,-1,-1,-1,-1,-1,-1
9lyo_2,-1,-1,-1,-1,-1,-1
9fr4_0,-1,-1,-1,-1,-1,-1
8slb_0,-1,-1,-1,-1,-1,-1
8tmc_0,-1,-1,-1,-1,-1,-1
9dvq_0,-1,-1,-1,-1,-1,-1
9dvr_0,-1,-1,-1,-1,-1,-1
8zr4_0,-1,-1,-1,-1,-1,-1
7scn_0,-1,-1,-1,-1,-1,-1
9b2m_1,-1,-1,-1,-1,-1,-1
9bt8_0,-1,-1,-1,-1,-1,-1
8wvg_0,-1,-1,-1,-1,-1,-1
8ulf_0,-1,-1,-1,-1,-1,-1
8qw4_0,-1,-1,-1,-1,-1,-1
8tr3_0,-1,-1,-1,-1,-1,-1
8wsn_0,216,80,-1,231,86,-1
5y11_0,216,80,-1,231,86,-1
8wsp_0,-1,-1,-1,-1,-1,-1
7kde_1,-1,-1,-1,-1,-1,-1
7kde_5,-1,-1,-1,-1,-1,-1
8sw4_0,-1,-1,-1,-1,-1,-1
8sw4_1,217,-1,-1,232,-1,-1
8sw4_2,217,-1,-1,232,-1,-1
9mi0_1,-1,-1,-1,-1,-1,-1
9mi0_3,-1,-1,-1,-1,-1,-1
9mi0_5,-1,-1,-1,-1,-1,-1
9mib_0,-1,-1,-1,-1,-1,-1
9mib_2,-1,-1,-1,-1,-1,-1
9mib_4,-1,-1,-1,-1,-1,-1
9mih_1,-1,-1,-1,-1,-1,-1
8wnp_0,218,-1,-1,233,-1,-1
8wnu_0,218,-1,-1,233,-1,-1
8wo4_1,218,-1,-1,233,-1,-1
8iuy_0,-1,-1,-1,-1,-1,-1
8iuz_0,-1,-1,-1,-1,-1,-1
8iv0_0,-1,-1,-1,-1,-1,-1
8omz_0,-1,-1,-1,-1,-1,-1
8oo1_0,-1,-1,-1,-1,-1,-1
8j6f_0,-1,-1,-1,-1,-1,-1
8jxv_0,-1,-1,-1,-1,-1,-1
8ozb_1,-1,-1,-1,-1,-1,-1
8g78_2,-1,-1,-1,-1,-1,-1
8g78_3,-1,-1,-1,-1,-1,-1
8i7w_0,-1,-1,-1,-1,-1,-1
8hpv_0,-1,-1,-1,-1,-1,-1
8hpv_1,-1,-1,-1,-1,-1,-1
8hpv_2,-1,-1,-1,-1,-1,-1
8hpv_3,-1,-1,-1,-1,-1,-1
8hpv_4,-1,-1,-1,-1,-1,-1
8hpv_5,-1,-1,-1,-1,-1,-1
7w57_0,-1,-1,-1,234,-1,-1
8jgf_0,-1,-1,-1,234,-1,-1
8j9k_0,-1,-1,-1,-1,-1,-1
8pvb_0,-1,-1,-1,-1,-1,-1
6qfa_4,-1,-1,-1,-1,-1,-1
8evi_1,-1,-1,-1,-1,-1,-1
8evj_1,-1,-1,-1,-1,-1,-1
8gje_0,-1,-1,-1,-1,-1,-1
6gdg_0,-1,-1,-1,-1,-1,-1
7d7m_0,-1,-1,-1,-1,-1,-1
7p00_0,219,-1,-1,235,-1,-1
7xwo_0,219,-1,-1,235,-1,-1
8hj2_0,-1,-1,-1,-1,-1,-1
8hqm_0,-1,-1,-1,-1,-1,-1
8hqn_0,-1,-1,-1,236,-1,-1
8i9l_0,-1,-1,-1,236,-1,-1
8ij3_0,-1,-1,-1,236,-1,-1
8ijb_0,-1,-1,-1,236,-1,-1
8ijd_0,-1,-1,-1,236,-1,-1
8irs_0,-1,-1,-1,-1,-1,-1
8irt_0,-1,-1,-1,-1,-1,-1
8jd6_0,220,-1,-1,237,-1,-1
8iw7_0,220,-1,-1,237,-1,-1
8k6n_0,-1,-1,-1,-1,-1,-1
8p12_0,-1,-1,-1,-1,-1,-1
8sg1_0,-1,-1,-1,-1,-1,-1
8tb0_0,-1,-1,-1,-1,-1,-1
8uh3_0,221,-1,-1,238,-1,-1
8yh2_0,221,-1,-1,238,-1,-1
8yh3_0,221,-1,-1,238,-1,-1
8yh5_0,221,-1,-1,238,-1,-1
8yh6_0,221,-1,-1,238,-1,-1
9d0a_0,221,-1,-1,238,-1,-1
9d4z_0,221,-1,-1,238,-1,-1
8zjg_0,221,-1,-1,238,-1,-1
8wca_0,221,-1,-1,238,-1,-1
8xgo_0,221,-1,-1,238,-1,-1
8xgs_0,221,-1,-1,238,-1,-1
9ee8_0,-1,-1,-1,-1,-1,-1
9ee9_0,-1,-1,-1,-1,-1,-1
9eea_0,-1,-1,-1,-1,-1,-1
9izc_0,222,-1,-1,239,-1,-1
9iy8_0,222,-1,-1,239,-1,-1
9izh_0,-1,-1,-1,-1,-1,-1
9j8z_0,-1,-1,-1,-1,-1,-1
9k27_0,-1,-1,-1,-1,-1,-1
7k78_0,-1,-1,-1,-1,-1,-1
8dp0_0,-1,-1,-1,-1,-1,-1
8dul_0,-1,-1,-1,-1,-1,-1
8dun_2,-1,-1,-1,-1,-1,-1
8fxs_0,-1,-1,-1,-1,-1,-1
8i10_0,-1,-1,-1,-1,-1,-1
8bf4_0,-1,-1,-1,-1,-1,-1
8bf4_1,-1,-1,-1,-1,-1,-1
7uia_0,-1,-1,-1,-1,-1,-1
7uib_0,-1,-1,-1,-1,-1,-1
7uie_0,-1,-1,-1,-1,-1,-1
7xdl_2,-1,-1,-1,-1,-1,-1
7xdl_4,-1,-1,-1,-1,-1,-1
7e9q_0,-1,-1,-1,-1,-1,-1
7e9o_0,-1,-1,-1,-1,-1,-1
9bj4_0,-1,-1,-1,-1,-1,-1
8f5n_0,-1,-1,-1,-1,-1,-1
7epx_0,-1,-1,-1,-1,-1,-1
7ew4_0,-1,-1,-1,-1,-1,-1
7bq5_0,-1,-1,-1,-1,-1,-1
7eo2_0,223,-1,-1,240,-1,-1
7x2v_0,223,-1,-1,240,-1,-1
5f3b_1,-1,-1,-1,-1,-1,-1
5f3h_3,-1,-1,-1,-1,-1,-1
4h88_0,-1,-1,-1,-1,-1,-1
4idj_0,-1,-1,-1,-1,-1,-1
6vzi_0,-1,-1,-1,-1,-1,-1
4kdt_0,-1,-1,-1,-1,-1,-1
6o25_2,-1,-1,-1,-1,-1,-1
7whk_3,-1,-1,-1,-1,-1,-1
7whk_4,-1,-1,-1,-1,-1,-1
4hem_2,-1,-1,-1,-1,-1,-1
4hep_0,-1,-1,-1,-1,-1,-1
4ios_0,-1,-1,-1,-1,-1,-1
4dqo_0,-1,-1,-1,-1,-1,-1
7enf_0,-1,-1,-1,-1,-1,-1
7k90_0,-1,-1,-1,-1,-1,-1
7l3n_0,-1,-1,-1,-1,-1,-1
6wix_1,-1,-1,-1,-1,-1,-1
7lf7_0,-1,-1,-1,-1,-1,-1
7lfa_1,-1,-1,-1,-1,-1,-1
7lfb_0,-1,-1,-1,-1,-1,-1
6woq_2,-1,-1,-1,-1,-1,-1
6woq_3,-1,-1,-1,-1,-1,-1
6by2_0,-1,-1,-1,-1,-1,-1
7fg3_0,-1,-1,-1,-1,-1,-1
3k3q_0,-1,-1,-1,-1,-1,-1
5td8_0,-1,-1,-1,-1,-1,-1
7cac_0,-1,-1,-1,-1,-1,-1
7d2z_0,-1,-1,-1,-1,-1,-1
7d30_0,-1,-1,-1,-1,-1,-1
7f46_0,-1,-1,-1,-1,-1,-1
7t01_0,-1,-1,-1,-1,-1,-1
7vnb_0,-1,-1,-1,-1,-1,-1
7x93_0,-1,-1,-1,-1,-1,-1
7zcf_0,-1,-1,-1,-1,-1,-1
8cwk_0,-1,-1,-1,-1,-1,-1
8cwk_1,-1,-1,-1,-1,-1,-1
6p65_0,-1,-1,-1,-1,-1,-1
7ew3_0,224,-1,-1,241,-1,-1
7y65_0,224,-1,-1,241,-1,-1
7ew2_0,224,-1,-1,241,-1,-1
7yae_0,-1,-1,-1,241,-1,-1
2hlf_1,-1,-1,-1,-1,-1,-1
4i3r_0,-1,-1,-1,-1,-1,-1
4i3s_0,-1,-1,-1,-1,-1,-1
1tqc_0,-1,-1,-1,-1,-1,-1
6ukj_0,-1,-1,-1,-1,-1,-1
4ybq_0,-1,-1,-1,-1,-1,-1
7wq4_0,-1,-1,-1,-1,-1,-1
4jr9_0,-1,-1,-1,-1,-1,-1
1iqd_0,-1,-1,-1,-1,-1,-1
7lr3_1,-1,-1,-1,-1,-1,-1
7lr4_1,-1,-1,-1,-1,-1,-1
6x4g_0,-1,-1,-1,-1,-1,-1
6x4t_0,-1,-1,-1,-1,-1,-1
6v7y_0,-1,-1,-1,-1,-1,-1
6v80_0,-1,-1,-1,-1,-1,-1
8sos_0,-1,-1,-1,-1,-1,-1
6cmi_0,-1,-1,-1,-1,-1,-1
6cmg_0,-1,-1,-1,-1,-1,-1
6vy4_1,-1,-1,-1,-1,-1,-1
6vy6_0,-1,-1,-1,-1,-1,-1
7syy_0,-1,-1,-1,-1,-1,-1
7syz_0,-1,-1,-1,-1,-1,-1
2xt1_0,-1,-1,-1,-1,-1,-1
2xxm_0,-1,-1,-1,-1,-1,-1
2xv6_1,-1,-1,-1,-1,-1,-1
5o2u_1,-1,-1,-1,-1,-1,-1
7rk1_1,-1,-1,-1,-1,-1,-1
7rk2_1,-1,-1,-1,-1,-1,-1
4mqs_0,-1,-1,-1,-1,-1,-1
6erx_0,225,-1,-1,242,-1,-1
6fxn_1,225,-1,-1,242,-1,-1
3rvv_0,-1,-1,-1,-1,-1,-1
9mvu_2,-1,-1,-1,-1,-1,-1
9iw2_0,-1,-1,-1,-1,-1,-1
9ei9_1,-1,-1,-1,-1,-1,-1
9fg1_1,-1,-1,-1,-1,-1,-1
9f91_1,-1,-1,-1,-1,-1,-1
8rtf_0,-1,-1,-1,-1,-1,-1
8rvr_0,-1,-1,-1,-1,-1,-1
8u1p_0,-1,-1,-1,-1,-1,-1
8u1p_1,-1,-1,-1,-1,-1,-1
8utd_0,-1,-1,-1,-1,-1,-1
8z6s_0,-1,-1,-1,-1,-1,-1
8z6t_0,-1,-1,-1,-1,-1,-1
9ctj_0,-1,-1,-1,-1,-1,-1
8xt9_0,-1,-1,-1,-1,-1,-1
8sja_2,-1,-1,-1,-1,-1,-1
9dx6_0,-1,-1,-1,-1,-1,-1
8vh1_0,-1,-1,-1,-1,-1,-1
8zoy_0,-1,-1,-1,-1,-1,-1
8euu_0,226,-1,-1,243,-1,-1
8euv_0,226,-1,-1,243,-1,-1
8euw_0,226,-1,-1,243,-1,-1
8tkc_0,-1,-1,-1,-1,-1,-1
8tl2_1,-1,-1,-1,-1,-1,-1
8tl3_0,-1,-1,-1,-1,-1,-1
8tl4_0,-1,-1,-1,-1,-1,-1
8dbz_0,-1,-1,-1,-1,-1,-1
8dbz_1,-1,-1,-1,-1,-1,-1
8jr3_1,-1,-1,-1,-1,-1,-1
7xtc_0,-1,-1,-1,-1,-1,-1
8zr5_0,-1,-1,-1,-1,-1,-1
8vue_2,-1,-1,-1,-1,-1,-1
8smp_0,-1,-1,-1,-1,-1,-1
8pnu_3,-1,-1,-1,-1,-1,-1
8pnv_0,-1,-1,-1,-1,-1,-1
8st1_0,-1,-1,-1,-1,-1,-1
8g73_1,-1,-1,-1,-1,-1,-1
8g74_1,-1,-1,-1,-1,-1,-1
8g75_2,-1,-1,-1,-1,-1,-1
8jhc_0,-1,-1,-1,-1,-1,-1
8w8r_0,-1,-1,-1,-1,-1,-1
7re7_0,-1,-1,-1,-1,-1,-1
8fjb_0,-1,-1,-1,-1,-1,-1
8u4v_0,-1,-1,-1,-1,-1,-1
7ukl_1,-1,-1,-1,-1,-1,-1
8t07_0,-1,-1,-1,-1,-1,-1
8dok_3,-1,-1,-1,-1,-1,-1
7yc5_0,-1,-1,-1,-1,-1,-1
7yc5_1,-1,-1,-1,-1,-1,-1
7yc5_2,-1,-1,-1,-1,-1,-1
7yc5_3,-1,-1,-1,-1,-1,-1
7yc5_4,-1,-1,-1,-1,-1,-1
7yc5_5,-1,-1,-1,-1,-1,-1
7u0j_0,-1,-1,-1,-1,-1,-1
8dk5_0,-1,-1,-1,-1,-1,-1
8evg_1,-1,-1,-1,-1,-1,-1
8evh_1,-1,-1,-1,-1,-1,-1
8sps_0,-1,-1,-1,-1,-1,-1
8spu_0,-1,-1,-1,-1,-1,-1
8h08_0,-1,-1,-1,-1,-1,-1
8h08_1,-1,-1,-1,-1,-1,-1
8f60_0,-1,-1,-1,-1,-1,-1
7nx8_0,-1,-1,-1,-1,-1,-1
7nx8_1,-1,-1,-1,-1,-1,-1
7k84_0,-1,-1,-1,-1,-1,-1
3ncy_0,-1,-1,-1,-1,-1,-1
7k8z_0,-1,-1,-1,-1,-1,-1
1nby_0,-1,-1,-1,-1,-1,-1
7fae_2,-1,-1,-1,-1,-1,-1
7faf_0,-1,-1,-1,-1,-1,-1
7q9m_0,-1,-1,-1,-1,-1,-1
3w2d_0,-1,-1,-1,-1,-1,-1
4rgo_0,-1,-1,-1,-1,-1,-1
8ybn_0,-1,-1,-1,-1,-1,-1
8ybp_0,-1,-1,-1,-1,-1,-1
3mxw_0,227,-1,-1,244,-1,-1
8z2v_0,227,-1,-1,244,-1,-1
8z39_0,227,-1,-1,244,-1,-1
8z3a_0,227,-1,-1,244,-1,-1
8yyz_0,227,-1,-1,244,-1,-1
4cmh_0,-1,-1,-1,-1,-1,-1
7dha_0,-1,-1,-1,-1,-1,-1
9goy_0,-1,-1,-1,-1,-1,-1
1xcq_3,-1,-1,-1,-1,-1,-1
6gff_0,-1,-1,-1,-1,-1,-1
7d3r_0,-1,-1,-1,-1,-1,-1
5mp2_1,-1,-1,-1,-1,-1,-1
4p59_0,-1,-1,-1,-1,-1,-1
6os2_0,-1,-1,-1,-1,-1,-1
2qqk_0,-1,-1,-1,-1,-1,-1
8ivx_0,-1,-1,-1,-1,-1,-1
1rvf_0,-1,-1,-1,-1,-1,-1
5w3l_0,-1,-1,-1,-1,-1,-1
5w3e_0,-1,-1,-1,-1,-1,-1
5w3m_0,-1,-1,-1,-1,-1,-1
6n4y_3,-1,-1,-1,-1,-1,-1
7kqi_0,-1,-1,-1,-1,-1,-1
3ux9_0,-1,-1,-1,-1,-1,-1
7joo_0,-1,-1,-1,-1,-1,-1
5sv3_1,-1,-1,-1,-1,-1,-1
5kzc_2,-1,-1,-1,-1,-1,-1
6knm_0,-1,-1,-1,-1,-1,-1
6ion_0,-1,-1,-1,-1,-1,-1
3u4e_0,-1,-1,-1,-1,-1,-1
5ezo_0,-1,-1,-1,-1,-1,-1
7s6l_0,-1,-1,-1,-1,-1,-1
6quz_0,-1,-1,-1,-1,-1,-1
5vgj_0,-1,-1,-1,-1,-1,-1
6p8m_0,-1,-1,-1,-1,-1,-1
3f5w_0,-1,-1,-1,-1,-1,-1
3f7v_0,-1,-1,-1,-1,-1,-1
3uzq_0,-1,-1,-1,-1,-1,-1
7sqo_0,-1,-1,-1,-1,-1,-1
7lkh_0,-1,-1,-1,-1,-1,-1
7wf7_0,-1,-1,-1,-1,-1,-1
8gat_0,-1,-1,-1,-1,-1,-1
8gau_0,-1,-1,-1,-1,-1,-1
8gau_1,-1,-1,-1,-1,-1,-1
9md2_0,-1,-1,-1,-1,-1,-1
9md3_0,-1,-1,-1,-1,-1,-1
9md4_0,-1,-1,-1,-1,-1,-1
9md5_0,-1,-1,-1,-1,-1,-1
9md6_0,-1,-1,-1,-1,-1,-1
9k0n_0,-1,-1,-1,-1,-1,-1
9k0c_0,-1,-1,-1,-1,-1,-1
9k0o_0,-1,-1,-1,-1,-1,-1
9k1b_0,-1,-1,-1,-1,-1,-1
9k1f_0,-1,-1,-1,-1,-1,-1
9k1i_0,-1,-1,-1,-1,-1,-1
9k1v_0,-1,-1,-1,-1,-1,-1
9k1x_0,-1,-1,-1,-1,-1,-1
9k1z_0,-1,-1,-1,-1,-1,-1
9k21_0,-1,-1,-1,-1,-1,-1
5l8k_0,-1,-1,-1,-1,-1,-1
5l8l_0,-1,-1,-1,-1,-1,-1
9jd0_1,-1,-1,-1,-1,-1,-1
9jd1_0,-1,-1,-1,-1,-1,-1
9u8g_0,-1,-1,-1,-1,-1,-1
9h39_0,-1,-1,-1,-1,-1,-1
9dm7_0,-1,-1,-1,-1,-1,-1
9ip7_0,-1,-1,-1,-1,-1,-1
9gf8_0,-1,-1,-1,-1,-1,-1
9gu0_0,-1,-1,-1,-1,-1,-1
9f02_0,-1,-1,-1,-1,-1,-1
9dmj_1,-1,-1,-1,-1,-1,-1
9dmq_0,-1,-1,-1,-1,-1,-1
7qbf_0,-1,-1,-1,-1,-1,-1
7tpr_0,-1,-1,-1,-1,-1,-1
7tpr_1,-1,-1,-1,-1,-1,-1
7tpr_2,-1,-1,-1,-1,-1,-1
7tpr_3,-1,-1,-1,-1,-1,-1
7tpr_4,-1,-1,-1,-1,-1,-1
3q3g_3,-1,-1,-1,-1,-1,-1
3ejz_0,-1,-1,-1,-1,-1,-1
6z3p_0,-1,-1,-1,-1,-1,-1
6z3q_0,-1,-1,-1,-1,-1,-1
3bn9_1,-1,-1,-1,-1,-1,-1
3nps_0,-1,-1,-1,-1,-1,-1
3so3_0,-1,-1,-1,-1,-1,-1
7ns6_4,-1,-1,-1,-1,-1,-1
6de7_0,-1,-1,-1,-1,-1,-1
5tqq_0,-1,-1,-1,-1,-1,-1
5tr1_1,-1,-1,-1,-1,-1,-1
6ruv_1,-1,-1,-1,-1,-1,-1
7qnb_0,-1,-1,-1,-1,-1,-1
6k5i_1,-1,-1,-1,-1,-1,-1
6k5a_1,-1,-1,-1,-1,-1,-1
5esz_0,-1,-1,-1,-1,-1,-1
7uar_1,-1,-1,-1,-1,-1,-1
7whi_0,-1,-1,-1,-1,-1,-1
5h8o_0,-1,-1,-1,-1,-1,-1
6iap_0,-1,-1,-1,-1,-1,-1
6iap_1,-1,-1,-1,-1,-1,-1
6jhq_0,-1,-1,-1,-1,-1,-1
6jhr_0,-1,-1,-1,-1,-1,-1
6jhs_0,-1,-1,-1,-1,-1,-1
6jht_0,-1,-1,-1,-1,-1,-1
6qv1_0,-1,-1,-1,-1,-1,-1
6qv2_1,-1,-1,-1,-1,-1,-1
3k74_0,-1,-1,-1,-1,-1,-1
4eig_0,-1,-1,-1,-1,-1,-1
4eiz_1,-1,-1,-1,-1,-1,-1
4ej1_1,-1,-1,-1,-1,-1,-1
4fhb_0,-1,-1,-1,-1,-1,-1
4i13_0,-1,-1,-1,-1,-1,-1
4i1n_0,-1,-1,-1,-1,-1,-1
6wzt_0,-1,-1,-1,-1,-1,-1
7ce2_0,-1,-1,-1,-1,-1,-1
4x7d_1,-1,-1,-1,-1,-1,-1
6ewb_1,-1,-1,-1,-1,-1,-1
7jie_1,-1,-1,-1,-1,-1,-1
8en4_1,-1,-1,-1,-1,-1,-1
8vkx_0,-1,-1,-1,-1,-1,-1
3kj4_0,-1,-1,-1,-1,-1,-1
7xic_1,-1,-1,-1,-1,-1,-1
3gi8_0,-1,-1,-1,-1,-1,-1
6ww5_0,-1,-1,-1,-1,-1,-1
3vg9_0,-1,-1,-1,-1,-1,-1
3vga_0,-1,-1,-1,-1,-1,-1
6tko_0,-1,-1,-1,-1,-1,-1
6a96_0,-1,-1,-1,245,87,-1
9ffn_0,-1,-1,-1,245,87,-1
9ffq_0,-1,-1,-1,245,87,-1
9ffr_0,-1,-1,-1,245,87,-1
9ffs_0,-1,-1,-1,245,87,-1
9ffu_0,-1,-1,-1,245,87,-1
9ffl_0,-1,-1,-1,245,87,-1
9ffm_0,-1,-1,-1,245,87,-1
8zw0_0,-1,-1,-1,-1,-1,-1
9btl_0,-1,-1,-1,-1,-1,-1
9dmt_0,-1,-1,-1,-1,-1,-1
9dru_0,-1,-1,-1,-1,-1,-1
9bjg_0,-1,-1,-1,-1,-1,-1
8tq4_1,-1,-1,-1,-1,-1,-1
8w5d_0,-1,-1,-1,-1,-1,-1
8w5e_0,-1,-1,-1,-1,-1,-1
8w5f_0,-1,-1,-1,-1,-1,-1
8w5g_0,-1,-1,-1,-1,-1,-1
8w5m_0,-1,-1,-1,-1,-1,-1
8w5p_0,-1,-1,-1,-1,-1,-1
8w5q_0,-1,-1,-1,-1,-1,-1
7nxx_0,-1,-1,-1,-1,-1,-1
8k33_0,-1,-1,-1,-1,-1,-1
8k3a_0,-1,-1,-1,-1,-1,-1
8k3l_3,-1,-1,-1,-1,-1,-1
8yaf_0,-1,-1,-1,-1,-1,-1
8yaf_2,-1,-1,-1,-1,-1,-1
8yaf_3,-1,-1,-1,-1,-1,-1
8yaf_4,-1,-1,-1,-1,-1,-1
8yaf_5,-1,-1,-1,-1,-1,-1
8yaf_6,-1,-1,-1,-1,-1,-1
8yaf_7,-1,-1,-1,-1,-1,-1
8yaf_8,-1,-1,-1,-1,-1,-1
8yaf_9,-1,-1,-1,-1,-1,-1
8yat_0,-1,-1,-1,-1,-1,-1
8yat_2,-1,-1,-1,-1,-1,-1
8yat_3,-1,-1,-1,-1,-1,-1
8yat_4,-1,-1,-1,-1,-1,-1
8yat_5,-1,-1,-1,-1,-1,-1
8yat_6,-1,-1,-1,-1,-1,-1
8yat_7,-1,-1,-1,-1,-1,-1
8yat_8,-1,-1,-1,-1,-1,-1
8yat_9,-1,-1,-1,-1,-1,-1
6hxw_1,-1,-1,-1,-1,-1,-1
8znz_0,-1,-1,-1,-1,-1,-1
8znz_1,-1,-1,-1,-1,-1,-1
8znz_2,-1,-1,-1,-1,-1,-1
8znz_3,-1,-1,-1,-1,-1,-1
9ljj_0,-1,-1,-1,-1,-1,-1
8yxi_0,-1,-1,-1,-1,-1,-1
8zhq_0,-1,-1,-1,-1,-1,-1
8zhq_1,-1,-1,-1,-1,-1,-1
5u1f_0,-1,-1,-1,-1,-1,-1
8fk5_0,-1,-1,-1,-1,-1,-1
8flw_0,-1,-1,-1,-1,-1,-1
9d3d_0,-1,-1,-1,-1,-1,-1
9ekf_2,-1,-1,-1,-1,-1,-1
8wyj_0,-1,-1,-1,-1,-1,-1
8wyj_1,-1,-1,-1,-1,-1,-1
8wyj_2,-1,-1,-1,-1,-1,-1
8wyj_3,-1,-1,-1,-1,-1,-1
8wyj_4,-1,-1,-1,-1,-1,-1
8wyj_5,-1,-1,-1,-1,-1,-1
9fww_0,-1,-1,-1,-1,-1,-1
8v5s_0,-1,-1,-1,-1,-1,-1
9ato_1,-1,-1,-1,-1,-1,-1
8jxr_1,-1,-1,-1,-1,-1,-1
8jxs_1,-1,-1,-1,-1,-1,-1
9ber_1,-1,-1,-1,-1,-1,-1
8pmx_0,-1,-1,-1,-1,-1,-1
8txp_0,228,-1,-1,246,-1,-1
8txm_0,228,-1,-1,246,-1,-1
8jmm_2,-1,-1,-1,-1,-1,-1
8jmm_0,-1,-1,-1,-1,-1,-1
8jmm_3,-1,-1,-1,-1,-1,-1
8jmm_4,-1,-1,-1,-1,-1,-1
8jmm_5,-1,-1,-1,-1,-1,-1
8jmm_6,-1,-1,-1,-1,-1,-1
8jmm_7,-1,-1,-1,-1,-1,-1
8jmm_8,-1,-1,-1,-1,-1,-1
8jmm_9,-1,-1,-1,-1,-1,-1
8qz2_0,-1,-1,-1,-1,-1,-1
8qz3_2,-1,-1,-1,-1,-1,-1
8f92_5,-1,-1,-1,-1,-1,-1
8f92_1,-1,-1,-1,-1,-1,-1
8f92_3,-1,-1,-1,-1,-1,-1
6xgc_2,-1,-1,-1,-1,-1,-1
8ut4_0,229,81,-1,247,88,-1
8ut5_0,229,81,-1,247,88,-1
8y6i_0,-1,-1,-1,-1,-1,-1
8gkl_0,-1,-1,-1,-1,-1,-1
8g70_1,-1,-1,-1,-1,-1,-1
8g70_2,-1,-1,-1,-1,-1,-1
8g70_3,-1,-1,-1,-1,-1,-1
8g70_4,-1,-1,-1,-1,-1,-1
8g70_6,-1,-1,-1,-1,-1,-1
8g70_8,-1,-1,-1,-1,-1,-1
8g76_1,-1,-1,-1,-1,-1,-1
8g77_0,-1,-1,-1,-1,-1,-1
8hpq_0,-1,-1,-1,-1,-1,-1
8hpq_1,-1,-1,-1,-1,-1,-1
8hpq_2,-1,-1,-1,-1,-1,-1
8hpq_3,-1,-1,-1,-1,-1,-1
8hpq_4,-1,-1,-1,-1,-1,-1
8hpq_5,-1,-1,-1,-1,-1,-1
8i4f_0,-1,-1,-1,-1,-1,-1
8d50_1,-1,-1,-1,-1,-1,-1
8j5j_0,-1,-1,-1,-1,-1,-1
7zox_0,-1,-1,-1,-1,-1,-1
7zox_1,-1,-1,-1,-1,-1,-1
8s9g_0,-1,-1,-1,-1,-1,-1
8j7u_1,-1,-1,-1,-1,-1,-1
8j7y_0,-1,-1,-1,-1,-1,-1
6dzt_1,-1,-1,-1,-1,-1,-1
8sr0_0,-1,-1,-1,-1,-1,-1
8dzw_1,-1,-1,-1,-1,-1,-1
8b1h_0,-1,-1,-1,-1,-1,-1
8b1i_0,-1,-1,-1,-1,-1,-1
8b1j_0,-1,-1,-1,-1,-1,-1
8b1k_0,-1,-1,-1,-1,-1,-1
8b17_0,-1,-1,-1,-1,-1,-1
8b18_0,-1,-1,-1,-1,-1,-1
8b19_0,-1,-1,-1,-1,-1,-1
8b1a_0,-1,-1,-1,-1,-1,-1
8b1b_0,-1,-1,-1,-1,-1,-1
8b1c_0,-1,-1,-1,-1,-1,-1
8b1d_0,-1,-1,-1,-1,-1,-1
8b1e_0,-1,-1,-1,-1,-1,-1
8b1f_0,-1,-1,-1,-1,-1,-1
8b1g_0,-1,-1,-1,-1,-1,-1
6mb3_0,-1,-1,-1,-1,-1,-1
6mb3_1,-1,-1,-1,-1,-1,-1
6mb3_2,-1,-1,-1,-1,-1,-1
6mb3_3,-1,-1,-1,-1,-1,-1
6mb3_4,-1,-1,-1,-1,-1,-1
6mb3_5,-1,-1,-1,-1,-1,-1
6mb3_6,-1,-1,-1,-1,-1,-1
6mb3_7,-1,-1,-1,-1,-1,-1
6mb3_8,-1,-1,-1,-1,-1,-1
6mhg_0,-1,-1,-1,-1,-1,-1
6mhg_2,-1,-1,-1,-1,-1,-1
6mhg_3,-1,-1,-1,-1,-1,-1
6mhg_4,-1,-1,-1,-1,-1,-1
6mhg_5,-1,-1,-1,-1,-1,-1
6mhg_6,-1,-1,-1,-1,-1,-1
6mhg_7,-1,-1,-1,-1,-1,-1
6mhg_8,-1,-1,-1,-1,-1,-1
6mhg_9,-1,-1,-1,-1,-1,-1
8dyw_0,-1,-1,-1,-1,-1,-1
8dyw_1,-1,-1,-1,-1,-1,-1
8dyw_2,-1,-1,-1,-1,-1,-1
8dyw_3,-1,-1,-1,-1,-1,-1
8dyw_4,-1,-1,-1,-1,-1,-1
8dyw_5,-1,-1,-1,-1,-1,-1
8dyw_6,-1,-1,-1,-1,-1,-1
8dyw_7,-1,-1,-1,-1,-1,-1
8dyw_8,-1,-1,-1,-1,-1,-1
8dyw_9,-1,-1,-1,-1,-1,-1
8dyx_0,-1,-1,-1,-1,-1,-1
8dyx_2,-1,-1,-1,-1,-1,-1
8dyx_3,-1,-1,-1,-1,-1,-1
8dyx_4,-1,-1,-1,-1,-1,-1
8dyx_5,-1,-1,-1,-1,-1,-1
8dyx_6,-1,-1,-1,-1,-1,-1
8dyx_7,-1,-1,-1,-1,-1,-1
8dyx_8,-1,-1,-1,-1,-1,-1
8dyx_9,-1,-1,-1,-1,-1,-1
8dyy_0,-1,-1,-1,-1,-1,-1
8dyy_1,-1,-1,-1,-1,-1,-1
8dyy_2,-1,-1,-1,-1,-1,-1
8dyy_3,-1,-1,-1,-1,-1,-1
8dyy_4,-1,-1,-1,-1,-1,-1
8dyy_5,-1,-1,-1,-1,-1,-1
8dyy_6,-1,-1,-1,-1,-1,-1
8dyy_7,-1,-1,-1,-1,-1,-1
8dyy_8,-1,-1,-1,-1,-1,-1
8dz3_0,-1,-1,-1,-1,-1,-1
8dz3_1,-1,-1,-1,-1,-1,-1
8dz3_2,-1,-1,-1,-1,-1,-1
8dz3_3,-1,-1,-1,-1,-1,-1
8dz3_4,-1,-1,-1,-1,-1,-1
8dz3_5,-1,-1,-1,-1,-1,-1
8dz3_6,-1,-1,-1,-1,-1,-1
8dz4_0,-1,-1,-1,-1,-1,-1
8dz4_2,-1,-1,-1,-1,-1,-1
8dz4_3,-1,-1,-1,-1,-1,-1
8dz4_4,-1,-1,-1,-1,-1,-1
8dz4_5,-1,-1,-1,-1,-1,-1
8dz4_6,-1,-1,-1,-1,-1,-1
8dz4_7,-1,-1,-1,-1,-1,-1
8dz4_8,-1,-1,-1,-1,-1,-1
8dz4_9,-1,-1,-1,-1,-1,-1
8d0y_0,-1,-1,-1,-1,-1,-1
7y58_0,-1,-1,-1,-1,-1,-1
7y58_1,-1,-1,-1,-1,-1,-1
8cim_0,-1,-1,-1,-1,-1,-1
7yve_1,-1,-1,-1,-1,-1,-1
7yvg_2,-1,-1,-1,-1,-1,-1
7yvi_0,-1,-1,-1,-1,-1,-1
7yvk_2,-1,-1,-1,-1,-1,-1
7yvn_0,-1,-1,-1,-1,-1,-1
7yvn_1,-1,-1,-1,-1,-1,-1
7yvn_2,-1,-1,-1,-1,-1,-1
7yvo_0,-1,-1,-1,-1,-1,-1
7yvo_1,-1,-1,-1,-1,-1,-1
7yvo_2,-1,-1,-1,-1,-1,-1
7yvo_3,-1,-1,-1,-1,-1,-1
7yvp_0,-1,-1,-1,-1,-1,-1
7yvp_1,-1,-1,-1,-1,-1,-1
7yvp_2,-1,-1,-1,-1,-1,-1
7yvp_3,-1,-1,-1,-1,-1,-1
7yvp_4,-1,-1,-1,-1,-1,-1
8gou_0,-1,-1,-1,-1,-1,-1
8da0_0,-1,-1,-1,-1,-1,-1
8fl1_0,-1,-1,-1,-1,-1,-1
8a94_0,-1,-1,-1,-1,-1,-1
8a99_0,-1,-1,-1,-1,-1,-1
8itu_1,-1,-1,-1,-1,-1,-1
8h00_1,-1,-1,-1,-1,-1,-1
8h01_1,-1,-1,-1,-1,-1,-1
7rkn_0,-1,-1,-1,248,-1,-1
7yon_0,230,-1,-1,248,-1,-1
8xbe_0,230,-1,-1,248,-1,-1
8xbh_0,230,-1,-1,248,-1,-1
7ru6_0,-1,-1,-1,-1,-1,-1
7rug_0,-1,-1,-1,-1,-1,-1
7x8p_0,-1,-1,-1,-1,-1,-1
7wvd_1,-1,-1,-1,-1,-1,-1
8gv6_1,-1,-1,-1,-1,-1,-1
7zlg_0,-1,-1,-1,-1,-1,-1
7zlh_0,-1,-1,-1,-1,-1,-1
7zli_0,-1,-1,-1,-1,-1,-1
7zlj_0,-1,-1,-1,-1,-1,-1
8dam_0,-1,-1,-1,-1,-1,-1
8dam_1,-1,-1,-1,-1,-1,-1
7uz6_0,-1,-1,-1,-1,-1,-1
7my3_1,-1,-1,-1,-1,-1,-1
2vwe_0,-1,-1,-1,-1,-1,-1
6rcv_2,-1,-1,-1,-1,-1,-1
6rcv_3,-1,-1,-1,-1,-1,-1
7tet_1,-1,-1,-1,-1,-1,-1
5o8f_0,-1,-1,-1,-1,-1,-1
5ojm_4,-1,-1,-1,-1,-1,-1
7k7y_1,-1,-1,-1,-1,-1,-1
7sp6_0,-1,-1,-1,-1,-1,-1
7sp6_1,-1,-1,-1,-1,-1,-1
4o02_0,-1,-1,-1,-1,-1,-1
3vrl_0,-1,-1,-1,-1,-1,-1
4dag_0,-1,-1,-1,-1,-1,-1
6qpg_1,-1,-1,-1,-1,-1,-1
6y6c_1,-1,-1,-1,-1,-1,-1
6ymq_0,-1,-1,-1,-1,-1,-1
6yye_0,-1,-1,-1,-1,-1,-1
6p62_2,-1,-1,-1,-1,-1,-1
3u9u_0,-1,-1,-1,-1,-1,-1
7ws3_1,-1,-1,-1,-1,-1,-1
3lhp_0,-1,-1,-1,-1,-1,-1
7q3q_0,-1,-1,-1,-1,-1,-1
7q3r_0,-1,-1,-1,-1,-1,-1
7q3r_1,-1,-1,-1,-1,-1,-1
7qez_0,-1,-1,-1,-1,-1,-1
7qez_1,-1,-1,-1,-1,-1,-1
7qf0_0,-1,-1,-1,-1,-1,-1
7qf1_0,-1,-1,-1,-1,-1,-1
8qh0_0,-1,-1,-1,-1,-1,-1
6mco_0,-1,-1,-1,-1,-1,-1
6qex_0,-1,-1,-1,-1,-1,-1
7nvl_1,-1,-1,-1,-1,-1,-1
7nvm_0,-1,-1,-1,-1,-1,-1
7nvn_0,-1,-1,-1,-1,-1,-1
7k9h_0,-1,-1,-1,-1,-1,-1
7kbb_1,-1,-1,-1,-1,-1,-1
7kf9_0,-1,-1,-1,-1,-1,-1
6mid_0,-1,-1,-1,-1,-1,-1
7cbp_0,-1,-1,-1,-1,-1,-1
7kcr_0,-1,-1,-1,-1,-1,-1
8cxg_1,-1,-1,-1,-1,-1,-1
8cxh_1,-1,-1,-1,-1,-1,-1
8cxi_1,-1,-1,-1,-1,-1,-1
3jwd_1,-1,-1,-1,-1,-1,-1
6dcq_1,-1,-1,-1,-1,-1,-1
1fe8_0,-1,-1,-1,-1,-1,-1
2adf_0,-1,-1,-1,-1,-1,-1
7jgj_0,-1,-1,-1,-1,-1,-1
5bop_0,-1,-1,-1,-1,-1,-1
7e7x_0,-1,-1,-1,-1,-1,-1
7q9k_1,-1,-1,-1,-1,-1,-1
4c58_0,-1,-1,-1,-1,-1,-1
6umg_0,-1,-1,-1,-1,-1,-1
6kn9_0,-1,-1,-1,-1,-1,-1
3tyg_0,-1,-1,-1,-1,-1,-1
5tpw_0,-1,-1,-1,-1,-1,-1
7c2l_1,-1,-1,-1,-1,-1,-1
6pdx_2,-1,-1,-1,-1,-1,-1
6vlr_1,-1,-1,-1,-1,-1,-1
8ttw_0,-1,-1,-1,-1,-1,-1
8ttw_1,-1,-1,-1,-1,-1,-1
8ttw_2,-1,-1,-1,-1,-1,-1
3sdy_0,-1,-1,-1,-1,-1,-1
4fqr_0,231,-1,-1,249,-1,-1
4fp8_1,231,-1,-1,249,-1,-1
5umn_0,231,-1,-1,249,-1,-1
6d0u_2,-1,-1,-1,-1,-1,-1
6ocb_0,-1,-1,-1,-1,-1,-1
7ym8_0,-1,-1,-1,-1,-1,-1
7ymh_0,-1,-1,-1,-1,-1,-1
8as3_0,-1,-1,-1,-1,-1,-1
8iw1_0,-1,-1,-1,-1,-1,-1
8g85_2,-1,-1,-1,-1,-1,-1
7yit_0,-1,-1,-1,-1,-1,-1
8hsc_1,-1,-1,-1,-1,-1,-1
7ufw_1,-1,-1,-1,-1,-1,-1
7ust_0,-1,-1,-1,-1,-1,-1
8h3x_0,-1,-1,-1,-1,-1,-1
8h3y_0,-1,-1,-1,-1,-1,-1
8weo_1,-1,-1,-1,-1,-1,-1
7eak_0,-1,-1,-1,-1,-1,-1
8gsd_0,-1,-1,-1,-1,-1,-1
7xmz_1,-1,-1,-1,-1,-1,-1
7s1b_1,-1,-1,-1,-1,-1,-1
7wbh_0,-1,-1,-1,-1,-1,-1
8dfl_0,-1,-1,-1,-1,-1,-1
7ssz_0,-1,-1,-1,-1,-1,-1
7xqv_0,-1,-1,-1,-1,-1,-1
5cjs_1,-1,-1,-1,-1,-1,-1
7dc8_0,-1,-1,-1,-1,-1,-1
8iow_0,-1,-1,-1,-1,-1,-1
6xsk_0,-1,-1,-1,-1,-1,-1
4qhu_1,-1,-1,-1,-1,-1,-1
6j11_2,-1,-1,-1,-1,-1,-1
6pz8_1,-1,-1,-1,-1,-1,-1
7e8c_1,-1,-1,-1,-1,-1,-1
7e8c_6,-1,-1,-1,-1,-1,-1
7e8c_7,-1,-1,-1,-1,-1,-1
7ter_0,-1,-1,-1,-1,-1,-1
7q9p_1,-1,-1,-1,-1,-1,-1
4m3k_0,-1,-1,-1,-1,-1,-1
4n1h_0,-1,-1,-1,-1,-1,-1
5lwf_1,-1,-1,-1,-1,-1,-1
1ob1_0,-1,-1,-1,-1,-1,-1
6xqw_0,-1,-1,-1,-1,-1,-1
4jan_1,-1,-1,-1,-1,-1,-1
7l0n_0,-1,-1,-1,-1,-1,-1
7l0n_1,232,-1,-1,250,-1,-1
7l0n_2,232,-1,-1,250,-1,-1
7l0n_3,-1,-1,-1,-1,-1,-1
7rxd_0,-1,-1,-1,-1,-1,-1
7rxc_0,-1,-1,-1,-1,-1,-1
4f2m_0,-1,-1,-1,-1,-1,-1
5w08_3,-1,-1,-1,-1,-1,-1
6e4x_0,-1,-1,-1,-1,-1,-1
6xpq_0,-1,-1,-1,-1,-1,-1
6xpr_0,-1,-1,-1,-1,-1,-1
6xpy_0,-1,-1,-1,-1,-1,-1
6xq2_1,-1,-1,-1,-1,-1,-1
7t4s_0,-1,-1,-1,-1,-1,-1
1tpx_0,-1,-1,-1,-1,-1,-1
5esv_0,-1,-1,-1,-1,-1,-1
4xwg_0,-1,-1,-1,-1,-1,-1
5vaq_0,-1,-1,-1,-1,-1,-1
6lbh_1,-1,-1,-1,-1,-1,-1
5cjo_0,-1,-1,-1,-1,-1,-1
6hhu_0,-1,-1,-1,-1,-1,-1
6hhu_1,-1,-1,-1,-1,-1,-1
8rwf_2,-1,-1,-1,-1,-1,-1
4y5y_0,-1,-1,-1,-1,-1,-1
4dvr_0,-1,-1,-1,-1,-1,-1
4r4f_0,-1,-1,-1,-1,-1,-1
4rwy_0,-1,-1,-1,-1,-1,-1
6qgw_0,-1,-1,-1,-1,-1,-1
6xzu_0,-1,-1,-1,-1,-1,-1
6bkc_0,-1,-1,-1,-1,-1,-1
3w14_0,-1,-1,-1,-1,-1,-1
8ykd_0,-1,-1,-1,-1,-1,-1
9r2e_1,-1,-1,-1,-1,-1,-1
9dms_0,-1,-1,-1,-1,-1,-1
9dmv_0,-1,-1,-1,-1,-1,-1
9dpc_0,-1,-1,-1,-1,-1,-1
9j7y_0,-1,-1,-1,-1,-1,-1
9cn2_0,-1,-1,-1,-1,-1,-1
9f6o_0,-1,-1,-1,-1,-1,-1
9fkd_0,-1,-1,-1,-1,-1,-1
8v5p_0,-1,-1,-1,-1,-1,-1
8ug9_0,-1,-1,-1,-1,-1,-1
8q3j_0,-1,-1,-1,-1,-1,-1
8pmz_0,-1,-1,-1,-1,-1,-1
8pn0_1,-1,-1,-1,-1,-1,-1
8v2e_0,-1,-1,-1,-1,-1,-1
8qz1_0,-1,-1,-1,-1,-1,-1
4kvn_0,-1,-1,-1,-1,-1,-1
8ut3_0,-1,-1,-1,-1,-1,-1
8uwa_0,-1,-1,-1,-1,-1,-1
8y6h_0,-1,-1,-1,-1,-1,-1
8rqf_0,-1,-1,-1,-1,-1,-1
7vyt_0,-1,-1,-1,-1,-1,-1
8jel_1,-1,-1,-1,-1,-1,-1
8jen_0,-1,-1,-1,-1,-1,-1
8jeo_0,-1,-1,-1,-1,-1,-1
8vtd_0,-1,-1,-1,-1,-1,-1
8vte_1,-1,-1,-1,-1,-1,-1
8t3q_0,-1,-1,-1,-1,-1,-1
8t3s_0,-1,-1,-1,-1,-1,-1
8d50_0,-1,-1,-1,-1,-1,-1
8j1v_0,-1,-1,-1,-1,-1,-1
8yrp_0,-1,-1,-1,-1,-1,-1
8tth_0,-1,-1,-1,-1,-1,-1
8oud_0,-1,-1,-1,-1,-1,-1
8w9j_0,-1,-1,-1,-1,-1,-1
8tp2_0,-1,-1,-1,-1,-1,-1
8tp4_0,-1,-1,-1,-1,-1,-1
8tp6_0,-1,-1,-1,-1,-1,-1
8tp7_0,-1,-1,-1,-1,-1,-1
8tp9_2,-1,-1,-1,-1,-1,-1
7yub_0,-1,-1,-1,-1,-1,-1
8qv5_0,233,-1,-1,251,-1,-1
8qv6_0,233,-1,-1,251,-1,-1
8rl7_0,233,-1,-1,251,-1,-1
8rlc_1,-1,-1,-1,-1,-1,-1
8afl_1,-1,-1,-1,-1,-1,-1
8afm_1,-1,-1,-1,-1,-1,-1
8aia_0,-1,-1,-1,-1,-1,-1
8aia_2,-1,-1,-1,-1,-1,-1
8aix_0,-1,-1,-1,-1,-1,-1
8aix_2,-1,-1,-1,-1,-1,-1
8aix_4,-1,-1,-1,-1,-1,-1
8aix_6,-1,-1,-1,-1,-1,-1
7tcn_1,-1,-1,-1,-1,-1,-1
7t9t_0,-1,-1,-1,-1,-1,-1
8d0z_0,-1,-1,-1,-1,-1,-1
8dt8_1,-1,-1,-1,-1,-1,-1
8idn_0,-1,-1,-1,-1,-1,-1
8hj5_0,-1,-1,-1,-1,-1,-1
8dn7_1,-1,-1,-1,-1,-1,-1
8dzr_0,-1,-1,-1,-1,-1,-1
8sav_0,-1,-1,-1,-1,-1,-1
7ty0_0,-1,-1,-1,-1,-1,-1
8k0d_0,-1,-1,-1,-1,-1,-1
8xpy_0,-1,-1,-1,-1,-1,-1
8dl6_0,-1,-1,-1,-1,-1,-1
8e0e_0,-1,-1,-1,-1,-1,-1
7wch_1,-1,-1,-1,-1,-1,-1
7wcp_1,-1,-1,-1,-1,-1,-1
7wtf_0,-1,-1,-1,-1,-1,-1
7wtk_2,-1,-1,-1,-1,-1,-1
7sr3_0,-1,-1,-1,-1,-1,-1
8cz5_0,-1,-1,-1,-1,-1,-1
7w7e_0,234,-1,-1,252,-1,-1
7ej0_0,234,-1,-1,252,-1,-1
7srs_0,-1,-1,-1,-1,-1,-1
6o2b_2,235,-1,-1,253,-1,-1
6o2b_3,235,-1,-1,253,-1,-1
6nc2_1,-1,-1,-1,-1,-1,-1
5nh3_1,-1,-1,-1,-1,-1,-1
6oz6_2,-1,-1,-1,-1,-1,-1
4jhw_0,-1,-1,-1,-1,-1,-1
9bge_2,-1,-1,-1,-1,-1,-1
8vvk_1,-1,-1,-1,-1,-1,-1
8xqp_0,-1,-1,-1,-1,-1,-1
8rmm_2,-1,-1,-1,-1,-1,-1
8rmm_3,-1,-1,-1,-1,-1,-1
8rmm_4,-1,-1,-1,-1,-1,-1
8rmm_5,-1,-1,-1,-1,-1,-1
8rmm_6,-1,-1,-1,-1,-1,-1
8rmm_7,-1,-1,-1,-1,-1,-1
8rmm_9,-1,-1,-1,-1,-1,-1
8owv_0,-1,-1,-1,-1,-1,-1
8owv_1,-1,-1,-1,-1,-1,-1
8smm_0,-1,-1,-1,-1,-1,-1
8ssz_1,-1,-1,-1,-1,-1,-1
8st0_1,-1,-1,-1,-1,-1,-1
8i5l_1,-1,-1,-1,-1,-1,-1
8jg5_0,-1,-1,-1,-1,-1,-1
8bw0_0,-1,-1,-1,-1,-1,-1
8jh7_0,-1,-1,-1,-1,-1,-1
8eyh_0,-1,-1,-1,-1,-1,-1
8f4p_0,-1,-1,-1,-1,-1,-1
7yfc_0,-1,-1,-1,-1,-1,-1
7yfd_0,-1,-1,-1,-1,-1,-1
8oxv_0,-1,-1,-1,-1,-1,-1
8oxx_0,-1,-1,-1,-1,-1,-1
8rmx_0,-1,-1,-1,-1,-1,-1
8rmy_0,-1,-1,-1,-1,-1,-1
8t05_0,-1,-1,-1,-1,-1,-1
8c5h_0,-1,-1,-1,-1,-1,-1
8dok_1,-1,-1,-1,-1,-1,-1
8dok_4,-1,-1,-1,-1,-1,-1
8dok_5,-1,-1,-1,-1,-1,-1
8eeu_0,-1,-1,-1,-1,-1,-1
8deq_0,-1,-1,-1,-1,-1,-1
8iys_0,-1,-1,-1,-1,-1,-1
8dis_0,-1,-1,-1,-1,-1,-1
7quh_0,-1,-1,-1,-1,-1,-1
8h07_4,-1,-1,-1,-1,-1,-1
8h07_5,-1,-1,-1,-1,-1,-1
7z2m_3,-1,-1,-1,-1,-1,-1
8hhz_0,-1,-1,-1,-1,-1,-1
7t82_0,-1,-1,-1,-1,-1,-1
5hhv_0,-1,-1,-1,-1,-1,-1
8b7w_0,-1,-1,-1,-1,-1,-1
7uby_1,-1,-1,-1,-1,-1,-1
8efb_0,-1,-1,-1,254,89,-1
8f7w_0,-1,-1,-1,254,89,-1
7wz7_0,236,-1,-1,254,89,-1
7x10_0,236,-1,-1,254,89,-1
7w71_0,-1,-1,-1,-1,-1,-1
7y7m_0,-1,-1,-1,-1,-1,-1
7yrf_0,-1,-1,-1,-1,-1,-1
7orb_0,-1,-1,-1,-1,-1,-1
7orb_2,-1,-1,-1,-1,-1,-1
7orb_1,-1,-1,-1,-1,-1,-1
7orb_3,-1,-1,-1,-1,-1,-1
8dly_0,-1,-1,-1,-1,-1,-1
7uzb_0,-1,-1,-1,-1,-1,-1
7zbu_0,-1,-1,-1,-1,-1,-1
8cxn_0,-1,-1,-1,-1,-1,-1
8cxq_0,-1,-1,-1,-1,-1,-1
8cy6_0,-1,-1,-1,-1,-1,-1
8cy9_0,-1,-1,-1,-1,-1,-1
8cya_1,-1,-1,-1,-1,-1,-1
8cyb_0,-1,-1,-1,-1,-1,-1
8cyd_2,-1,-1,-1,-1,-1,-1
5mhr_3,-1,-1,-1,-1,-1,-1
5ip4_1,-1,-1,-1,-1,-1,-1
1ezv_0,-1,-1,-1,-1,-1,-1
1kyo_0,-1,-1,-1,-1,-1,-1
4pd4_0,-1,-1,-1,-1,-1,-1
2ibz_0,-1,-1,-1,-1,-1,-1
3cx5_1,-1,-1,-1,-1,-1,-1
1p84_0,-1,-1,-1,-1,-1,-1
1kb9_0,-1,-1,-1,-1,-1,-1
3cxh_1,-1,-1,-1,-1,-1,-1
2vh5_0,237,-1,-1,255,-1,-1
2uzi_0,237,-1,-1,255,-1,-1
5van_0,-1,-1,-1,-1,-1,-1
6pci_0,-1,-1,-1,-1,-1,-1
6pci_1,-1,-1,-1,-1,-1,-1
6pci_2,-1,-1,-1,-1,-1,-1
6pci_3,-1,-1,-1,-1,-1,-1
6pci_4,-1,-1,-1,-1,-1,-1
6pci_5,-1,-1,-1,-1,-1,-1
4dw2_0,-1,-1,-1,-1,-1,-1
5hgg_0,-1,-1,-1,-1,-1,-1
4g80_0,-1,-1,-1,-1,-1,-1
4h8w_0,-1,-1,-1,-1,-1,-1
4jpw_0,-1,-1,-1,-1,-1,-1
4rfn_0,-1,-1,-1,-1,-1,-1
4rfo_0,-1,-1,-1,-1,-1,-1
5w4l_0,238,-1,-1,256,-1,-1
5w4l_1,238,-1,-1,256,-1,-1
5w4l_2,-1,-1,-1,-1,-1,-1
5w4l_3,-1,-1,-1,-1,-1,-1
5wb9_0,-1,-1,-1,-1,-1,-1
6bck_0,-1,-1,-1,-1,-1,-1
6mfp_0,-1,-1,-1,-1,-1,-1
6mg7_0,-1,-1,-1,-1,-1,-1
6ofi_0,-1,-1,-1,-1,-1,-1
6oz2_0,-1,-1,-1,-1,-1,-1
7n8q_0,-1,-1,-1,-1,-1,-1
7sx6_1,-1,-1,-1,-1,-1,-1
7sx7_1,-1,-1,-1,-1,-1,-1
6k5d_1,-1,-1,-1,-1,-1,-1
6adb_0,-1,-1,-1,-1,-1,-1
5u68_1,-1,-1,-1,-1,-1,-1
6vc9_0,-1,-1,-1,-1,-1,-1
6vca_0,-1,-1,-1,-1,-1,-1
6muf_0,-1,-1,-1,-1,-1,-1
6mug_0,-1,-1,-1,-1,-1,-1
7nmu_0,-1,-1,-1,-1,-1,-1
5cez_0,-1,-1,-1,-1,-1,-1
6crq_1,-1,-1,-1,-1,-1,-1
6mu8_1,239,-1,-1,257,-1,-1
6mu6_0,239,-1,-1,257,-1,-1
6mu7_0,239,-1,-1,257,-1,-1
6mtj_1,239,-1,-1,257,-1,-1
6mtn_0,239,-1,-1,257,-1,-1
6nm6_1,239,-1,-1,257,-1,-1
6nm6_2,-1,-1,-1,-1,-1,-1
6nnf_0,-1,-1,-1,-1,-1,-1
6nnf_2,-1,-1,-1,-1,-1,-1
6nnj_0,-1,-1,-1,-1,-1,-1
6nnj_1,-1,-1,-1,-1,-1,-1
8dp1_1,-1,-1,-1,-1,-1,-1
7ocy_0,-1,-1,-1,-1,-1,-1
6x04_4,-1,-1,-1,-1,-1,-1
3p11_0,-1,-1,-1,-1,-1,-1
4leo_0,-1,-1,-1,-1,-1,-1
7d85_0,-1,-1,-1,-1,-1,-1
6ad7_0,-1,-1,-1,-1,-1,-1
6ada_0,-1,-1,-1,-1,-1,-1
6ad8_0,-1,-1,-1,-1,-1,-1
1ott_0,-1,-1,-1,-1,-1,-1
2h2s_1,-1,-1,-1,-1,-1,-1
4kkc_0,-1,-1,-1,-1,-1,-1
6adc_1,-1,-1,-1,-1,-1,-1
4kk9_1,-1,-1,-1,-1,-1,-1
4fg6_1,-1,-1,-1,-1,-1,-1
4kkl_0,-1,-1,-1,-1,-1,-1
4kka_0,-1,-1,-1,-1,-1,-1
4kkb_1,-1,-1,-1,-1,-1,-1
4xmm_0,-1,-1,-1,-1,-1,-1
6fyt_0,-1,-1,-1,-1,-1,-1
6oc3_1,-1,-1,-1,-1,-1,-1
6wiz_0,-1,-1,-1,-1,-1,-1
8u44_0,-1,-1,-1,-1,-1,-1
7sg4_0,-1,-1,-1,-1,-1,-1
7whj_2,-1,-1,-1,-1,-1,-1
8jva_0,-1,-1,-1,-1,-1,-1
8jva_1,-1,-1,-1,-1,-1,-1
5any_1,-1,-1,-1,-1,-1,-1
7l1v_1,-1,-1,-1,-1,-1,-1
7tyf_0,-1,-1,-1,-1,-1,-1
9bue_0,-1,-1,-1,-1,-1,-1
7tyl_0,-1,-1,-1,-1,-1,-1
7tyo_0,-1,-1,-1,-1,-1,-1
9blb_0,-1,-1,-1,-1,-1,-1
9blc_0,-1,-1,-1,-1,-1,-1
9blw_0,-1,-1,-1,-1,-1,-1
7kqb_1,-1,-1,-1,-1,-1,-1
7cqc_0,-1,-1,-1,-1,-1,-1
8ipc_0,-1,-1,-1,-1,-1,-1
5j3d_1,-1,-1,-1,-1,-1,-1
5v7j_1,-1,-1,-1,-1,-1,-1
7wk9_0,-1,-1,-1,-1,-1,-1
7wka_1,-1,-1,-1,-1,-1,-1
6aod_0,-1,-1,-1,-1,-1,-1
4wen_0,-1,-1,-1,-1,-1,-1
7ecy_0,-1,-1,-1,-1,-1,-1
6b73_0,-1,-1,-1,-1,-1,-1
6vi4_1,-1,-1,-1,-1,-1,-1
3ngb_2,-1,-1,-1,-1,-1,-1
3se8_0,-1,-1,-1,-1,-1,-1
3se9_0,-1,-1,-1,-1,-1,-1
4jb9_0,-1,-1,-1,-1,-1,-1
4lsp_0,-1,-1,-1,-1,-1,-1
4lsu_0,-1,-1,-1,-1,-1,-1
4olu_0,-1,-1,-1,-1,-1,-1
4olw_0,240,-1,-1,258,-1,-1
4olv_0,240,-1,-1,258,-1,-1
4olx_0,240,-1,-1,258,-1,-1
4oly_0,-1,-1,-1,-1,-1,-1
4olz_0,241,-1,-1,259,-1,-1
4om0_0,241,-1,-1,259,-1,-1
4om1_0,241,-1,-1,259,-1,-1
4s1q_0,-1,-1,-1,-1,-1,-1
4s1r_0,-1,-1,-1,-1,-1,-1
4s1s_0,-1,-1,-1,-1,-1,-1
4xnz_2,-1,-1,-1,-1,-1,-1
4xvt_0,-1,-1,-1,-1,-1,-1
4ydk_0,-1,-1,-1,-1,-1,-1
4ydl_1,-1,-1,-1,-1,-1,-1
4yfl_0,-1,-1,-1,-1,-1,-1
5cd5_0,-1,-1,-1,-1,-1,-1
5f96_0,-1,-1,-1,-1,-1,-1
5f9o_0,-1,-1,-1,-1,-1,-1
5f9w_0,-1,-1,-1,-1,-1,-1
5te6_0,-1,-1,-1,-1,-1,-1
5c3l_0,-1,-1,-1,-1,-1,-1
7lab_2,-1,-1,-1,-1,-1,-1
6rps_1,-1,-1,-1,-1,-1,-1
6wex_0,-1,-1,-1,-1,-1,-1
7qnw_0,-1,-1,-1,-1,-1,-1
7qnw_1,-1,-1,-1,-1,-1,-1
7qtj_0,-1,-1,-1,-1,-1,-1
7qtj_1,-1,-1,-1,-1,-1,-1
7qtk_0,-1,-1,-1,-1,-1,-1
7tc9_0,-1,-1,-1,-1,-1,-1
7tn0_0,-1,-1,-1,-1,-1,-1
7tn0_1,-1,-1,-1,-1,-1,-1
7tn0_2,-1,-1,-1,-1,-1,-1
7tn0_3,-1,-1,-1,-1,-1,-1
7u0d_0,-1,-1,-1,-1,-1,-1
7u0d_1,-1,-1,-1,-1,-1,-1
7we7_0,-1,-1,-1,-1,-1,-1
7we8_0,-1,-1,-1,-1,-1,-1
7we9_0,-1,-1,-1,-1,-1,-1
7wea_0,-1,-1,-1,-1,-1,-1
7web_1,-1,-1,-1,-1,-1,-1
7wec_1,-1,-1,-1,-1,-1,-1
7wee_0,-1,-1,-1,-1,-1,-1
7wi0_0,-1,-1,-1,-1,-1,-1
7wi0_1,-1,-1,-1,-1,-1,-1
7wi0_2,-1,-1,-1,-1,-1,-1
7wk0_0,-1,-1,-1,-1,-1,-1
7wlc_0,-1,-1,-1,-1,-1,-1
7wm0_0,-1,-1,-1,-1,-1,-1
7wog_0,-1,-1,-1,-1,-1,-1
7wop_0,-1,-1,-1,-1,-1,-1
7wop_1,-1,-1,-1,-1,-1,-1
7wp5_0,-1,-1,-1,-1,-1,-1
7wr8_0,-1,-1,-1,-1,-1,-1
7wrj_0,-1,-1,-1,-1,-1,-1
7wrl_0,-1,-1,-1,-1,-1,-1
7wrv_0,-1,-1,-1,-1,-1,-1
7wrz_0,-1,-1,-1,-1,-1,-1
7ws6_0,-1,-1,-1,-1,-1,-1
7wsc_0,-1,-1,-1,-1,-1,-1
7wt9_0,-1,-1,-1,-1,-1,-1
7wtg_0,-1,-1,-1,-1,-1,-1
7wth_0,-1,-1,-1,-1,-1,-1
7wtj_0,-1,-1,-1,-1,-1,-1
7wwk_0,-1,-1,-1,-1,-1,-1
7x1m_0,-1,-1,-1,-1,-1,-1
7x1m_1,-1,-1,-1,-1,-1,-1
7x1m_2,-1,-1,-1,-1,-1,-1
7x66_0,-1,-1,-1,-1,-1,-1
7xck_0,-1,-1,-1,-1,-1,-1
7xcp_0,-1,-1,-1,-1,-1,-1
7xh8_0,-1,-1,-1,-1,-1,-1
7xik_0,-1,-1,-1,-1,-1,-1
7xj9_0,-1,-1,-1,-1,-1,-1
7xj9_1,-1,-1,-1,-1,-1,-1
7xj9_2,-1,-1,-1,-1,-1,-1
7y0c_1,-1,-1,-1,-1,-1,-1
7y0w_0,-1,-1,-1,-1,-1,-1
7y0w_1,-1,-1,-1,-1,-1,-1
7yad_1,-1,-1,-1,-1,-1,-1
7yd1_0,-1,-1,-1,-1,-1,-1
7ykj_0,-1,-1,-1,-1,-1,-1
7yow_1,-1,-1,-1,260,90,-1
7zf3_0,-1,-1,-1,260,90,-1
7zf3_1,-1,-1,-1,-1,-1,-1
7zf4_0,-1,-1,-1,-1,-1,-1
7zf4_1,-1,-1,-1,-1,-1,-1
7zf5_0,-1,-1,-1,-1,-1,-1
7zf5_1,-1,-1,-1,-1,-1,-1
7zf5_2,-1,-1,-1,-1,-1,-1
7zf5_3,-1,-1,-1,-1,-1,-1
7zfa_0,-1,-1,-1,-1,-1,-1
7zfa_1,-1,-1,-1,-1,-1,-1
7zfa_2,-1,-1,-1,-1,-1,-1
7zfa_3,-1,-1,-1,-1,-1,-1
7zfa_4,-1,-1,-1,-1,-1,-1
7zfa_5,-1,-1,-1,-1,-1,-1
7zfa_6,-1,-1,-1,-1,-1,-1
7zfa_7,-1,-1,-1,-1,-1,-1
7zfb_0,-1,-1,-1,-1,-1,-1
7zfb_1,-1,-1,-1,-1,-1,-1
7zfb_2,-1,-1,-1,-1,-1,-1
7zfb_3,-1,-1,-1,-1,-1,-1
7zfb_4,-1,-1,-1,-1,-1,-1
7zfb_5,-1,-1,-1,-1,-1,-1
7zfd_1,-1,-1,-1,-1,-1,-1
7zfe_0,-1,-1,-1,-1,-1,-1
7zfe_1,-1,-1,-1,-1,-1,-1
7zfe_2,-1,-1,-1,-1,-1,-1
7zfe_3,-1,-1,-1,-1,-1,-1
7zfe_4,-1,-1,-1,-1,-1,-1
7zfe_5,-1,-1,-1,-1,-1,-1
7zfe_6,-1,-1,-1,-1,-1,-1
7zfe_7,-1,-1,-1,-1,-1,-1
8c89_0,-1,-1,-1,-1,-1,-1
8erq_0,-1,-1,-1,-1,-1,-1
8gsb_0,-1,-1,-1,-1,-1,-1
8gzz_0,-1,-1,-1,-1,-1,-1
8hc6_0,-1,-1,-1,-1,-1,-1
8hc8_0,-1,-1,-1,-1,-1,-1
8jam_0,-1,-1,-1,-1,-1,-1
8k5g_0,-1,-1,-1,-1,-1,-1
8kep_0,-1,-1,-1,-1,-1,-1
8khd_0,-1,-1,-1,-1,-1,-1
8v4f_0,-1,-1,-1,-1,-1,-1
8vif_0,-1,-1,-1,-1,-1,-1
8vke_1,-1,-1,-1,-1,-1,-1
8wfm_0,-1,-1,-1,-1,-1,-1
8xrq_0,-1,-1,-1,-1,-1,-1
8zyf_1,-1,-1,-1,-1,-1,-1
9fgt_0,-1,-1,-1,261,91,-1
9fgu_0,-1,-1,-1,261,91,-1
9js4_0,-1,-1,-1,-1,-1,-1
8wu1_0,-1,-1,-1,-1,-1,-1
8pyr_0,-1,-1,-1,-1,-1,-1
8xc4_1,-1,-1,-1,-1,-1,-1
8gcp_0,-1,-1,-1,-1,-1,-1
8t7h_0,-1,-1,-1,-1,-1,-1
8szy_0,-1,-1,-1,-1,-1,-1
8szy_1,-1,-1,-1,-1,-1,-1
8szy_2,-1,-1,-1,-1,-1,-1
8szy_3,-1,-1,-1,-1,-1,-1
5lbs_0,-1,-1,-1,-1,-1,-1
8ee8_0,-1,-1,-1,-1,-1,-1
8gh4_0,-1,-1,-1,-1,-1,-1
8f6x_2,-1,-1,-1,-1,-1,-1
8dmj_1,-1,-1,-1,-1,-1,-1
8g8w_0,-1,-1,-1,-1,-1,-1
8g8w_1,-1,-1,-1,-1,-1,-1
8hbv_0,-1,-1,-1,-1,-1,-1
8hbw_0,-1,-1,-1,-1,-1,-1
8j1n_0,-1,-1,-1,-1,-1,-1
9fzq_0,-1,-1,-1,-1,-1,-1
9fzq_1,-1,-1,-1,-1,-1,-1
8czz_3,-1,-1,-1,-1,-1,-1
8g3r_0,-1,-1,-1,-1,-1,-1
8dy5_0,-1,-1,-1,-1,-1,-1
8c7h_0,-1,-1,-1,-1,-1,-1
7ox4_0,-1,-1,-1,-1,-1,-1
8gsc_0,-1,-1,-1,-1,-1,-1
8gse_0,-1,-1,-1,-1,-1,-1
8gsf_1,-1,-1,-1,-1,-1,-1
7st3_5,-1,-1,-1,-1,-1,-1
3o2d_0,-1,-1,-1,-1,-1,-1
4q6i_0,-1,-1,-1,-1,-1,-1
7t0r_0,-1,-1,-1,-1,-1,-1
8d5c_0,-1,-1,-1,-1,-1,-1
8w90_0,-1,-1,-1,-1,-1,-1
7yqz_0,-1,-1,-1,-1,-1,-1
7v6n_0,-1,-1,-1,-1,-1,-1
7vke_0,-1,-1,-1,-1,-1,-1
8byu_0,-1,-1,-1,-1,-1,-1
4lmq_1,-1,-1,-1,-1,-1,-1
7sk4_0,242,-1,-1,262,-1,-1
7sk8_0,242,-1,-1,262,-1,-1
7sk3_0,242,-1,-1,262,-1,-1
7wp0_0,-1,-1,-1,-1,-1,-1
8dcc_0,-1,-1,-1,-1,-1,-1
6hga_0,-1,-1,-1,-1,-1,-1
7vnc_0,-1,-1,-1,-1,-1,-1
7vnd_0,-1,-1,-1,-1,-1,-1
5mi0_0,-1,-1,-1,-1,-1,-1
7r74_1,-1,-1,-1,-1,-1,-1
5x0t_0,-1,-1,-1,-1,-1,-1
7pnq_1,-1,-1,-1,-1,-1,-1
8tzu_0,-1,-1,-1,-1,-1,-1
8tzu_1,-1,-1,-1,-1,-1,-1
8tzu_2,-1,-1,-1,-1,-1,-1
8tzu_4,-1,-1,-1,-1,-1,-1
8tzu_3,-1,-1,-1,-1,-1,-1
7lk4_1,-1,-1,-1,-1,-1,-1
4nhh_0,-1,-1,-1,-1,-1,-1
4yga_3,-1,-1,-1,-1,-1,-1
7ws0_1,-1,-1,-1,-1,-1,-1
7ws1_0,-1,-1,-1,-1,-1,-1
6m2r_0,-1,-1,-1,-1,-1,-1
6de7_1,-1,-1,-1,-1,-1,-1
4nnp_1,-1,-1,-1,-1,-1,-1
5hdq_0,-1,-1,-1,-1,-1,-1
6cse_1,-1,-1,-1,-1,-1,-1
6csf_1,-1,-1,-1,-1,-1,-1
3uze_0,-1,-1,-1,-1,-1,-1
4ala_0,-1,-1,-1,-1,-1,-1
7a3p_1,-1,-1,-1,-1,-1,-1
4okv_1,-1,-1,-1,-1,-1,-1
5fec_1,-1,-1,-1,-1,-1,-1
6ban_0,-1,-1,-1,-1,-1,-1
6ba5_3,-1,-1,-1,-1,-1,-1
7ebz_0,-1,-1,-1,-1,-1,-1
7llk_2,-1,-1,-1,-1,-1,-1
6uyn_0,-1,-1,-1,-1,-1,-1
6nnj_2,-1,-1,-1,-1,-1,-1
7dfc_0,-1,-1,-1,-1,-1,-1
5dfv_0,-1,-1,-1,-1,-1,-1
5dfw_0,-1,-1,-1,-1,-1,-1
6ejg_1,-1,-1,-1,-1,-1,-1
6ek2_0,-1,-1,-1,-1,-1,-1
6gci_0,-1,-1,-1,-1,-1,-1
6oyz_2,-1,-1,-1,-1,-1,-1
8cxr_2,-1,-1,-1,-1,-1,-1
7rnn_0,-1,-1,-1,-1,-1,-1
7s6c_0,-1,-1,-1,-1,-1,-1
7s6d_1,-1,-1,-1,-1,-1,-1
7ul2_0,-1,-1,-1,-1,-1,-1
2h32_0,-1,-1,-1,-1,-1,-1
2h3n_0,-1,-1,-1,-1,-1,-1
7d4g_0,-1,-1,-1,-1,-1,-1
7e8f_2,-1,-1,-1,-1,-1,-1
7ly3_1,-1,-1,-1,-1,-1,-1
7n62_0,-1,-1,-1,-1,-1,-1
7n64_0,-1,-1,-1,-1,-1,-1
9ecz_0,-1,-1,-1,-1,-1,-1
7piu_0,-1,-1,-1,-1,-1,-1
7l58_0,-1,-1,-1,-1,-1,-1
7b09_0,-1,-1,-1,-1,-1,-1
6z06_0,-1,-1,-1,-1,-1,-1
6o9h_0,-1,-1,-1,-1,-1,-1
6o9i_0,-1,-1,-1,-1,-1,-1
6o9i_1,-1,-1,-1,-1,-1,-1
5vcn_0,-1,-1,-1,-1,-1,-1
5vco_0,-1,-1,-1,-1,-1,-1
5vpg_0,-1,-1,-1,-1,-1,-1
5vph_0,-1,-1,-1,-1,-1,-1
6n6b_0,-1,-1,-1,-1,-1,-1
6sv2_0,-1,-1,-1,-1,-1,-1
3grw_0,-1,-1,-1,-1,-1,-1
6oao_1,-1,-1,-1,-1,-1,-1
6r2s_0,-1,-1,-1,-1,-1,-1
8a44_0,-1,-1,-1,-1,-1,-1
5h37_1,-1,-1,-1,-1,-1,-1
5lcv_0,-1,-1,-1,-1,-1,-1
7bu8_1,-1,-1,-1,-1,-1,-1
7bua_0,-1,-1,-1,-1,-1,-1
4xvs_0,-1,-1,-1,-1,-1,-1
5kvd_0,-1,-1,-1,-1,-1,-1
5kve_0,-1,-1,-1,-1,-1,-1
5kvf_0,-1,-1,-1,-1,-1,-1
5kvg_0,-1,-1,-1,-1,-1,-1
5vig_1,-1,-1,-1,-1,-1,-1
6dfi_0,-1,-1,-1,-1,-1,-1
6jep_0,-1,-1,-1,-1,-1,-1
6plk_0,-1,-1,-1,-1,-1,-1
6uta_1,-1,-1,-1,-1,-1,-1
9ml1_3,-1,-1,-1,-1,-1,-1
7yj4_0,-1,-1,-1,-1,-1,-1
9kfi_0,-1,-1,-1,-1,-1,-1
7yk6_0,-1,-1,-1,-1,-1,-1
9kfk_0,-1,-1,-1,-1,-1,-1
7u8m_0,-1,-1,-1,-1,-1,-1
7u8m_2,-1,-1,-1,-1,-1,-1
7u8m_4,-1,-1,-1,-1,-1,-1
9dn2_0,-1,-1,-1,-1,-1,-1
9cjy_2,-1,-1,-1,-1,-1,-1
6mui_1,-1,-1,-1,-1,-1,-1
6mw9_1,-1,-1,-1,-1,-1,-1
6mwc_0,-1,-1,-1,-1,-1,-1
6mwv_3,-1,-1,-1,-1,-1,-1
6mwx_3,-1,-1,-1,-1,-1,-1
8vsv_0,-1,-1,-1,-1,-1,-1
9ay1_0,-1,-1,-1,-1,-1,-1
9lre_0,-1,-1,-1,-1,-1,-1
6u0n_0,-1,-1,-1,-1,-1,-1
9d90_3,-1,-1,-1,-1,-1,-1
9d90_4,-1,-1,-1,-1,-1,-1
9d90_5,-1,-1,-1,-1,-1,-1
9d98_2,-1,-1,-1,-1,-1,-1
9kep_0,-1,-1,-1,-1,-1,-1
7u9g_2,-1,-1,-1,-1,-1,-1
7x6a_2,-1,-1,-1,-1,-1,-1
7zf9_0,-1,-1,-1,-1,-1,-1
7zf8_0,-1,-1,-1,-1,-1,-1
8ekd_0,-1,-1,-1,-1,-1,-1
8gb8_0,-1,-1,-1,-1,-1,-1
8gs9_0,-1,-1,-1,-1,-1,-1
8h7z_0,-1,-1,-1,-1,-1,-1
8hpf_0,-1,-1,-1,-1,-1,-1
8hpf_1,-1,-1,-1,263,92,-1
8hwt_0,-1,-1,-1,263,92,-1
8hwt_1,-1,-1,-1,-1,-1,-1
8jys_0,-1,-1,-1,-1,-1,-1
8suo_0,-1,-1,-1,-1,-1,-1
8zc1_0,-1,-1,-1,-1,-1,-1
9lbs_0,-1,-1,-1,-1,-1,-1
9lbs_1,-1,-1,-1,-1,-1,-1
9lbs_2,-1,-1,-1,-1,-1,-1
6opa_0,-1,-1,-1,-1,-1,-1
3kj6_0,-1,-1,-1,-1,-1,-1
6x5b_2,-1,-1,-1,-1,-1,-1
6wxl_1,-1,-1,-1,-1,-1,-1
7chh_2,-1,-1,-1,-1,-1,-1
5cws_1,-1,-1,-1,-1,-1,-1
4uao_0,-1,-1,-1,-1,-1,-1
6wzk_0,-1,-1,-1,-1,-1,-1
6ey6_3,-1,-1,-1,-1,-1,-1
3uaj_1,-1,-1,-1,-1,-1,-1
5aaw_4,-1,-1,-1,-1,-1,-1
5aam_1,-1,-1,-1,-1,-1,-1
4ij3_0,-1,-1,-1,-1,-1,-1
6sge_0,-1,-1,-1,-1,-1,-1
7pqg_0,-1,-1,-1,-1,-1,-1
7pqq_0,-1,-1,-1,-1,-1,-1
7m6e_2,-1,-1,-1,-1,-1,-1
7kml_2,-1,-1,-1,-1,-1,-1
3nh7_2,-1,-1,-1,-1,-1,-1
3u9p_1,-1,-1,-1,-1,-1,-1
5iwl_1,-1,-1,-1,-1,-1,-1
2w9e_0,-1,-1,-1,-1,-1,-1
4dgi_0,-1,-1,-1,-1,-1,-1
4kml_0,243,-1,-1,264,-1,-1
4n9o_0,243,-1,-1,264,-1,-1
7mep_0,-1,-1,-1,-1,-1,-1
7mep_1,-1,-1,-1,-1,-1,-1
7mep_2,-1,-1,-1,-1,-1,-1
7mep_3,-1,-1,-1,-1,-1,-1
7wly_1,-1,-1,-1,-1,-1,-1
7wlz_0,-1,-1,-1,-1,-1,-1
1fbi_0,-1,-1,-1,-1,-1,-1
6oyh_3,-1,-1,-1,-1,-1,-1
9b70_0,-1,-1,-1,-1,-1,-1
9b71_1,-1,-1,-1,-1,-1,-1
7te6_1,-1,-1,-1,-1,-1,-1
7ew1_0,-1,-1,-1,-1,-1,-1
7rky_0,244,-1,-1,265,-1,-1
7srr_0,244,-1,-1,265,-1,-1
7xw9_0,244,-1,-1,265,-1,-1
7s8l_0,244,-1,-1,265,-1,-1
7s8n_0,244,-1,-1,265,-1,-1
7yu3_0,245,-1,-1,266,-1,-1
7yu5_0,245,-1,-1,266,-1,-1
7yu6_0,245,-1,-1,266,-1,-1
7y26_0,245,-1,-1,266,-1,-1
7y27_0,245,-1,-1,266,-1,-1
8e9y_0,246,-1,-1,267,-1,-1
8ejc_0,246,-1,-1,267,-1,-1
8fn0_0,-1,-1,-1,-1,-1,-1
8hcq_0,-1,-1,-1,-1,-1,-1
8hcx_0,-1,-1,-1,-1,-1,-1
8jzz_0,-1,-1,-1,-1,-1,-1
8tyw_0,-1,-1,-1,-1,-1,-1
8w8w_0,-1,-1,-1,-1,-1,-1
8w8x_0,-1,-1,-1,-1,-1,-1
8w8y_0,-1,-1,-1,-1,-1,-1
8wst_0,-1,-1,-1,-1,-1,-1
9jr2_0,247,-1,-1,268,-1,-1
9jr3_0,247,-1,-1,268,-1,-1
9u4w_0,247,-1,-1,268,-1,-1
9as8_0,247,-1,-1,268,-1,-1
6u59_0,-1,-1,-1,-1,-1,-1
1ncd_0,-1,-1,-1,-1,-1,-1
1nmb_0,-1,-1,-1,-1,-1,-1
5vxj_2,-1,-1,-1,-1,-1,-1
5vxk_0,-1,-1,-1,-1,-1,-1
5vxl_0,-1,-1,-1,-1,-1,-1
6qx3_0,-1,-1,-1,-1,-1,-1
7my2_2,-1,-1,-1,-1,-1,-1
6cnj_1,-1,-1,-1,-1,-1,-1
6cnk_1,-1,-1,-1,-1,-1,-1
4g7v_0,-1,-1,-1,-1,-1,-1
4g7y_0,-1,-1,-1,-1,-1,-1
4hf5_0,-1,-1,-1,-1,-1,-1
4hlz_0,-1,-1,-1,-1,-1,-1
5czv_0,-1,-1,-1,-1,-1,-1
5jyl_1,-1,-1,-1,-1,-1,-1
5jym_1,-1,-1,-1,-1,-1,-1
6ztr_0,-1,-1,-1,-1,-1,-1
6iuv_1,-1,-1,-1,-1,-1,-1
7e7e_1,-1,-1,-1,-1,-1,-1
7v61_1,-1,-1,-1,-1,-1,-1
8e7m_0,-1,-1,-1,-1,-1,-1
7mw2_1,-1,-1,-1,-1,-1,-1
7mw4_2,-1,-1,-1,-1,-1,-1
6dfh_0,-1,-1,-1,-1,-1,-1
6mjz_0,-1,-1,-1,-1,-1,-1
7d3s_0,-1,-1,-1,-1,-1,-1
4xnq_1,-1,-1,-1,-1,-1,-1
3hpl_0,-1,-1,-1,-1,-1,-1
6l62_0,-1,-1,-1,-1,-1,-1
6gjs_0,-1,-1,-1,-1,-1,-1
6gjs_1,-1,-1,-1,-1,-1,-1
6gk4_0,-1,-1,-1,-1,-1,-1
6gk4_1,-1,-1,-1,-1,-1,-1
6gk4_2,-1,-1,-1,-1,-1,-1
6gk4_3,-1,-1,-1,-1,-1,-1
6gkd_2,-1,-1,-1,-1,-1,-1
6gkd_3,-1,-1,-1,-1,-1,-1
2bdn_0,-1,-1,-1,-1,-1,-1
4dn4_0,-1,-1,-1,-1,-1,-1
7bpk_1,-1,-1,-1,-1,-1,-1
5c7x_1,-1,-1,-1,-1,-1,-1
5d71_0,248,-1,-1,269,-1,-1
5d70_0,248,-1,-1,269,-1,-1
5d72_1,-1,-1,-1,-1,-1,-1
6bfq_0,-1,-1,-1,-1,-1,-1
6bfs_0,-1,-1,-1,-1,-1,-1
6nb4_0,-1,-1,-1,-1,-1,-1
6nb3_0,-1,-1,-1,-1,-1,-1
1wej_0,-1,-1,-1,-1,-1,-1
6n5b_0,-1,-1,-1,-1,-1,-1
6dc3_0,-1,-1,-1,-1,-1,-1
4wem_0,-1,-1,-1,-1,-1,-1
6oel_0,-1,-1,-1,-1,-1,-1
8k4q_0,-1,-1,-1,-1,-1,-1
4ye4_0,-1,-1,-1,-1,-1,-1
4x7c_1,-1,-1,-1,-1,-1,-1
5hj3_3,-1,-1,-1,-1,-1,-1
5kel_0,-1,-1,-1,-1,-1,-1
5kel_1,-1,-1,-1,-1,-1,-1
5kel_2,-1,-1,-1,-1,-1,-1
5kel_3,-1,-1,-1,-1,-1,-1
5kel_4,-1,-1,-1,-1,-1,-1
5kel_5,-1,-1,-1,-1,-1,-1
5ken_0,-1,-1,-1,-1,-1,-1
5ken_1,-1,-1,-1,-1,-1,-1
5ken_2,-1,-1,-1,-1,-1,-1
5ken_3,-1,-1,-1,-1,-1,-1
5ken_4,-1,-1,-1,-1,-1,-1
6eay_0,-1,-1,-1,-1,-1,-1
6mam_0,-1,-1,-1,-1,-1,-1
6oz9_0,-1,-1,-1,-1,-1,-1
7m8l_0,-1,-1,-1,-1,-1,-1
7m8l_4,-1,-1,-1,-1,-1,-1
7m8l_5,-1,-1,-1,-1,-1,-1
7swd_1,-1,-1,-1,-1,-1,-1
7swd_2,-1,-1,-1,-1,-1,-1
7swd_3,-1,-1,-1,-1,-1,-1
7tn9_0,-1,-1,-1,-1,-1,-1
7tn9_1,-1,-1,-1,-1,-1,-1
7tn9_2,-1,-1,-1,-1,-1,-1
7tn9_5,-1,-1,-1,-1,-1,-1
7tn9_6,-1,-1,-1,-1,-1,-1
8dpl_0,-1,-1,-1,-1,-1,-1
8dpl_1,-1,-1,-1,-1,-1,-1
8dpl_2,-1,-1,-1,-1,-1,-1
8dpl_3,-1,-1,-1,-1,-1,-1
8dpl_4,-1,-1,-1,-1,-1,-1
8dpl_5,-1,-1,-1,-1,-1,-1
8dpm_0,-1,-1,-1,-1,-1,-1
8dpm_1,-1,-1,-1,-1,-1,-1
8dpm_2,-1,-1,-1,-1,-1,-1
8dpm_3,-1,-1,-1,-1,-1,-1
8dpm_4,-1,-1,-1,-1,-1,-1
8dpm_5,-1,-1,-1,-1,-1,-1
5zuf_0,-1,-1,-1,-1,-1,-1
5e0q_0,-1,-1,-1,-1,-1,-1
9mla_0,-1,-1,-1,-1,-1,-1
9h6v_0,-1,-1,-1,-1,-1,-1
9h6v_1,-1,-1,-1,-1,-1,-1
9h6v_2,-1,-1,-1,-1,-1,-1
9h6v_3,-1,-1,-1,-1,-1,-1
9kod_2,-1,-1,-1,-1,-1,-1
9o54_0,-1,-1,-1,-1,-1,-1
6t3f_0,-1,-1,-1,-1,-1,-1
8rvn_0,-1,-1,-1,-1,-1,-1
8xn9_2,-1,-1,-1,-1,-1,-1
8xnh_1,-1,-1,-1,-1,-1,-1
9b9e_0,-1,-1,-1,-1,-1,-1
9ua9_1,-1,-1,-1,-1,-1,-1
9uaa_1,-1,-1,-1,-1,-1,-1
9ipb_0,-1,-1,-1,-1,-1,-1
9gry_0,-1,-1,-1,-1,-1,-1
9gu1_0,-1,-1,-1,-1,-1,-1
9jh5_0,-1,-1,-1,-1,-1,-1
9fik_0,-1,-1,-1,-1,-1,-1
8vee_0,-1,-1,-1,-1,-1,-1
8ykt_0,-1,-1,-1,-1,-1,-1
8vqf_0,-1,-1,-1,-1,-1,-1
9npi_0,-1,-1,-1,-1,-1,-1
9bu6_0,-1,-1,-1,-1,-1,-1
8jin_0,-1,-1,-1,-1,-1,-1
8jin_1,-1,-1,-1,-1,-1,-1
8kdr_0,-1,-1,-1,-1,-1,-1
8keh_1,-1,-1,-1,-1,-1,-1
8kej_0,-1,-1,-1,-1,-1,-1
8keq_0,-1,-1,-1,-1,-1,-1
8ker_1,-1,-1,-1,-1,-1,-1
8pq2_0,-1,-1,-1,-1,-1,-1
8xe9_0,-1,-1,-1,-1,-1,-1
8xef_0,-1,-1,-1,-1,-1,-1
8xef_1,-1,-1,-1,-1,-1,-1
8q7o_0,-1,-1,-1,-1,-1,-1
9bir_0,-1,-1,-1,-1,-1,-1
8ghk_0,-1,-1,-1,-1,-1,-1
8hld_0,-1,-1,-1,-1,-1,-1
8jf7_2,-1,-1,-1,-1,-1,-1
8hc2_0,-1,-1,-1,-1,-1,-1
8hc3_1,-1,-1,-1,-1,-1,-1
8hc9_1,-1,-1,-1,-1,-1,-1
8hca_1,-1,-1,-1,-1,-1,-1
8hcb_1,-1,-1,-1,-1,-1,-1
8dl8_0,-1,-1,-1,-1,-1,-1
7swx_0,-1,-1,-1,-1,-1,-1
7x08_0,-1,-1,-1,-1,-1,-1
7ubx_1,-1,-1,-1,-1,-1,-1
7ugo_0,-1,-1,-1,-1,-1,-1
7ugo_1,-1,-1,-1,-1,-1,-1
7ugo_2,-1,-1,-1,-1,-1,-1
7ugo_3,-1,-1,-1,-1,-1,-1
7ugo_4,-1,-1,-1,-1,-1,-1
7ugo_5,-1,-1,-1,-1,-1,-1
7sqw_0,-1,-1,-1,-1,-1,-1
8dke_0,249,-1,-1,270,-1,-1
8dki_0,249,-1,-1,270,-1,-1
8dkm_0,249,-1,-1,270,-1,-1
7tug_0,-1,-1,-1,-1,-1,-1
8dlw_2,-1,-1,-1,-1,-1,-1
7yhk_0,-1,-1,-1,-1,-1,-1
7xke_0,-1,-1,-1,-1,-1,-1
7tz5_1,-1,-1,-1,-1,-1,-1
7tlz_0,-1,-1,-1,-1,-1,-1
7tm0_1,-1,-1,-1,-1,-1,-1
7tm0_2,-1,-1,-1,-1,-1,-1
1xct_1,-1,-1,-1,-1,-1,-1
5ebl_0,250,-1,-1,271,-1,-1
5ebm_0,250,-1,-1,271,-1,-1
6dzm_1,-1,-1,-1,-1,-1,-1
7kew_0,-1,-1,-1,-1,-1,-1
7kfe_0,-1,-1,-1,-1,-1,-1
7kfh_0,-1,-1,-1,-1,-1,-1
6w03_0,-1,-1,-1,-1,-1,-1
7p5v_3,-1,-1,-1,-1,-1,-1
8b41_1,-1,-1,-1,-1,-1,-1
4fqy_0,-1,-1,-1,-1,-1,-1
4nm8_0,-1,-1,-1,-1,-1,-1
7wwl_0,-1,-1,-1,-1,-1,-1
7wwm_1,-1,-1,-1,-1,-1,-1
1afv_0,-1,-1,-1,-1,-1,-1
3ezj_1,-1,-1,-1,-1,-1,-1
6k3m_0,-1,-1,-1,-1,-1,-1
6elu_3,-1,-1,-1,-1,-1,-1
7rso_1,-1,-1,-1,-1,-1,-1
4d9r_0,-1,-1,-1,-1,-1,-1
6vmj_1,-1,-1,-1,-1,-1,-1
7q0i_1,-1,-1,-1,-1,-1,-1
7wd0_1,-1,-1,-1,-1,-1,-1
7wcz_0,-1,-1,-1,-1,-1,-1
7wd7_0,-1,-1,-1,-1,-1,-1
6n4r_1,-1,-1,-1,-1,-1,-1
6n81_0,-1,-1,-1,-1,-1,-1
6n8d_0,-1,-1,-1,-1,-1,-1
7apj_0,-1,-1,-1,-1,-1,-1
7mnl_0,-1,-1,-1,-1,-1,-1
7nd0_0,-1,-1,-1,-1,-1,-1
6xp6_0,-1,-1,-1,-1,-1,-1
5ibl_1,-1,-1,-1,-1,-1,-1
4mqx_1,-1,-1,-1,-1,-1,-1
3uc0_0,-1,-1,-1,-1,-1,-1
5utz_1,-1,-1,-1,-1,-1,-1
6ye3_1,-1,-1,-1,-1,-1,-1
7dr4_0,-1,-1,-1,-1,-1,-1
8sow_0,-1,-1,-1,-1,-1,-1
8soz_0,-1,-1,-1,-1,-1,-1
6x07_0,-1,-1,-1,-1,-1,-1
4aei_0,-1,-1,-1,-1,-1,-1
6vo0_0,-1,-1,-1,-1,-1,-1
7kq7_0,-1,-1,-1,-1,-1,-1
6pt0_0,-1,-1,-1,-1,-1,-1
3etb_3,-1,-1,-1,-1,-1,-1
7o85_2,-1,-1,-1,-1,-1,-1
4wv1_0,-1,-1,-1,-1,-1,-1
1ymh_1,-1,-1,-1,-1,-1,-1
5udd_1,-1,-1,-1,-1,-1,-1
2q8a_0,-1,-1,-1,-1,-1,-1
5y2m_0,-1,-1,-1,-1,-1,-1
2xqb_0,-1,-1,-1,-1,-1,-1
2qad_0,-1,-1,-1,-1,-1,-1
7kxj_0,-1,-1,-1,-1,-1,-1
5vkd_0,-1,-1,-1,-1,-1,-1
6wix_0,-1,-1,-1,-1,-1,-1
3k7u_0,-1,-1,-1,-1,-1,-1
3k80_1,-1,-1,-1,-1,-1,-1
3k81_1,-1,-1,-1,-1,-1,-1
3stb_1,-1,-1,-1,-1,-1,-1
7s8h_1,-1,-1,-1,-1,-1,-1
4kht_0,251,-1,-1,272,-1,-1
4khx_0,251,-1,-1,272,-1,-1
7aej_0,-1,-1,-1,-1,-1,-1
7o06_0,-1,-1,-1,-1,-1,-1
7o0s_0,-1,-1,-1,-1,-1,-1
7o3b_0,-1,-1,-1,-1,-1,-1
7tyv_2,-1,-1,-1,-1,-1,-1
3gi9_0,-1,-1,-1,-1,-1,-1
3ubx_1,-1,-1,-1,-1,-1,-1
4ogy_0,252,-1,-1,273,-1,-1
4ogx_0,252,-1,-1,273,-1,-1
7epb_0,-1,-1,-1,-1,-1,-1
4edw_0,253,82,-1,274,93,-1
4edx_1,253,82,-1,274,93,-1
5jz7_2,-1,-1,-1,-1,-1,-1
2nr6_1,-1,-1,-1,-1,-1,-1
3liz_0,-1,-1,-1,-1,-1,-1
5vpl_0,-1,-1,-1,-1,-1,-1
3r08_0,-1,-1,-1,-1,-1,-1
4lsv_0,-1,-1,-1,-1,-1,-1
7ri1_0,-1,-1,-1,-1,-1,-1
6hjq_1,-1,-1,-1,-1,-1,-1
6hjp_2,-1,-1,-1,-1,-1,-1
6uyf_0,-1,-1,-1,-1,-1,-1
6vyh_0,254,-1,-1,275,-1,-1
6wik_0,254,-1,-1,275,-1,-1
6vgr_0,-1,-1,-1,-1,-1,-1
7m3i_1,-1,-1,-1,-1,-1,-1
7m71_0,-1,-1,-1,-1,-1,-1
7m7b_0,-1,-1,-1,-1,-1,-1
3wih_0,-1,-1,-1,-1,-1,-1
7vag_0,-1,-1,-1,-1,-1,-1
7vad_0,-1,-1,-1,-1,-1,-1
6gku_0,-1,-1,-1,-1,-1,-1
6glw_1,-1,-1,-1,-1,-1,-1
6glx_0,-1,-1,-1,-1,-1,-1
7daa_0,-1,-1,-1,-1,-1,-1
7n01_0,-1,-1,-1,-1,-1,-1
9ebi_0,-1,-1,-1,-1,-1,-1
9nrc_0,-1,-1,-1,-1,-1,-1
9nrc_1,-1,-1,-1,-1,-1,-1
9f90_0,-1,-1,-1,-1,-1,-1
8ror_0,-1,-1,-1,-1,-1,-1
8tmq_0,-1,-1,-1,-1,-1,-1
7yvf_0,-1,-1,-1,-1,-1,-1
7yvh_0,-1,-1,-1,-1,-1,-1
7yvj_0,-1,-1,-1,-1,-1,-1
7yvl_0,-1,-1,-1,-1,-1,-1
7yvm_0,-1,-1,-1,-1,-1,-1
7zxu_0,-1,-1,-1,-1,-1,-1
7zxu_1,-1,-1,-1,-1,-1,-1
8gpy_1,-1,-1,-1,-1,-1,-1
8hpu_0,-1,-1,-1,-1,-1,-1
8hws_0,255,83,-1,276,94,-1
8hpu_1,255,83,-1,276,94,-1
8hws_1,-1,-1,-1,-1,-1,-1
8hws_2,-1,-1,-1,-1,-1,-1
8ix3_0,-1,-1,-1,-1,-1,-1
8qh1_0,256,84,-1,277,95,-1
8j1t_0,256,84,-1,277,95,-1
8wfh_0,-1,-1,-1,-1,-1,-1
8xsd_2,-1,-1,-1,-1,-1,-1
8xsj_0,-1,-1,-1,-1,-1,-1
8ywx_0,-1,-1,-1,278,96,-1
8z86_0,-1,-1,-1,278,96,-1
8zc5_1,-1,-1,-1,-1,-1,-1
8zpp_0,-1,-1,-1,-1,-1,-1
9co7_1,-1,-1,-1,-1,-1,-1
9ct0_0,-1,-1,-1,-1,-1,-1
8w3r_0,-1,-1,-1,-1,-1,-1
8vti_0,-1,-1,-1,-1,-1,-1
9b2w_0,-1,-1,-1,-1,-1,-1
9dzq_0,-1,-1,-1,-1,-1,-1
9dzq_1,-1,-1,-1,-1,-1,-1
9dzq_2,-1,-1,-1,-1,-1,-1
9dzq_3,-1,-1,-1,-1,-1,-1
9dzq_4,-1,-1,-1,-1,-1,-1
9dzq_5,-1,-1,-1,-1,-1,-1
9co8_2,-1,-1,-1,-1,-1,-1
9co9_1,-1,-1,-1,-1,-1,-1
8z6x_0,-1,-1,-1,-1,-1,-1
9atm_0,-1,-1,-1,-1,-1,-1
9atm_1,-1,-1,-1,-1,-1,-1
8sar_1,-1,-1,-1,-1,-1,-1
8sas_0,-1,-1,-1,-1,-1,-1
8sau_0,-1,-1,-1,-1,-1,-1
8saw_0,-1,-1,-1,-1,-1,-1
8say_1,-1,-1,-1,-1,-1,-1
8saz_0,-1,-1,-1,-1,-1,-1
8sb0_0,-1,-1,-1,-1,-1,-1
8sb1_0,-1,-1,-1,-1,-1,-1
8sb2_0,-1,-1,-1,-1,-1,-1
8sb3_0,-1,-1,-1,-1,-1,-1
8sb4_0,-1,-1,-1,-1,-1,-1
8sb5_1,-1,-1,-1,-1,-1,-1
8vgw_0,-1,-1,-1,-1,-1,-1
8w4f_1,-1,-1,-1,-1,-1,-1
8vvl_0,-1,-1,-1,-1,-1,-1
8av2_0,-1,-1,-1,-1,-1,-1
8c0y_0,-1,-1,-1,-1,-1,-1
8smn_0,-1,-1,-1,-1,-1,-1
6e56_1,-1,-1,-1,-1,-1,-1
6n5d_0,-1,-1,-1,-1,-1,-1
6n5e_1,-1,-1,-1,-1,-1,-1
6xpx_0,-1,-1,-1,-1,-1,-1
8g5a_0,-1,-1,-1,-1,-1,-1
8g5b_0,-1,-1,-1,-1,-1,-1
8g5b_1,-1,-1,-1,-1,-1,-1
8g5b_2,-1,-1,-1,-1,-1,-1
8jhb_0,-1,-1,-1,-1,-1,-1
8q7s_0,-1,-1,-1,-1,-1,-1
8q7s_1,-1,-1,-1,-1,-1,-1
8q7s_2,-1,-1,-1,-1,-1,-1
8q7s_3,-1,-1,-1,-1,-1,-1
8q7s_4,-1,-1,-1,-1,-1,-1
8q7s_5,-1,-1,-1,-1,-1,-1
8q7s_6,-1,-1,-1,-1,-1,-1
8q7s_7,-1,-1,-1,-1,-1,-1
8q7s_8,-1,-1,-1,-1,-1,-1
8q7s_9,-1,-1,-1,-1,-1,-1
8q93_0,-1,-1,-1,-1,-1,-1
8q93_1,-1,-1,-1,-1,-1,-1
8hbg_0,-1,-1,-1,-1,-1,-1
8hbj_0,-1,-1,-1,-1,-1,-1
8heg_0,-1,-1,-1,-1,-1,-1
8oxw_0,-1,-1,-1,-1,-1,-1
6x05_0,-1,-1,-1,-1,-1,-1
8t06_0,-1,-1,-1,-1,-1,-1
7z1x_2,-1,-1,-1,-1,-1,-1
7z1x_3,-1,-1,-1,-1,-1,-1
8p7w_0,-1,-1,-1,-1,-1,-1
8p7w_1,-1,-1,-1,-1,-1,-1
5njg_0,-1,-1,-1,-1,-1,-1
8p7w_2,-1,-1,-1,-1,-1,-1
8p7w_3,-1,-1,-1,-1,-1,-1
8dpz_0,-1,-1,-1,-1,-1,-1
7zoz_0,-1,-1,-1,-1,-1,-1
7wt7_0,-1,-1,-1,-1,-1,-1
7wt8_1,-1,-1,-1,-1,-1,-1
7wti_0,-1,-1,-1,-1,-1,-1
7stf_0,-1,-1,-1,-1,-1,-1
8vr9_0,-1,-1,-1,-1,-1,-1
8ejk_0,-1,-1,-1,-1,-1,-1
8g2y_0,-1,-1,-1,-1,-1,-1
7uja_0,-1,-1,-1,-1,-1,-1
7uja_1,-1,-1,-1,-1,-1,-1
7uja_2,-1,-1,-1,-1,-1,-1
7uja_3,-1,-1,-1,-1,-1,-1
7uja_4,-1,-1,-1,-1,-1,-1
7uja_5,-1,-1,-1,-1,-1,-1
7rfp_0,-1,-1,-1,-1,-1,-1
5ggv_0,-1,-1,-1,-1,-1,-1
5tru_0,257,85,-1,279,97,-1
5xj3_0,257,85,-1,279,97,-1
6rp8_1,257,85,-1,279,97,-1
6rpj_0,-1,-1,-1,-1,-1,-1
6rqm_0,-1,-1,-1,-1,-1,-1
6xy2_0,-1,-1,-1,-1,-1,-1
7dv4_2,-1,-1,-1,-1,-1,-1
7elx_1,258,86,-1,280,98,-1
7su0_1,258,86,-1,280,98,-1
7su1_0,-1,-1,-1,-1,-1,-1
8hit_0,-1,-1,-1,-1,-1,-1
9dq3_0,-1,-1,-1,-1,-1,-1
5k59_0,-1,-1,-1,-1,-1,-1
7t87_0,-1,-1,-1,-1,-1,-1
8ddk_0,-1,-1,-1,-1,-1,-1
8efl_0,259,-1,-1,281,-1,-1
8ef6_0,259,-1,-1,281,-1,-1
8f7q_0,259,-1,-1,281,-1,-1
7t9a_2,-1,-1,-1,-1,-1,-1
7t9a_3,-1,-1,-1,-1,-1,-1
7y9t_1,-1,-1,-1,-1,-1,-1
8dlz_0,-1,-1,-1,-1,-1,-1
8a1e_0,-1,-1,-1,-1,-1,-1
8a1e_1,-1,-1,-1,-1,-1,-1
8cyc_1,-1,-1,-1,-1,-1,-1
7t4r_1,-1,-1,-1,-1,-1,-1
7t4q_0,-1,-1,-1,-1,-1,-1
7t4r_2,-1,-1,-1,-1,-1,-1
7tm0_3,-1,-1,-1,-1,-1,-1
7tm0_5,-1,-1,-1,-1,-1,-1
7p77_0,-1,-1,-1,-1,-1,-1
7p77_1,-1,-1,-1,-1,-1,-1
7p77_2,-1,-1,-1,-1,-1,-1
7p77_3,-1,-1,-1,-1,-1,-1
7p77_4,-1,-1,-1,-1,-1,-1
7p77_5,-1,-1,-1,-1,-1,-1
7p78_0,-1,-1,-1,-1,-1,-1
7p78_2,-1,-1,-1,-1,-1,-1
7p78_3,-1,-1,-1,-1,-1,-1
7p78_4,-1,-1,-1,-1,-1,-1
7p79_2,-1,-1,-1,-1,-1,-1
5b8c_0,-1,-1,-1,-1,-1,-1
5ggr_1,-1,-1,-1,-1,-1,-1
5ggs_0,-1,-1,-1,-1,-1,-1
5jxe_1,-1,-1,-1,-1,-1,-1
6hig_0,-1,-1,-1,-1,-1,-1
6k0y_0,-1,-1,-1,-1,-1,-1
7bxa_1,-1,-1,-1,-1,-1,-1
7vux_0,260,87,-1,282,99,-1
7wsl_0,260,87,-1,282,99,-1
8gy5_1,260,87,-1,282,99,-1
8u31_0,-1,-1,-1,-1,-1,-1
8u32_0,-1,-1,-1,-1,-1,-1
9hk1_1,-1,-1,-1,-1,-1,-1
6rcv_0,-1,-1,-1,-1,-1,-1
6rcv_1,-1,-1,-1,-1,-1,-1
6bit_1,-1,-1,-1,-1,-1,-1
7st5_0,-1,-1,-1,-1,-1,-1
7fjo_0,-1,-1,-1,-1,-1,-1
4yqx_0,-1,-1,-1,-1,-1,-1
4yue_0,-1,-1,-1,-1,-1,-1
5jqh_0,-1,-1,-1,-1,-1,-1
6k69_0,-1,-1,-1,-1,-1,-1
3nfp_0,-1,-1,-1,-1,-1,-1
4xx1_0,-1,-1,-1,283,-1,-1
5bv7_0,-1,-1,-1,283,-1,-1
5bv7_1,-1,-1,-1,-1,-1,-1
5umi_0,-1,-1,-1,-1,-1,-1
5umi_1,-1,-1,-1,-1,-1,-1
8yvj_0,-1,-1,-1,-1,-1,-1
8yvo_0,-1,-1,-1,-1,-1,-1
2jix_1,-1,-1,-1,-1,-1,-1
8vui_0,-1,-1,-1,-1,-1,-1
8vvm_0,-1,-1,-1,-1,-1,-1
8vvm_1,-1,-1,-1,-1,-1,-1
8vvo_0,-1,-1,-1,-1,-1,-1
8vvo_1,-1,-1,-1,-1,-1,-1
6gv4_0,-1,-1,-1,-1,-1,-1
6u6u_0,-1,-1,-1,-1,-1,-1
6yu8_0,-1,-1,-1,-1,-1,-1
7ttm_0,-1,-1,-1,-1,-1,-1
9c24_1,-1,-1,-1,-1,-1,-1
5l8j_0,-1,-1,-1,-1,-1,-1
9fyt_1,-1,-1,-1,-1,-1,-1
9gcn_3,-1,-1,-1,-1,-1,-1
